,season_id,team_id_home,team_abbreviation_home,team_name_home,game_id,game_date,matchup_home,wl_home,min,fgm_home,fga_home,fg_pct_home,fg3m_home,fg3a_home,fg3_pct_home,ftm_home,fta_home,ft_pct_home,oreb_home,dreb_home,reb_home,ast_home,stl_home,blk_home,tov_home,pf_home,pts_home,plus_minus_home,video_available_home,team_id_away,team_abbreviation_away,team_name_away,matchup_away,wl_away,fgm_away,fga_away,fg_pct_away,fg3m_away,fg3a_away,fg3_pct_away,ftm_away,fta_away,ft_pct_away,oreb_away,dreb_away,reb_away,ast_away,stl_away,blk_away,tov_away,pf_away,pts_away,plus_minus_away,video_available_away,season_type,league_id,team_city_home,pts_paint_home,pts_2nd_chance_home,pts_fb_home,largest_lead_home,lead_changes,times_tied,team_turnovers_home,total_turnovers_home,team_rebounds_home,pts_off_to_home,team_city_away,pts_paint_away,pts_2nd_chance_away,pts_fb_away,largest_lead_away,team_turnovers_away,total_turnovers_away,team_rebounds_away,pts_off_to_away,attendance,game_time,win
0,22021,1610612749,MIL,Milwaukee Bucks,0022100001,2021-10-19 00:00:00,MIL vs. BKN,W,240,48.0,105.0,0.457,17.0,45.0,0.378,14.0,18.0,0.778,13.0,41.0,54.0,25.0,8.0,9.0,8.0,19.0,127.0,23,1,1610612751,BKN,Brooklyn Nets,BKN @ MIL,L,37.0,84.0,0.44,17.0,32.0,0.531,13.0,23.0,0.565,5.0,39.0,44.0,19.0,3.0,9.0,13.0,17.0,104.0,-23,1,Regular Season,00,Brooklyn,34,6,15,2,1,1,1,13,12,22,Milwaukee,42,16,21,23,1,8,8,2,17341.0,2:20,1
1,22021,1610612757,POR,Portland Trail Blazers,0022100013,2021-10-20 00:00:00,POR vs. SAC,L,240,45.0,93.0,0.484,12.0,35.0,0.343,19.0,22.0,0.864,9.0,40.0,49.0,25.0,5.0,5.0,13.0,22.0,121.0,-3,1,1610612758,SAC,Sacramento Kings,SAC @ POR,W,42.0,92.0,0.457,17.0,41.0,0.415,23.0,29.0,0.793,7.0,36.0,43.0,24.0,6.0,4.0,10.0,22.0,124.0,3,1,Regular Season,00,Sacramento,46,12,20,18,5,3,0,10,7,9,Portland,58,11,2,3,1,13,8,18,17467.0,2:18,0
2,22021,1610612756,PHX,Phoenix Suns,0022100012,2021-10-20 00:00:00,PHX vs. DEN,L,240,36.0,87.0,0.414,14.0,37.0,0.378,12.0,17.0,0.706,11.0,34.0,45.0,23.0,9.0,3.0,18.0,18.0,98.0,-12,1,1610612743,DEN,Denver Nuggets,DEN @ PHX,W,44.0,83.0,0.53,17.0,39.0,0.436,5.0,9.0,0.556,6.0,40.0,46.0,25.0,9.0,1.0,19.0,20.0,110.0,12,1,Regular Season,00,Denver,42,13,18,15,14,2,2,19,3,22,Phoenix,34,11,10,16,0,18,5,27,16074.0,2:09,0
3,22021,1610612750,MIN,Minnesota Timberwolves,0022100008,2021-10-20 00:00:00,MIN vs. HOU,W,240,42.0,87.0,0.483,16.0,38.0,0.421,24.0,31.0,0.774,13.0,33.0,46.0,26.0,18.0,12.0,18.0,22.0,124.0,18,1,1610612745,HOU,Houston Rockets,HOU @ MIN,L,40.0,88.0,0.455,11.0,33.0,0.333,15.0,22.0,0.682,12.0,29.0,41.0,21.0,13.0,3.0,24.0,25.0,106.0,-18,1,Regular Season,00,Minnesota,50,15,31,35,2,2,0,18,7,21,Houston,58,17,13,4,0,24,13,38,16079.0,2:13,1
4,22021,1610612763,MEM,Memphis Grizzlies,0022100007,2021-10-20 00:00:00,MEM vs. CLE,W,240,53.0,100.0,0.53,14.0,33.0,0.424,12.0,12.0,1.0,13.0,40.0,53.0,28.0,8.0,8.0,12.0,15.0,132.0,11,1,1610612739,CLE,Cleveland Cavaliers,CLE @ MEM,L,47.0,93.0,0.505,14.0,38.0,0.368,13.0,18.0,0.722,7.0,29.0,36.0,38.0,6.0,5.0,11.0,17.0,121.0,-11,1,Regular Season,00,Cleveland,54,7,23,4,9,3,1,11,5,17,Memphis,70,13,22,16,2,12,4,12,15975.0,2:07,1
5,22021,1610612762,UTA,Utah Jazz,0022100011,2021-10-20 00:00:00,UTA vs. OKC,W,240,40.0,91.0,0.44,14.0,47.0,0.298,13.0,15.0,0.867,12.0,41.0,53.0,18.0,6.0,5.0,10.0,19.0,107.0,21,1,1610612760,OKC,Oklahoma City Thunder,OKC @ UTA,L,34.0,91.0,0.374,7.0,35.0,0.2,11.0,18.0,0.611,15.0,35.0,50.0,19.0,4.0,2.0,15.0,15.0,86.0,-21,1,Regular Season,00,Oklahoma City,46,11,10,2,1,0,1,15,8,13,Utah,50,15,0,26,0,10,6,13,18306.0,2:05,1
6,22021,1610612759,SAS,San Antonio Spurs,0022100010,2021-10-20 00:00:00,SAS vs. ORL,W,240,49.0,98.0,0.5,13.0,30.0,0.433,12.0,18.0,0.667,13.0,30.0,43.0,32.0,8.0,3.0,8.0,22.0,123.0,26,1,1610612753,ORL,Orlando Magic,ORL @ SAS,L,35.0,86.0,0.407,9.0,29.0,0.31,18.0,23.0,0.783,13.0,31.0,44.0,17.0,6.0,6.0,16.0,20.0,97.0,-26,1,Regular Season,00,Orlando,50,20,6,7,4,1,0,16,9,21,San Antonio,58,19,26,28,0,8,15,7,16697.0,2:13,1
7,22021,1610612740,NOP,New Orleans Pelicans,0022100009,2021-10-20 00:00:00,NOP vs. PHI,L,240,39.0,93.0,0.419,13.0,30.0,0.433,6.0,9.0,0.667,10.0,34.0,44.0,28.0,5.0,6.0,14.0,16.0,97.0,-20,1,1610612755,PHI,Philadelphia 76ers,PHI @ NOP,W,44.0,85.0,0.518,13.0,25.0,0.52,16.0,20.0,0.8,6.0,41.0,47.0,24.0,9.0,5.0,13.0,11.0,117.0,20,1,Regular Season,00,New Orleans,36,2,25,3,4,6,1,14,6,18,Philadelphia,50,6,29,27,1,13,5,9,12845.0,2:05,0
8,22021,1610612765,DET,Detroit Pistons,0022100004,2021-10-20 00:00:00,DET vs. CHI,L,240,36.0,90.0,0.4,6.0,28.0,0.214,10.0,13.0,0.769,11.0,36.0,47.0,17.0,7.0,5.0,17.0,16.0,88.0,-6,1,1610612741,CHI,Chicago Bulls,CHI @ DET,W,37.0,86.0,0.43,7.0,23.0,0.304,13.0,15.0,0.867,9.0,39.0,48.0,18.0,8.0,5.0,17.0,19.0,94.0,6,1,Regular Season,00,Detroit,52,8,6,9,8,10,1,17,5,22,Chicago,46,14,15,8,0,17,8,15,20088.0,2:10,0
9,22021,1610612761,TOR,Toronto Raptors,0022100006,2021-10-20 00:00:00,TOR vs. WAS,L,240,30.0,97.0,0.309,7.0,34.0,0.206,16.0,22.0,0.727,19.0,35.0,54.0,14.0,10.0,4.0,19.0,21.0,83.0,-15,1,1610612764,WAS,Washington Wizards,WAS @ TOR,W,36.0,81.0,0.444,5.0,27.0,0.185,21.0,26.0,0.808,7.0,44.0,51.0,20.0,14.0,8.0,22.0,17.0,98.0,15,1,Regular Season,00,Washington,56,11,8,29,1,2,1,22,11,17,Toronto,40,11,18,5,0,19,7,18,19800.0,2:15,0
10,22021,1610612737,ATL,Atlanta Hawks,0022100014,2021-10-21 00:00:00,ATL vs. DAL,W,240,45.0,94.0,0.479,15.0,35.0,0.429,8.0,9.0,0.889,6.0,49.0,55.0,31.0,8.0,9.0,13.0,16.0,113.0,26,1,1610612742,DAL,Dallas Mavericks,DAL @ ATL,L,31.0,93.0,0.333,13.0,43.0,0.302,12.0,13.0,0.923,10.0,40.0,50.0,16.0,7.0,3.0,15.0,21.0,87.0,-26,1,Regular Season,00,Atlanta,46,8,11,30,3,3,0,13,4,14,Dallas,26,2,7,8,0,15,4,9,17162.0,2:09,1
11,22021,1610612748,MIA,Miami Heat,0022100015,2021-10-21 00:00:00,MIA vs. MIL,W,240,51.0,96.0,0.531,15.0,35.0,0.429,20.0,31.0,0.645,11.0,47.0,58.0,28.0,8.0,2.0,11.0,26.0,137.0,42,1,1610612749,MIL,Milwaukee Bucks,MIL @ MIA,L,32.0,84.0,0.381,12.0,42.0,0.286,19.0,29.0,0.655,5.0,33.0,38.0,19.0,6.0,0.0,15.0,26.0,95.0,-42,1,Regular Season,00,Milwaukee,38,3,2,0,0,1,0,15,11,21,Miami,60,15,22,42,0,11,11,5,19600.0,2:21,1
12,22021,1610612758,SAC,Sacramento Kings,0022100026,2021-10-22 00:00:00,SAC vs. UTA,L,240,39.0,99.0,0.394,8.0,36.0,0.222,15.0,21.0,0.714,16.0,36.0,52.0,20.0,15.0,5.0,15.0,22.0,101.0,-9,1,1610612762,UTA,Utah Jazz,UTA @ SAC,W,37.0,90.0,0.411,16.0,42.0,0.381,20.0,23.0,0.87,13.0,38.0,51.0,16.0,14.0,3.0,19.0,17.0,110.0,9,1,Regular Season,00,Sacramento,54,13,18,9,9,6,0,15,10,20,Utah,40,21,14,11,2,19,9,23,17583.0,2:18,0
13,22021,1610612755,PHI,Philadelphia 76ers,0022100021,2021-10-22 00:00:00,PHI vs. BKN,L,240,43.0,91.0,0.473,14.0,36.0,0.389,9.0,11.0,0.818,5.0,30.0,35.0,17.0,8.0,9.0,10.0,21.0,109.0,-5,1,1610612751,BKN,Brooklyn Nets,BKN @ PHI,W,41.0,88.0,0.466,12.0,38.0,0.316,20.0,24.0,0.833,11.0,36.0,47.0,26.0,6.0,6.0,13.0,16.0,114.0,5,1,Regular Season,00,Brooklyn,40,15,12,5,1,1,1,13,11,19,Philadelphia,40,8,19,14,2,10,8,8,20367.0,2:22,0
14,22021,1610612738,BOS,Boston Celtics,0022100020,2021-10-22 00:00:00,BOS vs. TOR,L,240,32.0,82.0,0.39,11.0,34.0,0.324,8.0,11.0,0.727,10.0,32.0,42.0,19.0,6.0,12.0,25.0,19.0,83.0,-32,1,1610612761,TOR,Toronto Raptors,TOR @ BOS,W,42.0,100.0,0.42,10.0,35.0,0.286,21.0,21.0,1.0,21.0,39.0,60.0,22.0,16.0,2.0,12.0,13.0,115.0,32,1,Regular Season,00,Toronto,58,23,22,36,3,2,1,12,3,9,Boston,32,4,9,8,0,25,6,27,19156.0,2:05,0
15,22021,1610612747,LAL,Los Angeles Lakers,0022100025,2021-10-22 00:00:00,LAL vs. PHX,L,240,34.0,86.0,0.395,15.0,34.0,0.441,22.0,29.0,0.759,12.0,34.0,46.0,25.0,7.0,3.0,16.0,26.0,105.0,-10,1,1610612756,PHX,Phoenix Suns,PHX @ LAL,W,42.0,86.0,0.488,10.0,32.0,0.313,21.0,28.0,0.75,7.0,40.0,47.0,31.0,8.0,2.0,12.0,22.0,115.0,10,1,Regular Season,00,Los Angeles,26,11,5,7,6,4,0,16,8,15,Phoenix,52,5,5,32,1,12,9,19,18997.0,2:25,0
16,22021,1610612743,DEN,Denver Nuggets,0022100024,2021-10-22 00:00:00,DEN vs. SAS,W,240,44.0,86.0,0.512,9.0,30.0,0.3,5.0,8.0,0.625,8.0,33.0,41.0,26.0,10.0,2.0,21.0,21.0,102.0,6,1,1610612759,SAS,San Antonio Spurs,SAS @ DEN,L,40.0,84.0,0.476,6.0,24.0,0.25,10.0,14.0,0.714,7.0,32.0,39.0,24.0,11.0,2.0,20.0,17.0,96.0,-6,1,Regular Season,00,Denver,58,6,17,11,12,5,0,21,5,20,San Antonio,54,9,7,4,0,20,8,10,19520.0,2:06,1
17,22021,1610612741,CHI,Chicago Bulls,0022100022,2021-10-22 00:00:00,CHI vs. NOP,W,240,47.0,89.0,0.528,14.0,28.0,0.5,20.0,25.0,0.8,11.0,35.0,46.0,32.0,9.0,7.0,14.0,14.0,128.0,16,1,1610612740,NOP,New Orleans Pelicans,NOP @ CHI,L,42.0,87.0,0.483,15.0,29.0,0.517,13.0,16.0,0.813,9.0,33.0,42.0,26.0,7.0,5.0,17.0,20.0,112.0,-16,1,Regular Season,00,Chicago,54,18,24,30,0,2,0,14,5,21,New Orleans,44,10,16,0,1,17,2,27,20995.0,2:04,1
18,22021,1610612745,HOU,Houston Rockets,0022100023,2021-10-22 00:00:00,HOU vs. OKC,W,240,48.0,95.0,0.505,17.0,38.0,0.447,11.0,14.0,0.786,10.0,44.0,54.0,29.0,12.0,10.0,17.0,18.0,124.0,33,1,1610612760,OKC,Oklahoma City Thunder,OKC @ HOU,L,34.0,91.0,0.374,14.0,43.0,0.326,9.0,16.0,0.563,8.0,31.0,39.0,22.0,9.0,4.0,19.0,21.0,91.0,-33,1,Regular Season,00,Houston,58,21,17,35,0,0,0,17,10,14,Oklahoma City,34,11,13,0,0,19,11,21,15674.0,2:02,1
19,22021,1610612753,ORL,Orlando Magic,0022100018,2021-10-22 00:00:00,ORL vs. NYK,L,240,33.0,83.0,0.398,17.0,43.0,0.395,13.0,15.0,0.867,9.0,37.0,46.0,24.0,5.0,3.0,19.0,18.0,96.0,-25,1,1610612752,NYK,New York Knicks,NYK @ ORL,W,44.0,88.0,0.5,24.0,54.0,0.444,9.0,17.0,0.529,6.0,32.0,38.0,34.0,10.0,4.0,11.0,19.0,121.0,25,1,Regular Season,00,Orlando,32,9,13,3,2,2,1,19,7,22,New York,32,9,24,34,0,11,13,11,18846.0,2:10,0
20,22021,1610612739,CLE,Cleveland Cavaliers,0022100017,2021-10-22 00:00:00,CLE vs. CHA,L,240,43.0,84.0,0.512,9.0,31.0,0.29,17.0,20.0,0.85,7.0,29.0,36.0,26.0,9.0,3.0,19.0,15.0,112.0,-11,1,1610612766,CHA,Charlotte Hornets,CHA @ CLE,W,48.0,91.0,0.527,13.0,32.0,0.406,14.0,17.0,0.824,11.0,35.0,46.0,32.0,13.0,1.0,18.0,16.0,123.0,11,1,Regular Season,00,Cleveland,52,6,8,11,12,3,1,19,4,34,Charlotte,58,16,14,18,0,18,4,23,17116.0,2:06,0
21,22021,1610612764,WAS,Washington Wizards,0022100019,2021-10-22 00:00:00,WAS vs. IND,W,265,49.0,94.0,0.521,19.0,38.0,0.5,18.0,19.0,0.947,6.0,32.0,38.0,24.0,5.0,6.0,9.0,21.0,135.0,1,1,1610612754,IND,Indiana Pacers,IND @ WAS,L,52.0,97.0,0.536,15.0,34.0,0.441,15.0,20.0,0.75,7.0,35.0,42.0,28.0,5.0,6.0,12.0,22.0,134.0,-1,1,Regular Season,00,Indiana,62,16,5,9,12,12,0,12,10,26,Washington,48,2,3,12,0,9,6,10,15407.0,2:32,1
22,22021,1610612757,POR,Portland Trail Blazers,0022100033,2021-10-23 00:00:00,POR vs. PHX,W,240,51.0,94.0,0.543,21.0,50.0,0.42,11.0,17.0,0.647,8.0,40.0,48.0,24.0,8.0,5.0,9.0,15.0,134.0,29,1,1610612756,PHX,Phoenix Suns,PHX @ POR,L,43.0,89.0,0.483,9.0,28.0,0.321,10.0,15.0,0.667,7.0,31.0,38.0,27.0,6.0,1.0,14.0,19.0,105.0,-29,1,Regular Season,00,Portland,50,15,21,37,4,0,0,9,7,11,Phoenix,56,11,6,1,0,14,7,15,18558.0,1:59,1
23,22021,1610612759,SAS,San Antonio Spurs,0022100032,2021-10-23 00:00:00,SAS vs. MIL,L,240,48.0,99.0,0.485,10.0,39.0,0.256,5.0,6.0,0.833,10.0,28.0,38.0,29.0,10.0,4.0,13.0,18.0,111.0,-10,1,1610612749,MIL,Milwaukee Bucks,MIL @ SAS,W,44.0,83.0,0.53,15.0,35.0,0.429,18.0,22.0,0.818,7.0,37.0,44.0,21.0,6.0,5.0,22.0,15.0,121.0,10,1,Regular Season,00,San Antonio,54,14,7,7,9,3,1,13,5,18,Milwaukee,38,6,8,13,2,22,8,24,14353.0,2:10,0
24,22021,1610612746,LAC,LA Clippers,0022100034,2021-10-23 00:00:00,LAC vs. MEM,L,240,43.0,99.0,0.434,13.0,39.0,0.333,15.0,17.0,0.882,14.0,30.0,44.0,23.0,7.0,4.0,7.0,21.0,114.0,-6,1,1610612763,MEM,Memphis Grizzlies,MEM @ LAC,W,42.0,90.0,0.467,15.0,36.0,0.417,21.0,25.0,0.84,13.0,35.0,48.0,26.0,5.0,3.0,11.0,19.0,120.0,6,1,Regular Season,00,Memphis,50,19,15,16,4,3,0,11,11,14,LA,46,13,11,13,0,7,7,15,16748.0,2:13,0
25,22021,1610612754,IND,Indiana Pacers,0022100028,2021-10-23 00:00:00,IND vs. MIA,W,265,38.0,97.0,0.392,10.0,39.0,0.256,16.0,21.0,0.762,14.0,41.0,55.0,18.0,10.0,5.0,16.0,18.0,102.0,11,1,1610612748,MIA,Miami Heat,MIA @ IND,L,35.0,91.0,0.385,9.0,33.0,0.273,12.0,14.0,0.857,10.0,45.0,55.0,18.0,4.0,2.0,22.0,25.0,91.0,-11,1,Regular Season,00,Miami,36,10,10,6,9,6,0,22,6,17,Indiana,50,13,18,12,0,16,6,18,17147.0,2:32,1
26,22021,1610612741,CHI,Chicago Bulls,0022100030,2021-10-23 00:00:00,CHI vs. DET,W,240,35.0,84.0,0.417,11.0,26.0,0.423,16.0,19.0,0.842,3.0,39.0,42.0,24.0,13.0,11.0,13.0,17.0,97.0,15,1,1610612765,DET,Detroit Pistons,DET @ CHI,L,34.0,88.0,0.386,5.0,28.0,0.179,9.0,15.0,0.6,11.0,42.0,53.0,14.0,9.0,8.0,23.0,17.0,82.0,-15,1,Regular Season,00,Chicago,34,7,12,31,3,2,1,13,7,20,Detroit,54,19,15,9,3,23,10,23,18888.0,2:11,1
27,22021,1610612761,TOR,Toronto Raptors,0022100029,2021-10-23 00:00:00,TOR vs. DAL,L,240,34.0,85.0,0.4,11.0,37.0,0.297,16.0,23.0,0.696,11.0,38.0,49.0,17.0,7.0,6.0,12.0,23.0,95.0,-8,1,1610612742,DAL,Dallas Mavericks,DAL @ TOR,W,38.0,91.0,0.418,14.0,42.0,0.333,13.0,18.0,0.722,13.0,37.0,50.0,24.0,6.0,6.0,9.0,22.0,103.0,8,1,Regular Season,00,Dallas,40,11,9,16,1,2,0,9,6,3,Toronto,36,9,12,14,0,12,11,15,19800.0,2:14,0
28,22021,1610612739,CLE,Cleveland Cavaliers,0022100027,2021-10-23 00:00:00,CLE vs. ATL,W,240,37.0,89.0,0.416,7.0,28.0,0.25,20.0,27.0,0.741,12.0,42.0,54.0,23.0,6.0,6.0,10.0,16.0,101.0,6,1,1610612737,ATL,Atlanta Hawks,ATL @ CLE,L,38.0,99.0,0.384,10.0,34.0,0.294,9.0,15.0,0.6,17.0,37.0,54.0,20.0,5.0,3.0,9.0,23.0,95.0,-6,1,Regular Season,00,Cleveland,54,19,4,14,4,7,0,10,7,12,Atlanta,42,15,7,13,0,9,11,10,16846.0,2:15,1
29,22021,1610612750,MIN,Minnesota Timberwolves,0022100031,2021-10-23 00:00:00,MIN vs. NOP,W,240,39.0,96.0,0.406,12.0,38.0,0.316,6.0,10.0,0.6,13.0,34.0,47.0,22.0,13.0,8.0,20.0,25.0,96.0,7,1,1610612740,NOP,New Orleans Pelicans,NOP @ MIN,L,31.0,89.0,0.348,9.0,40.0,0.225,18.0,23.0,0.783,21.0,40.0,61.0,15.0,10.0,5.0,30.0,22.0,89.0,-7,1,Regular Season,00,Minnesota,50,10,21,17,4,6,1,20,8,21,New Orleans,36,22,7,4,2,30,8,25,15343.0,2:21,1
30,22021,1610612752,NYK,New York Knicks,0022100036,2021-10-24 00:00:00,NYK vs. ORL,L,240,37.0,100.0,0.37,13.0,48.0,0.271,17.0,25.0,0.68,16.0,36.0,52.0,20.0,8.0,8.0,12.0,21.0,104.0,-6,1,1610612753,ORL,Orlando Magic,ORL @ NYK,W,36.0,88.0,0.409,12.0,43.0,0.279,26.0,34.0,0.765,10.0,47.0,57.0,22.0,7.0,4.0,13.0,25.0,110.0,6,1,Regular Season,00,New York,46,14,8,13,8,10,0,12,12,16,Orlando,40,17,12,10,0,13,10,11,16273.0,2:23,0
31,22021,1610612747,LAL,Los Angeles Lakers,0022100040,2021-10-24 00:00:00,LAL vs. MEM,W,240,45.0,84.0,0.536,16.0,30.0,0.533,15.0,22.0,0.682,9.0,27.0,36.0,29.0,10.0,12.0,17.0,14.0,121.0,3,1,1610612763,MEM,Memphis Grizzlies,MEM @ LAL,L,45.0,100.0,0.45,13.0,35.0,0.371,15.0,18.0,0.833,18.0,31.0,49.0,25.0,13.0,4.0,17.0,20.0,118.0,-3,1,Regular Season,00,Memphis,62,32,11,10,13,7,0,17,8,20,Los Angeles,52,9,15,12,0,17,11,20,18997.0,2:24,1
32,22021,1610612760,OKC,Oklahoma City Thunder,0022100038,2021-10-24 00:00:00,OKC vs. PHI,L,240,40.0,84.0,0.476,8.0,31.0,0.258,15.0,19.0,0.789,6.0,36.0,42.0,24.0,9.0,4.0,11.0,17.0,103.0,-12,1,1610612755,PHI,Philadelphia 76ers,PHI @ OKC,W,41.0,88.0,0.466,17.0,41.0,0.415,16.0,20.0,0.8,12.0,35.0,47.0,25.0,4.0,9.0,12.0,17.0,115.0,12,1,Regular Season,00,Oklahoma City,54,10,6,0,0,0,0,11,5,10,Philadelphia,38,10,0,18,0,12,5,14,14256.0,2:06,0
33,22021,1610612745,HOU,Houston Rockets,0022100037,2021-10-24 00:00:00,HOU vs. BOS,L,240,32.0,75.0,0.427,14.0,32.0,0.438,19.0,24.0,0.792,5.0,35.0,40.0,20.0,7.0,4.0,20.0,20.0,97.0,-10,1,1610612738,BOS,Boston Celtics,BOS @ HOU,W,38.0,86.0,0.442,15.0,47.0,0.319,16.0,20.0,0.8,6.0,37.0,43.0,22.0,10.0,6.0,12.0,22.0,107.0,10,1,Regular Season,00,Houston,32,6,13,9,4,3,2,20,9,28,Boston,38,3,12,20,1,12,8,12,16069.0,2:15,0
34,22021,1610612751,BKN,Brooklyn Nets,0022100035,2021-10-24 00:00:00,BKN vs. CHA,L,240,38.0,87.0,0.437,9.0,35.0,0.257,10.0,12.0,0.833,9.0,35.0,44.0,18.0,10.0,8.0,17.0,19.0,95.0,-16,1,1610612766,CHA,Charlotte Hornets,CHA @ BKN,W,43.0,94.0,0.457,10.0,30.0,0.333,15.0,19.0,0.789,10.0,38.0,48.0,26.0,10.0,5.0,12.0,17.0,111.0,16,1,Regular Season,00,Brooklyn,42,6,12,10,8,7,0,17,5,29,Charlotte,56,10,19,16,0,12,9,13,17732.0,2:02,0
35,22021,1610612737,ATL,Atlanta Hawks,0022100043,2021-10-25 00:00:00,ATL vs. DET,W,240,46.0,90.0,0.511,12.0,32.0,0.375,18.0,21.0,0.857,10.0,39.0,49.0,24.0,11.0,3.0,16.0,19.0,122.0,18,1,1610612765,DET,Detroit Pistons,DET @ ATL,L,40.0,91.0,0.44,9.0,33.0,0.273,15.0,18.0,0.833,11.0,25.0,36.0,26.0,7.0,6.0,14.0,15.0,104.0,-18,1,Regular Season,00,Atlanta,52,13,12,23,3,1,3,16,9,18,Detroit,54,14,6,2,0,14,7,22,14209.0,2:04,1
36,22021,1610612761,TOR,Toronto Raptors,0022100046,2021-10-25 00:00:00,TOR vs. CHI,L,240,40.0,83.0,0.482,12.0,30.0,0.4,16.0,20.0,0.8,13.0,34.0,47.0,27.0,8.0,1.0,21.0,18.0,108.0,-3,1,1610612741,CHI,Chicago Bulls,CHI @ TOR,W,39.0,81.0,0.481,12.0,27.0,0.444,21.0,22.0,0.955,5.0,24.0,29.0,24.0,11.0,3.0,13.0,16.0,111.0,3,1,Regular Season,00,Chicago,34,10,13,20,9,4,0,13,4,12,Toronto,48,9,18,5,2,21,10,27,19800.0,2:16,0
37,22021,1610612746,LAC,LA Clippers,0022100049,2021-10-25 00:00:00,LAC vs. POR,W,240,44.0,93.0,0.473,14.0,43.0,0.326,14.0,19.0,0.737,5.0,38.0,43.0,37.0,21.0,6.0,17.0,23.0,116.0,30,1,1610612757,POR,Portland Trail Blazers,POR @ LAC,L,32.0,85.0,0.376,8.0,37.0,0.216,14.0,18.0,0.778,7.0,40.0,47.0,15.0,11.0,4.0,30.0,18.0,86.0,-30,1,Regular Season,00,Portland,40,6,8,3,7,1,0,30,9,29,LA,50,6,14,35,0,17,12,12,15672.0,2:10,1
38,22021,1610612743,DEN,Denver Nuggets,0022100048,2021-10-25 00:00:00,DEN vs. CLE,L,240,35.0,86.0,0.407,9.0,38.0,0.237,8.0,12.0,0.667,11.0,36.0,47.0,21.0,10.0,3.0,22.0,22.0,87.0,-12,1,1610612739,CLE,Cleveland Cavaliers,CLE @ DEN,W,38.0,82.0,0.463,7.0,25.0,0.28,16.0,20.0,0.8,11.0,38.0,49.0,26.0,8.0,5.0,16.0,18.0,99.0,12,1,Regular Season,00,Cleveland,56,12,8,17,4,3,2,16,1,16,Denver,46,7,18,1,1,22,6,32,14221.0,2:06,0
39,22021,1610612750,MIN,Minnesota Timberwolves,0022100047,2021-10-25 00:00:00,MIN vs. NOP,L,240,31.0,90.0,0.344,15.0,50.0,0.3,21.0,27.0,0.778,11.0,30.0,41.0,20.0,10.0,7.0,11.0,19.0,98.0,-9,1,1610612740,NOP,New Orleans Pelicans,NOP @ MIN,W,39.0,87.0,0.448,10.0,30.0,0.333,19.0,23.0,0.826,15.0,45.0,60.0,19.0,5.0,5.0,20.0,20.0,107.0,9,1,Regular Season,00,Minnesota,30,19,14,3,7,3,0,11,9,12,New Orleans,40,16,3,21,3,20,7,23,14435.0,2:14,0
40,22021,1610612751,BKN,Brooklyn Nets,0022100044,2021-10-25 00:00:00,BKN vs. WAS,W,240,40.0,94.0,0.426,10.0,35.0,0.286,14.0,17.0,0.824,7.0,47.0,54.0,23.0,6.0,4.0,9.0,19.0,104.0,14,1,1610612764,WAS,Washington Wizards,WAS @ BKN,L,33.0,95.0,0.347,9.0,39.0,0.231,15.0,20.0,0.75,10.0,43.0,53.0,16.0,5.0,5.0,12.0,17.0,90.0,-14,1,Regular Season,00,Washington,40,13,16,2,5,2,0,12,12,21,Brooklyn,48,10,11,25,0,9,5,11,14487.0,2:06,1
41,22021,1610612748,MIA,Miami Heat,0022100045,2021-10-25 00:00:00,MIA vs. ORL,W,240,41.0,87.0,0.471,6.0,27.0,0.222,19.0,19.0,1.0,9.0,33.0,42.0,28.0,10.0,2.0,11.0,19.0,107.0,17,1,1610612753,ORL,Orlando Magic,ORL @ MIA,L,33.0,81.0,0.407,12.0,44.0,0.273,12.0,19.0,0.632,6.0,33.0,39.0,21.0,7.0,6.0,18.0,22.0,90.0,-17,1,Regular Season,00,Orlando,40,5,10,3,2,2,2,18,14,20,Miami,50,16,21,22,1,11,6,6,19600.0,2:11,1
42,22021,1610612754,IND,Indiana Pacers,0022100042,2021-10-25 00:00:00,IND vs. MIL,L,240,40.0,90.0,0.444,14.0,36.0,0.389,15.0,17.0,0.882,12.0,35.0,47.0,23.0,6.0,1.0,19.0,24.0,109.0,-10,1,1610612749,MIL,Milwaukee Bucks,MIL @ IND,W,41.0,85.0,0.482,11.0,32.0,0.344,26.0,31.0,0.839,7.0,35.0,42.0,24.0,13.0,6.0,14.0,19.0,119.0,10,1,Regular Season,00,Indiana,34,6,6,5,9,3,0,19,8,22,Milwaukee,58,10,24,18,1,14,4,6,10339.0,2:24,0
43,22021,1610612742,DAL,Dallas Mavericks,0022100052,2021-10-26 00:00:00,DAL vs. HOU,W,240,43.0,93.0,0.462,12.0,43.0,0.279,18.0,25.0,0.72,14.0,36.0,50.0,25.0,9.0,7.0,15.0,22.0,116.0,10,1,1610612745,HOU,Houston Rockets,HOU @ DAL,L,36.0,86.0,0.419,16.0,39.0,0.41,18.0,26.0,0.692,11.0,38.0,49.0,24.0,7.0,3.0,17.0,21.0,106.0,-10,1,Regular Season,00,Houston,38,8,16,8,4,5,0,17,6,20,Dallas,40,9,16,12,1,15,10,15,19337.0,2:12,1
44,22021,1610612752,NYK,New York Knicks,0022100050,2021-10-26 00:00:00,NYK vs. PHI,W,240,41.0,87.0,0.471,16.0,37.0,0.432,14.0,15.0,0.933,13.0,32.0,45.0,24.0,7.0,5.0,15.0,18.0,112.0,13,1,1610612755,PHI,Philadelphia 76ers,PHI @ NYK,L,36.0,82.0,0.439,12.0,41.0,0.293,15.0,17.0,0.882,12.0,28.0,40.0,24.0,9.0,4.0,15.0,14.0,99.0,-13,1,Regular Season,00,New York,40,19,5,27,2,4,3,15,5,7,Philadelphia,40,14,9,6,1,15,5,19,15218.0,2:16,1
45,22021,1610612759,SAS,San Antonio Spurs,0022100053,2021-10-26 00:00:00,SAS vs. LAL,L,265,48.0,108.0,0.444,13.0,36.0,0.361,12.0,22.0,0.545,16.0,43.0,59.0,33.0,10.0,6.0,16.0,22.0,121.0,-4,1,1610612747,LAL,Los Angeles Lakers,LAL @ SAS,W,50.0,105.0,0.476,8.0,30.0,0.267,17.0,22.0,0.773,9.0,47.0,56.0,20.0,8.0,10.0,13.0,21.0,125.0,4,1,Regular Season,00,San Antonio,64,15,29,12,24,8,1,16,5,14,Los Angeles,72,12,16,8,0,13,10,17,18354.0,2:27,0
46,22021,1610612762,UTA,Utah Jazz,0022100054,2021-10-26 00:00:00,UTA vs. DEN,W,240,44.0,85.0,0.518,12.0,39.0,0.308,22.0,29.0,0.759,8.0,33.0,41.0,20.0,5.0,6.0,14.0,22.0,122.0,12,1,1610612743,DEN,Denver Nuggets,DEN @ UTA,L,42.0,83.0,0.506,10.0,28.0,0.357,16.0,24.0,0.667,5.0,30.0,35.0,19.0,9.0,3.0,13.0,23.0,110.0,-12,1,Regular Season,00,Utah,60,12,10,15,30,12,1,14,11,10,Denver,52,7,7,4,0,13,10,15,18306.0,2:28,1
47,22021,1610612761,TOR,Toronto Raptors,0022100058,2021-10-27 00:00:00,TOR vs. IND,W,240,46.0,100.0,0.46,14.0,30.0,0.467,12.0,19.0,0.632,16.0,25.0,41.0,22.0,18.0,6.0,12.0,20.0,118.0,18,1,1610612754,IND,Indiana Pacers,IND @ TOR,L,38.0,79.0,0.481,10.0,29.0,0.345,14.0,17.0,0.824,9.0,31.0,40.0,19.0,6.0,7.0,23.0,19.0,100.0,-18,1,Regular Season,00,Toronto,58,33,10,23,11,4,2,12,14,13,Indiana,40,21,7,3,1,23,10,31,19800.0,2:15,1
48,22021,1610612738,BOS,Boston Celtics,0022100056,2021-10-27 00:00:00,BOS vs. WAS,L,240,37.0,85.0,0.435,10.0,29.0,0.345,23.0,28.0,0.821,10.0,27.0,37.0,18.0,9.0,5.0,13.0,21.0,107.0,-9,1,1610612764,WAS,Washington Wizards,WAS @ BOS,W,43.0,84.0,0.512,9.0,25.0,0.36,21.0,29.0,0.724,11.0,36.0,47.0,18.0,8.0,7.0,16.0,20.0,116.0,9,1,Regular Season,00,Boston,50,14,6,6,3,3,0,13,7,18,Washington,58,13,11,15,1,16,11,20,19156.0,2:18,0
49,22021,1610612756,PHX,Phoenix Suns,0022100062,2021-10-27 00:00:00,PHX vs. SAC,L,240,42.0,93.0,0.452,6.0,22.0,0.273,17.0,24.0,0.708,14.0,42.0,56.0,23.0,6.0,6.0,11.0,16.0,107.0,-3,1,1610612758,SAC,Sacramento Kings,SAC @ PHX,W,42.0,95.0,0.442,15.0,38.0,0.395,11.0,15.0,0.733,8.0,32.0,40.0,28.0,7.0,6.0,12.0,20.0,110.0,3,1,Regular Season,00,Sacramento,42,12,14,13,5,5,1,12,9,8,Phoenix,60,16,17,12,0,11,10,12,14678.0,2:10,0
50,22021,1610612757,POR,Portland Trail Blazers,0022100063,2021-10-27 00:00:00,POR vs. MEM,W,240,39.0,84.0,0.464,15.0,36.0,0.417,23.0,31.0,0.742,13.0,35.0,48.0,22.0,11.0,6.0,14.0,20.0,116.0,20,1,1610612763,MEM,Memphis Grizzlies,MEM @ POR,L,35.0,96.0,0.365,17.0,50.0,0.34,9.0,19.0,0.474,21.0,29.0,50.0,27.0,9.0,3.0,22.0,25.0,96.0,-20,1,Regular Season,00,Portland,44,20,13,26,10,10,1,14,8,15,Memphis,30,16,7,8,1,22,18,30,16241.0,2:19,1
51,22021,1610612760,OKC,Oklahoma City Thunder,0022100061,2021-10-27 00:00:00,OKC vs. LAL,W,240,43.0,86.0,0.5,15.0,37.0,0.405,22.0,29.0,0.759,10.0,32.0,42.0,21.0,8.0,3.0,16.0,16.0,123.0,8,1,1610612747,LAL,Los Angeles Lakers,LAL @ OKC,L,46.0,92.0,0.5,11.0,35.0,0.314,12.0,14.0,0.857,10.0,30.0,40.0,29.0,8.0,2.0,17.0,22.0,115.0,-8,1,Regular Season,00,Oklahoma City,54,7,4,8,1,1,1,16,10,14,Los Angeles,54,13,7,26,0,17,6,27,15783.0,2:26,1
52,22021,1610612749,MIL,Milwaukee Bucks,0022100060,2021-10-27 00:00:00,MIL vs. MIN,L,240,39.0,95.0,0.411,14.0,51.0,0.275,16.0,21.0,0.762,13.0,30.0,43.0,22.0,10.0,3.0,9.0,18.0,108.0,-5,1,1610612750,MIN,Minnesota Timberwolves,MIN @ MIL,W,43.0,91.0,0.473,13.0,45.0,0.289,14.0,17.0,0.824,10.0,39.0,49.0,29.0,5.0,4.0,17.0,20.0,113.0,5,1,Regular Season,00,Milwaukee,38,13,18,0,0,0,1,9,9,8,Minnesota,44,24,10,20,0,17,11,16,17341.0,2:15,0
53,22021,1610612740,NOP,New Orleans Pelicans,0022100059,2021-10-27 00:00:00,NOP vs. ATL,L,240,40.0,93.0,0.43,11.0,36.0,0.306,8.0,9.0,0.889,9.0,35.0,44.0,24.0,5.0,6.0,10.0,19.0,99.0,-3,1,1610612737,ATL,Atlanta Hawks,ATL @ NOP,W,40.0,96.0,0.417,8.0,30.0,0.267,14.0,17.0,0.824,21.0,34.0,55.0,21.0,4.0,4.0,11.0,14.0,102.0,3,1,Regular Season,00,New Orleans,48,12,12,16,7,5,1,10,7,12,Atlanta,52,19,14,7,0,11,7,13,15541.0,2:16,0
54,22021,1610612751,BKN,Brooklyn Nets,0022100057,2021-10-27 00:00:00,BKN vs. MIA,L,240,33.0,85.0,0.388,14.0,43.0,0.326,13.0,14.0,0.929,4.0,38.0,42.0,21.0,7.0,7.0,16.0,24.0,93.0,-13,1,1610612748,MIA,Miami Heat,MIA @ BKN,W,38.0,96.0,0.396,8.0,29.0,0.276,22.0,26.0,0.846,17.0,45.0,62.0,21.0,6.0,2.0,15.0,19.0,106.0,13,1,Regular Season,00,Brooklyn,34,4,17,8,12,2,1,16,3,25,Miami,48,31,18,15,1,15,8,19,17732.0,2:14,0
55,22021,1610612753,ORL,Orlando Magic,0022100055,2021-10-27 00:00:00,ORL vs. CHA,L,240,43.0,88.0,0.489,15.0,40.0,0.375,10.0,13.0,0.769,8.0,25.0,33.0,22.0,6.0,2.0,19.0,21.0,111.0,-9,1,1610612766,CHA,Charlotte Hornets,CHA @ ORL,W,43.0,83.0,0.518,14.0,30.0,0.467,20.0,24.0,0.833,10.0,30.0,40.0,22.0,14.0,4.0,17.0,14.0,120.0,9,1,Regular Season,00,Orlando,48,19,2,12,17,10,1,19,12,23,Charlotte,42,12,10,9,1,17,7,24,14082.0,2:12,0
56,22021,1610612741,CHI,Chicago Bulls,0022100067,2021-10-28 00:00:00,CHI vs. NYK,L,240,36.0,84.0,0.429,11.0,32.0,0.344,20.0,22.0,0.909,5.0,32.0,37.0,25.0,6.0,5.0,7.0,18.0,103.0,-1,1,1610612752,NYK,New York Knicks,NYK @ CHI,W,39.0,85.0,0.459,11.0,29.0,0.379,15.0,20.0,0.75,11.0,38.0,49.0,16.0,5.0,7.0,13.0,21.0,104.0,1,1,Regular Season,00,New York,50,14,13,13,3,3,0,13,8,12,Chicago,40,4,8,4,0,7,7,10,20972.0,2:20,0
57,22021,1610612742,DAL,Dallas Mavericks,0022100069,2021-10-28 00:00:00,DAL vs. SAS,W,240,41.0,89.0,0.461,18.0,45.0,0.4,4.0,13.0,0.308,9.0,36.0,45.0,18.0,4.0,7.0,13.0,19.0,104.0,5,1,1610612759,SAS,San Antonio Spurs,SAS @ DAL,L,39.0,88.0,0.443,12.0,30.0,0.4,9.0,15.0,0.6,11.0,37.0,48.0,21.0,6.0,11.0,15.0,16.0,99.0,-5,1,Regular Season,00,San Antonio,42,19,5,20,11,7,1,15,7,20,Dallas,40,11,4,11,1,13,12,13,19228.0,2:07,1
58,22021,1610612745,HOU,Houston Rockets,0022100068,2021-10-28 00:00:00,HOU vs. UTA,L,240,31.0,95.0,0.326,9.0,44.0,0.205,20.0,23.0,0.87,13.0,28.0,41.0,15.0,8.0,3.0,11.0,24.0,91.0,-31,1,1610612762,UTA,Utah Jazz,UTA @ HOU,W,41.0,85.0,0.482,16.0,46.0,0.348,24.0,30.0,0.8,10.0,48.0,58.0,24.0,8.0,4.0,20.0,23.0,122.0,31,1,Regular Season,00,Houston,40,20,16,2,3,1,0,11,3,14,Utah,46,23,14,36,4,20,15,20,15858.0,2:15,0
59,22021,1610612764,WAS,Washington Wizards,0022100066,2021-10-28 00:00:00,WAS vs. ATL,W,240,46.0,99.0,0.465,13.0,34.0,0.382,17.0,21.0,0.81,14.0,37.0,51.0,26.0,6.0,4.0,9.0,16.0,122.0,11,1,1610612737,ATL,Atlanta Hawks,ATL @ WAS,L,48.0,88.0,0.545,6.0,21.0,0.286,9.0,14.0,0.643,6.0,37.0,43.0,26.0,4.0,3.0,13.0,16.0,111.0,-11,1,Regular Season,00,Atlanta,68,12,8,6,7,2,0,13,2,11,Washington,60,17,0,20,3,9,6,10,13653.0,2:16,1
60,22021,1610612755,PHI,Philadelphia 76ers,0022100065,2021-10-28 00:00:00,PHI vs. DET,W,240,38.0,76.0,0.5,12.0,27.0,0.444,22.0,24.0,0.917,6.0,40.0,46.0,22.0,7.0,9.0,21.0,23.0,110.0,8,1,1610612765,DET,Detroit Pistons,DET @ PHI,L,35.0,86.0,0.407,13.0,39.0,0.333,19.0,27.0,0.704,10.0,27.0,37.0,22.0,11.0,4.0,14.0,22.0,102.0,-8,1,Regular Season,00,Detroit,42,15,12,5,4,6,2,14,10,20,Philadelphia,42,7,20,22,1,21,6,21,20017.0,2:22,1
61,22021,1610612757,POR,Portland Trail Blazers,0022100076,2021-10-29 00:00:00,POR vs. LAC,W,240,41.0,98.0,0.418,19.0,41.0,0.463,10.0,16.0,0.625,16.0,47.0,63.0,21.0,8.0,6.0,14.0,19.0,111.0,19,1,1610612746,LAC,LA Clippers,LAC @ POR,L,34.0,87.0,0.391,15.0,42.0,0.357,9.0,16.0,0.563,6.0,37.0,43.0,17.0,7.0,5.0,13.0,14.0,92.0,-19,1,Regular Season,00,LA,28,8,14,11,2,0,1,13,7,17,Portland,36,21,11,20,0,14,10,21,16510.0,2:07,1
62,22021,1610612748,MIA,Miami Heat,0022100073,2021-10-29 00:00:00,MIA vs. CHA,W,240,43.0,91.0,0.473,9.0,35.0,0.257,19.0,19.0,1.0,16.0,44.0,60.0,23.0,6.0,3.0,18.0,20.0,114.0,15,1,1610612766,CHA,Charlotte Hornets,CHA @ MIA,L,35.0,90.0,0.389,13.0,37.0,0.351,16.0,22.0,0.727,11.0,26.0,37.0,21.0,8.0,6.0,11.0,17.0,99.0,-15,1,Regular Season,00,Miami,54,22,9,26,1,1,1,18,6,15,Charlotte,40,13,9,5,0,11,6,11,19600.0,2:17,1
63,22021,1610612743,DEN,Denver Nuggets,0022100075,2021-10-29 00:00:00,DEN vs. DAL,W,240,43.0,83.0,0.518,11.0,36.0,0.306,9.0,13.0,0.692,5.0,46.0,51.0,28.0,8.0,3.0,20.0,24.0,106.0,31,1,1610612742,DAL,Dallas Mavericks,DAL @ DEN,L,23.0,78.0,0.295,8.0,37.0,0.216,21.0,27.0,0.778,6.0,30.0,36.0,14.0,8.0,3.0,15.0,17.0,75.0,-31,1,Regular Season,00,Dallas,22,1,8,2,3,0,0,15,7,19,Denver,50,8,15,35,1,20,11,20,18315.0,2:17,1
64,22021,1610612747,LAL,Los Angeles Lakers,0022100077,2021-10-29 00:00:00,LAL vs. CLE,W,240,46.0,84.0,0.548,12.0,27.0,0.444,9.0,10.0,0.9,11.0,31.0,42.0,24.0,9.0,6.0,22.0,20.0,113.0,12,1,1610612739,CLE,Cleveland Cavaliers,CLE @ LAL,L,37.0,87.0,0.425,12.0,34.0,0.353,15.0,22.0,0.682,16.0,20.0,36.0,28.0,10.0,1.0,15.0,13.0,101.0,-12,1,Regular Season,00,Los Angeles,60,18,13,15,8,9,2,22,8,20,Cleveland,44,17,12,11,0,15,10,20,18997.0,2:09,1
65,22021,1610612740,NOP,New Orleans Pelicans,0022100074,2021-10-29 00:00:00,NOP vs. SAC,L,240,42.0,98.0,0.429,9.0,34.0,0.265,16.0,25.0,0.64,13.0,36.0,49.0,18.0,9.0,6.0,10.0,22.0,109.0,-4,1,1610612758,SAC,Sacramento Kings,SAC @ NOP,W,40.0,80.0,0.5,9.0,27.0,0.333,24.0,25.0,0.96,3.0,42.0,45.0,19.0,4.0,5.0,14.0,20.0,113.0,4,1,Regular Season,00,New Orleans,54,17,13,3,6,5,0,10,8,14,Sacramento,50,7,8,13,0,14,4,21,17507.0,2:17,0
66,22021,1610612761,TOR,Toronto Raptors,0022100071,2021-10-29 00:00:00,TOR vs. ORL,W,240,43.0,86.0,0.5,9.0,30.0,0.3,15.0,22.0,0.682,9.0,31.0,40.0,18.0,11.0,2.0,8.0,18.0,110.0,1,1,1610612753,ORL,Orlando Magic,ORL @ TOR,L,41.0,87.0,0.471,16.0,34.0,0.471,11.0,16.0,0.688,12.0,34.0,46.0,24.0,1.0,5.0,17.0,24.0,109.0,-1,1,Regular Season,00,Toronto,38,16,13,12,18,6,1,8,7,14,Orlando,34,17,5,7,0,17,8,22,19800.0,2:17,1
67,22021,1610612754,IND,Indiana Pacers,0022100081,2021-10-30 00:00:00,IND vs. TOR,L,240,35.0,81.0,0.432,13.0,43.0,0.302,11.0,16.0,0.688,8.0,32.0,40.0,25.0,8.0,10.0,20.0,17.0,94.0,-3,1,1610612761,TOR,Toronto Raptors,TOR @ IND,W,39.0,92.0,0.424,11.0,32.0,0.344,8.0,12.0,0.667,12.0,36.0,48.0,18.0,8.0,4.0,18.0,17.0,97.0,3,1,Regular Season,00,Indiana,42,12,19,7,13,11,1,20,10,28,Toronto,46,18,13,8,3,18,10,21,10578.0,2:07,0
68,22021,1610612750,MIN,Minnesota Timberwolves,0022100087,2021-10-30 00:00:00,MIN vs. DEN,L,240,35.0,89.0,0.393,13.0,41.0,0.317,8.0,9.0,0.889,15.0,31.0,46.0,21.0,8.0,6.0,20.0,23.0,91.0,-2,1,1610612743,DEN,Denver Nuggets,DEN @ MIN,W,36.0,88.0,0.409,9.0,37.0,0.243,12.0,16.0,0.75,14.0,34.0,48.0,24.0,11.0,10.0,18.0,15.0,93.0,2,1,Regular Season,00,Denver,38,10,18,4,9,7,0,18,12,18,Minnesota,40,14,11,14,0,20,5,22,17136.0,2:04,0
69,22021,1610612756,PHX,Phoenix Suns,0022100088,2021-10-30 00:00:00,PHX vs. CLE,W,240,39.0,84.0,0.464,6.0,26.0,0.231,17.0,27.0,0.63,8.0,44.0,52.0,27.0,12.0,3.0,15.0,14.0,101.0,9,1,1610612739,CLE,Cleveland Cavaliers,CLE @ PHX,L,36.0,91.0,0.396,14.0,44.0,0.318,6.0,7.0,0.857,10.0,37.0,47.0,21.0,8.0,3.0,19.0,21.0,92.0,-9,1,Regular Season,00,Phoenix,44,3,24,24,1,1,2,15,9,19,Cleveland,40,9,11,14,0,19,3,18,14516.0,2:07,1
70,22021,1610612741,CHI,Chicago Bulls,0022100083,2021-10-30 00:00:00,CHI vs. UTA,W,240,39.0,91.0,0.429,5.0,21.0,0.238,24.0,30.0,0.8,9.0,36.0,45.0,16.0,8.0,5.0,9.0,19.0,107.0,8,1,1610612762,UTA,Utah Jazz,UTA @ CHI,L,35.0,92.0,0.38,11.0,38.0,0.289,18.0,19.0,0.947,14.0,40.0,54.0,15.0,5.0,7.0,20.0,21.0,99.0,-8,1,Regular Season,00,Chicago,54,10,13,17,7,8,0,9,10,8,Utah,46,18,8,6,0,20,7,25,20668.0,2:17,1
71,22021,1610612749,MIL,Milwaukee Bucks,0022100085,2021-10-30 00:00:00,MIL vs. SAS,L,240,36.0,89.0,0.404,10.0,39.0,0.256,11.0,16.0,0.688,9.0,43.0,52.0,20.0,6.0,2.0,21.0,18.0,93.0,-9,1,1610612759,SAS,San Antonio Spurs,SAS @ MIL,W,39.0,95.0,0.411,7.0,31.0,0.226,17.0,24.0,0.708,8.0,41.0,49.0,28.0,12.0,3.0,10.0,13.0,102.0,9,1,Regular Season,00,San Antonio,60,8,21,10,12,9,1,10,12,10,Milwaukee,44,13,15,7,2,21,8,19,17341.0,2:11,0
72,22021,1610612763,MEM,Memphis Grizzlies,0022100084,2021-10-30 00:00:00,MEM vs. MIA,L,240,34.0,88.0,0.386,16.0,50.0,0.32,19.0,21.0,0.905,8.0,24.0,32.0,26.0,14.0,7.0,14.0,17.0,103.0,-26,1,1610612748,MIA,Miami Heat,MIA @ MEM,W,46.0,88.0,0.523,21.0,37.0,0.568,16.0,19.0,0.842,11.0,39.0,50.0,31.0,12.0,2.0,18.0,17.0,129.0,26,1,Regular Season,00,Miami,40,14,15,29,0,0,0,18,10,21,Memphis,34,9,22,0,0,14,9,17,15989.0,2:10,0
73,22021,1610612755,PHI,Philadelphia 76ers,0022100082,2021-10-30 00:00:00,PHI vs. ATL,W,240,46.0,86.0,0.535,12.0,38.0,0.316,18.0,19.0,0.947,5.0,32.0,37.0,24.0,11.0,6.0,12.0,24.0,122.0,28,1,1610612737,ATL,Atlanta Hawks,ATL @ PHI,L,36.0,95.0,0.379,8.0,22.0,0.364,14.0,19.0,0.737,20.0,29.0,49.0,24.0,6.0,1.0,19.0,17.0,94.0,-28,1,Regular Season,00,Atlanta,36,19,14,2,3,2,0,19,9,28,Philadelphia,60,12,34,33,0,12,10,11,20031.0,2:10,1
74,22021,1610612765,DET,Detroit Pistons,0022100079,2021-10-30 00:00:00,DET vs. ORL,W,240,36.0,89.0,0.404,14.0,43.0,0.326,24.0,30.0,0.8,17.0,31.0,48.0,26.0,12.0,6.0,16.0,18.0,110.0,7,1,1610612753,ORL,Orlando Magic,ORL @ DET,L,38.0,87.0,0.437,16.0,32.0,0.5,11.0,15.0,0.733,12.0,34.0,46.0,21.0,5.0,6.0,18.0,21.0,103.0,-7,1,Regular Season,00,Orlando,44,21,6,7,4,4,1,18,5,17,Detroit,42,22,4,18,3,16,13,22,11423.0,2:12,1
75,22021,1610612740,NOP,New Orleans Pelicans,0022100080,2021-10-30 00:00:00,NOP vs. NYK,L,240,42.0,92.0,0.457,11.0,33.0,0.333,22.0,24.0,0.917,12.0,31.0,43.0,30.0,7.0,3.0,12.0,24.0,117.0,-6,1,1610612752,NYK,New York Knicks,NYK @ NOP,W,42.0,81.0,0.519,19.0,33.0,0.576,20.0,25.0,0.8,5.0,32.0,37.0,22.0,7.0,4.0,12.0,21.0,123.0,6,1,Regular Season,00,New York,36,11,6,16,0,0,0,12,8,15,New Orleans,52,12,24,0,1,12,8,17,16508.0,2:17,0
76,22021,1610612749,MIL,Milwaukee Bucks,0022100091,2021-10-31 00:00:00,MIL vs. UTA,L,240,39.0,96.0,0.406,12.0,41.0,0.293,5.0,6.0,0.833,13.0,31.0,44.0,16.0,7.0,3.0,11.0,22.0,95.0,-12,1,1610612762,UTA,Utah Jazz,UTA @ MIL,W,35.0,75.0,0.467,12.0,37.0,0.324,25.0,27.0,0.926,7.0,37.0,44.0,13.0,6.0,10.0,13.0,10.0,107.0,12,1,Regular Season,00,Milwaukee,44,18,20,0,0,2,2,11,8,9,Utah,42,8,11,17,1,13,4,18,17341.0,2:11,0
77,22021,1610612742,DAL,Dallas Mavericks,0022100089,2021-10-31 00:00:00,DAL vs. SAC,W,240,40.0,90.0,0.444,12.0,37.0,0.324,13.0,20.0,0.65,10.0,35.0,45.0,24.0,8.0,4.0,10.0,20.0,105.0,6,1,1610612758,SAC,Sacramento Kings,SAC @ DAL,L,38.0,96.0,0.396,7.0,36.0,0.194,16.0,20.0,0.8,17.0,39.0,56.0,20.0,6.0,3.0,13.0,19.0,99.0,-6,1,Regular Season,00,Dallas,52,9,13,15,2,0,1,10,10,13,Sacramento,60,29,1,1,1,13,8,20,19231.0,2:09,1
78,22021,1610612766,CHA,Charlotte Hornets,0022100090,2021-10-31 00:00:00,CHA vs. POR,W,240,46.0,89.0,0.517,20.0,42.0,0.476,13.0,21.0,0.619,10.0,34.0,44.0,36.0,4.0,6.0,9.0,18.0,125.0,12,1,1610612757,POR,Portland Trail Blazers,POR @ CHA,L,43.0,97.0,0.443,17.0,54.0,0.315,10.0,11.0,0.909,15.0,32.0,47.0,30.0,4.0,5.0,12.0,18.0,113.0,-12,1,Regular Season,00,Portland,42,22,4,8,11,12,0,12,8,11,Charlotte,44,16,11,13,1,9,7,9,14960.0,2:03,1
79,22021,1610612751,BKN,Brooklyn Nets,0022100092,2021-10-31 00:00:00,BKN vs. DET,W,240,47.0,72.0,0.653,13.0,25.0,0.52,10.0,16.0,0.625,2.0,39.0,41.0,30.0,7.0,2.0,20.0,19.0,117.0,26,1,1610612765,DET,Detroit Pistons,DET @ BKN,L,32.0,79.0,0.405,12.0,33.0,0.364,15.0,22.0,0.682,7.0,22.0,29.0,21.0,12.0,3.0,15.0,18.0,91.0,-26,1,Regular Season,00,Brooklyn,42,4,12,30,4,3,1,20,10,17,Detroit,30,5,4,1,0,15,5,17,13507.0,2:06,1
80,22021,1610612738,BOS,Boston Celtics,0022100098,2021-11-01 00:00:00,BOS vs. CHI,L,240,42.0,96.0,0.438,15.0,33.0,0.455,15.0,20.0,0.75,13.0,25.0,38.0,20.0,10.0,1.0,9.0,15.0,114.0,-14,1,1610612741,CHI,Chicago Bulls,CHI @ BOS,W,49.0,86.0,0.57,13.0,31.0,0.419,17.0,18.0,0.944,10.0,40.0,50.0,30.0,7.0,8.0,18.0,19.0,128.0,14,1,Regular Season,00,Boston,36,21,14,19,8,5,0,9,4,14,Chicago,54,14,14,14,4,18,5,18,19156.0,2:09,0
81,22021,1610612766,CHA,Charlotte Hornets,0022100094,2021-11-01 00:00:00,CHA vs. CLE,L,240,42.0,101.0,0.416,15.0,39.0,0.385,11.0,15.0,0.733,20.0,26.0,46.0,27.0,12.0,12.0,17.0,23.0,110.0,-3,1,1610612739,CLE,Cleveland Cavaliers,CLE @ CHA,W,39.0,90.0,0.433,9.0,28.0,0.321,26.0,38.0,0.684,17.0,32.0,49.0,21.0,12.0,7.0,16.0,14.0,113.0,3,1,Regular Season,00,Charlotte,50,21,18,3,2,0,0,17,11,27,Cleveland,54,24,22,19,0,16,20,24,13889.0,2:16,0
82,22021,1610612754,IND,Indiana Pacers,0022100095,2021-11-01 00:00:00,IND vs. SAS,W,240,52.0,91.0,0.571,18.0,38.0,0.474,9.0,12.0,0.75,10.0,29.0,39.0,37.0,11.0,4.0,16.0,19.0,131.0,13,1,1610612759,SAS,San Antonio Spurs,SAS @ IND,L,47.0,89.0,0.528,14.0,28.0,0.5,10.0,14.0,0.714,8.0,28.0,36.0,34.0,6.0,4.0,17.0,9.0,118.0,-13,1,Regular Season,00,Indiana,62,13,13,26,2,1,2,16,6,25,San Antonio,50,15,18,1,1,17,7,29,10227.0,2:02,1
83,22021,1610612752,NYK,New York Knicks,0022100099,2021-11-01 00:00:00,NYK vs. TOR,L,240,35.0,76.0,0.461,16.0,38.0,0.421,18.0,24.0,0.75,7.0,34.0,41.0,20.0,3.0,4.0,17.0,13.0,104.0,-9,1,1610612761,TOR,Toronto Raptors,TOR @ NYK,W,43.0,99.0,0.434,14.0,42.0,0.333,13.0,14.0,0.929,13.0,35.0,48.0,24.0,12.0,4.0,9.0,20.0,113.0,9,1,Regular Season,00,Toronto,42,16,21,15,8,2,1,9,8,13,New York,34,8,3,15,1,17,7,20,16528.0,2:05,0
84,22021,1610612746,LAC,LA Clippers,0022100102,2021-11-01 00:00:00,LAC vs. OKC,W,240,35.0,92.0,0.38,15.0,42.0,0.357,14.0,19.0,0.737,13.0,38.0,51.0,18.0,8.0,5.0,14.0,14.0,99.0,5,1,1610612760,OKC,Oklahoma City Thunder,OKC @ LAC,L,35.0,90.0,0.389,11.0,37.0,0.297,13.0,16.0,0.813,10.0,41.0,51.0,17.0,8.0,6.0,16.0,18.0,94.0,-5,1,Regular Season,00,Oklahoma City,38,8,9,15,3,2,0,16,7,19,LA,32,12,20,5,2,14,11,14,13722.0,2:15,1
85,22021,1610612750,MIN,Minnesota Timberwolves,0022100101,2021-11-01 00:00:00,MIN vs. ORL,L,240,36.0,97.0,0.371,14.0,51.0,0.275,11.0,19.0,0.579,16.0,31.0,47.0,21.0,8.0,1.0,14.0,20.0,97.0,-18,1,1610612753,ORL,Orlando Magic,ORL @ MIN,W,37.0,82.0,0.451,17.0,43.0,0.395,24.0,30.0,0.8,12.0,39.0,51.0,21.0,5.0,7.0,16.0,19.0,115.0,18,1,Regular Season,00,Minnesota,40,18,6,13,6,2,2,14,11,18,Orlando,38,16,10,21,0,16,11,10,14744.0,2:19,0
86,22021,1610612763,MEM,Memphis Grizzlies,0022100100,2021-11-01 00:00:00,MEM vs. DEN,W,240,44.0,97.0,0.454,13.0,34.0,0.382,5.0,7.0,0.714,11.0,44.0,55.0,20.0,8.0,4.0,13.0,18.0,106.0,9,1,1610612743,DEN,Denver Nuggets,DEN @ MEM,L,39.0,88.0,0.443,9.0,38.0,0.237,10.0,15.0,0.667,6.0,34.0,40.0,27.0,8.0,8.0,12.0,10.0,97.0,-9,1,Regular Season,00,Memphis,58,14,13,14,9,6,1,13,8,11,Denver,40,7,11,2,0,12,6,12,12683.0,2:02,1
87,22021,1610612737,ATL,Atlanta Hawks,0022100097,2021-11-01 00:00:00,ATL vs. WAS,W,240,38.0,83.0,0.458,13.0,34.0,0.382,29.0,29.0,1.0,13.0,34.0,47.0,24.0,9.0,5.0,11.0,17.0,118.0,7,1,1610612764,WAS,Washington Wizards,WAS @ ATL,L,41.0,86.0,0.477,13.0,39.0,0.333,16.0,16.0,1.0,7.0,29.0,36.0,27.0,7.0,4.0,12.0,24.0,111.0,-7,1,Regular Season,00,Washington,48,4,15,6,5,3,0,12,4,13,Atlanta,42,14,2,17,0,11,3,17,14632.0,2:12,1
88,22021,1610612742,DAL,Dallas Mavericks,0022100104,2021-11-02 00:00:00,DAL vs. MIA,L,240,37.0,84.0,0.44,14.0,42.0,0.333,22.0,31.0,0.71,11.0,30.0,41.0,17.0,1.0,3.0,10.0,21.0,110.0,-15,1,1610612748,MIA,Miami Heat,MIA @ DAL,W,43.0,83.0,0.518,13.0,25.0,0.52,26.0,30.0,0.867,9.0,36.0,45.0,25.0,6.0,5.0,7.0,25.0,125.0,15,1,Regular Season,00,Miami,48,16,19,18,8,5,1,7,6,4,Dallas,38,12,3,11,1,10,8,14,19255.0,2:22,0
89,22021,1610612756,PHX,Phoenix Suns,0022100106,2021-11-02 00:00:00,PHX vs. NOP,W,240,43.0,82.0,0.524,9.0,26.0,0.346,17.0,18.0,0.944,7.0,35.0,42.0,32.0,8.0,4.0,19.0,17.0,112.0,12,1,1610612740,NOP,New Orleans Pelicans,NOP @ PHX,L,36.0,91.0,0.396,13.0,39.0,0.333,15.0,16.0,0.938,14.0,29.0,43.0,21.0,17.0,6.0,18.0,16.0,100.0,-12,1,Regular Season,00,New Orleans,42,18,19,20,10,3,1,18,6,16,Phoenix,50,6,11,12,0,19,5,30,14323.0,2:11,1
90,22021,1610612762,UTA,Utah Jazz,0022100105,2021-11-02 00:00:00,UTA vs. SAC,W,240,43.0,98.0,0.439,14.0,48.0,0.292,19.0,27.0,0.704,15.0,44.0,59.0,16.0,7.0,6.0,17.0,23.0,119.0,6,1,1610612758,SAC,Sacramento Kings,SAC @ UTA,L,42.0,93.0,0.452,12.0,31.0,0.387,17.0,24.0,0.708,6.0,32.0,38.0,24.0,8.0,8.0,11.0,24.0,113.0,-6,1,Regular Season,00,Utah,54,33,7,9,22,14,1,17,15,23,Sacramento,46,14,18,4,0,11,9,17,18306.0,2:29,1
91,22021,1610612747,LAL,Los Angeles Lakers,0022100107,2021-11-02 00:00:00,LAL vs. HOU,W,240,49.0,93.0,0.527,6.0,25.0,0.24,15.0,20.0,0.75,11.0,32.0,43.0,26.0,10.0,4.0,17.0,19.0,119.0,2,1,1610612745,HOU,Houston Rockets,HOU @ LAL,L,48.0,91.0,0.527,16.0,42.0,0.381,5.0,12.0,0.417,11.0,27.0,38.0,27.0,8.0,4.0,25.0,21.0,117.0,-2,1,Regular Season,00,Houston,60,13,8,11,13,8,1,25,8,26,Los Angeles,78,16,23,8,0,17,10,16,18997.0,2:18,1
92,22021,1610612765,DET,Detroit Pistons,0022100103,2021-11-02 00:00:00,DET vs. MIL,L,240,30.0,93.0,0.323,8.0,47.0,0.17,21.0,30.0,0.7,14.0,29.0,43.0,21.0,5.0,5.0,14.0,22.0,89.0,-28,1,1610612749,MIL,Milwaukee Bucks,MIL @ DET,W,42.0,84.0,0.5,17.0,37.0,0.459,16.0,21.0,0.762,9.0,43.0,52.0,28.0,7.0,8.0,17.0,23.0,117.0,28,1,Regular Season,00,Detroit,38,10,6,2,4,0,0,14,12,18,Milwaukee,42,10,7,36,2,17,12,23,9254.0,2:11,0
93,22021,1610612763,MEM,Memphis Grizzlies,0022100114,2021-11-03 00:00:00,MEM vs. DEN,W,240,42.0,81.0,0.519,16.0,34.0,0.471,8.0,14.0,0.571,3.0,33.0,36.0,28.0,9.0,7.0,12.0,16.0,108.0,2,1,1610612743,DEN,Denver Nuggets,DEN @ MEM,L,43.0,91.0,0.473,8.0,27.0,0.296,12.0,13.0,0.923,11.0,33.0,44.0,24.0,7.0,4.0,12.0,16.0,106.0,-2,1,Regular Season,00,Memphis,46,6,15,20,19,7,1,12,7,21,Denver,60,14,21,10,1,12,7,8,12977.0,2:11,1
94,22021,1610612751,BKN,Brooklyn Nets,0022100113,2021-11-03 00:00:00,BKN vs. ATL,W,240,43.0,88.0,0.489,22.0,48.0,0.458,9.0,12.0,0.75,7.0,35.0,42.0,34.0,7.0,8.0,16.0,18.0,117.0,9,1,1610612737,ATL,Atlanta Hawks,ATL @ BKN,L,41.0,94.0,0.436,13.0,35.0,0.371,13.0,15.0,0.867,12.0,40.0,52.0,23.0,8.0,4.0,14.0,16.0,108.0,-9,1,Regular Season,00,Atlanta,48,4,17,6,18,8,0,14,2,25,Brooklyn,28,0,28,17,2,16,7,17,17323.0,2:05,1
95,22021,1610612759,SAS,San Antonio Spurs,0022100116,2021-11-03 00:00:00,SAS vs. DAL,L,240,43.0,88.0,0.489,7.0,21.0,0.333,15.0,20.0,0.75,5.0,35.0,40.0,25.0,10.0,10.0,15.0,24.0,108.0,-1,1,1610612742,DAL,Dallas Mavericks,DAL @ SAS,W,40.0,93.0,0.43,8.0,34.0,0.235,21.0,29.0,0.724,15.0,41.0,56.0,21.0,10.0,4.0,19.0,23.0,109.0,1,1,Regular Season,00,Dallas,50,21,13,12,11,8,0,19,8,19,San Antonio,66,6,23,10,0,15,7,8,16356.0,2:26,0
96,22021,1610612750,MIN,Minnesota Timberwolves,0022100115,2021-11-03 00:00:00,MIN vs. LAC,L,240,43.0,94.0,0.457,14.0,40.0,0.35,15.0,16.0,0.938,15.0,24.0,39.0,27.0,11.0,2.0,17.0,16.0,115.0,-11,1,1610612746,LAC,LA Clippers,LAC @ MIN,W,47.0,78.0,0.603,21.0,36.0,0.583,11.0,12.0,0.917,3.0,32.0,35.0,33.0,6.0,7.0,21.0,14.0,126.0,11,1,Regular Season,00,Minnesota,56,11,8,5,9,7,1,17,3,20,LA,42,5,18,15,1,21,7,30,15386.0,2:10,0
97,22021,1610612758,SAC,Sacramento Kings,0022100118,2021-11-03 00:00:00,SAC vs. NOP,W,240,42.0,80.0,0.525,10.0,30.0,0.333,18.0,22.0,0.818,4.0,33.0,37.0,27.0,8.0,7.0,8.0,21.0,112.0,13,1,1610612740,NOP,New Orleans Pelicans,NOP @ SAC,L,37.0,86.0,0.43,12.0,34.0,0.353,13.0,15.0,0.867,8.0,32.0,40.0,24.0,1.0,3.0,17.0,16.0,99.0,-13,1,Regular Season,00,New Orleans,42,14,13,8,7,5,1,17,10,16,Sacramento,54,6,18,16,0,8,6,12,12480.0,2:11,1
98,22021,1610612755,PHI,Philadelphia 76ers,0022100111,2021-11-03 00:00:00,PHI vs. CHI,W,240,38.0,77.0,0.494,12.0,28.0,0.429,15.0,21.0,0.714,5.0,30.0,35.0,24.0,9.0,4.0,14.0,15.0,103.0,5,1,1610612741,CHI,Chicago Bulls,CHI @ PHI,L,38.0,82.0,0.463,6.0,21.0,0.286,16.0,18.0,0.889,9.0,38.0,47.0,19.0,11.0,4.0,16.0,17.0,98.0,-5,1,Regular Season,00,Chicago,52,6,28,2,1,1,1,16,3,20,Philadelphia,36,4,11,18,0,14,6,20,20438.0,2:14,1
99,22021,1610612764,WAS,Washington Wizards,0022100112,2021-11-03 00:00:00,WAS vs. TOR,L,240,34.0,78.0,0.436,8.0,32.0,0.25,24.0,30.0,0.8,10.0,34.0,44.0,19.0,6.0,7.0,13.0,15.0,100.0,-9,1,1610612761,TOR,Toronto Raptors,TOR @ WAS,W,41.0,88.0,0.466,10.0,25.0,0.4,17.0,20.0,0.85,10.0,32.0,42.0,17.0,10.0,3.0,12.0,23.0,109.0,9,1,Regular Season,00,Washington,40,23,6,4,8,5,0,13,5,12,Toronto,34,6,6,16,2,12,9,10,13538.0,2:14,0
100,22021,1610612739,CLE,Cleveland Cavaliers,0022100108,2021-11-03 00:00:00,CLE vs. POR,W,240,39.0,74.0,0.527,15.0,30.0,0.5,14.0,18.0,0.778,5.0,38.0,43.0,29.0,4.0,2.0,19.0,14.0,107.0,3,1,1610612757,POR,Portland Trail Blazers,POR @ CLE,L,40.0,90.0,0.444,13.0,37.0,0.351,11.0,17.0,0.647,10.0,29.0,39.0,24.0,12.0,6.0,9.0,19.0,104.0,-3,1,Regular Season,00,Portland,44,9,15,8,1,1,0,9,5,5,Cleveland,40,7,5,12,2,19,8,31,16231.0,2:07,1
101,22021,1610612754,IND,Indiana Pacers,0022100109,2021-11-03 00:00:00,IND vs. NYK,W,240,42.0,91.0,0.462,16.0,41.0,0.39,11.0,14.0,0.786,10.0,39.0,49.0,26.0,7.0,7.0,13.0,22.0,111.0,13,1,1610612752,NYK,New York Knicks,NYK @ IND,L,36.0,87.0,0.414,5.0,24.0,0.208,21.0,27.0,0.778,14.0,32.0,46.0,23.0,7.0,6.0,10.0,19.0,98.0,-13,1,Regular Season,00,New York,54,19,14,0,0,0,0,10,5,10,Indiana,46,12,18,15,2,13,9,14,11607.0,2:11,1
102,22021,1610612756,PHX,Phoenix Suns,0022100122,2021-11-04 00:00:00,PHX vs. HOU,W,240,44.0,93.0,0.473,14.0,31.0,0.452,21.0,23.0,0.913,13.0,33.0,46.0,29.0,12.0,8.0,12.0,24.0,123.0,12,1,1610612745,HOU,Houston Rockets,HOU @ PHX,L,38.0,88.0,0.432,11.0,32.0,0.344,24.0,28.0,0.857,7.0,36.0,43.0,25.0,4.0,4.0,19.0,21.0,111.0,-12,1,Regular Season,00,Houston,50,17,11,9,7,1,1,19,10,27,Phoenix,54,14,24,15,0,12,6,13,15058.0,2:08,1
103,22021,1610612737,ATL,Atlanta Hawks,0022100120,2021-11-04 00:00:00,ATL vs. UTA,L,240,35.0,82.0,0.427,7.0,28.0,0.25,21.0,26.0,0.808,5.0,27.0,32.0,18.0,11.0,4.0,9.0,24.0,98.0,-18,1,1610612762,UTA,Utah Jazz,UTA @ ATL,W,41.0,81.0,0.506,17.0,41.0,0.415,17.0,23.0,0.739,8.0,38.0,46.0,30.0,6.0,4.0,17.0,20.0,116.0,18,1,Regular Season,00,Atlanta,38,7,6,9,7,3,0,9,9,20,Utah,46,12,8,22,3,17,11,16,16590.0,2:12,0
104,22021,1610612748,MIA,Miami Heat,0022100121,2021-11-04 00:00:00,MIA vs. BOS,L,240,28.0,81.0,0.346,9.0,41.0,0.22,13.0,19.0,0.684,13.0,32.0,45.0,18.0,8.0,0.0,18.0,19.0,78.0,-17,1,1610612738,BOS,Boston Celtics,BOS @ MIA,W,31.0,78.0,0.397,16.0,41.0,0.39,17.0,20.0,0.85,11.0,35.0,46.0,16.0,7.0,4.0,16.0,16.0,95.0,17,1,Regular Season,00,Miami,36,10,5,8,1,1,0,18,11,16,Boston,28,14,2,26,0,16,7,14,19600.0,2:13,0
105,22021,1610612765,DET,Detroit Pistons,0022100119,2021-11-04 00:00:00,DET vs. PHI,L,240,35.0,87.0,0.402,11.0,36.0,0.306,17.0,19.0,0.895,12.0,29.0,41.0,21.0,6.0,2.0,11.0,18.0,98.0,-11,1,1610612755,PHI,Philadelphia 76ers,PHI @ DET,W,41.0,83.0,0.494,12.0,32.0,0.375,15.0,22.0,0.682,15.0,34.0,49.0,22.0,8.0,3.0,15.0,17.0,109.0,11,1,Regular Season,00,Detroit,40,10,9,8,14,9,0,11,5,15,Philadelphia,40,21,11,16,3,15,8,16,8702.0,2:12,0
106,22021,1610612753,ORL,Orlando Magic,0022100125,2021-11-05 00:00:00,ORL vs. SAS,L,240,35.0,89.0,0.393,12.0,41.0,0.293,7.0,10.0,0.7,7.0,36.0,43.0,23.0,9.0,12.0,18.0,13.0,89.0,-13,1,1610612759,SAS,San Antonio Spurs,SAS @ ORL,W,40.0,90.0,0.444,6.0,19.0,0.316,16.0,18.0,0.889,5.0,43.0,48.0,23.0,11.0,7.0,13.0,14.0,102.0,13,1,Regular Season,00,San Antonio,48,14,15,16,2,1,0,13,8,11,Orlando,40,8,12,5,0,18,10,17,14101.0,2:12,0
107,22021,1610612758,SAC,Sacramento Kings,0022100132,2021-11-05 00:00:00,SAC vs. CHA,W,240,48.0,87.0,0.552,22.0,44.0,0.5,22.0,26.0,0.846,13.0,43.0,56.0,29.0,5.0,1.0,18.0,21.0,140.0,30,1,1610612766,CHA,Charlotte Hornets,CHA @ SAC,L,43.0,92.0,0.467,11.0,35.0,0.314,13.0,21.0,0.619,7.0,21.0,28.0,29.0,8.0,5.0,10.0,19.0,110.0,-30,1,Regular Season,00,Charlotte,54,7,16,3,4,0,0,10,10,16,Sacramento,46,15,14,30,0,18,6,18,14905.0,2:07,1
108,22021,1610612764,WAS,Washington Wizards,0022100126,2021-11-05 00:00:00,WAS vs. MEM,W,240,49.0,84.0,0.583,10.0,25.0,0.4,7.0,13.0,0.538,5.0,48.0,53.0,34.0,4.0,6.0,19.0,13.0,115.0,28,1,1610612763,MEM,Memphis Grizzlies,MEM @ WAS,L,34.0,96.0,0.354,6.0,31.0,0.194,13.0,17.0,0.765,12.0,27.0,39.0,19.0,12.0,4.0,9.0,15.0,87.0,-28,1,Regular Season,00,Memphis,48,12,8,2,3,4,0,9,6,9,Washington,66,12,11,32,1,19,9,20,16302.0,2:13,1
109,22021,1610612750,MIN,Minnesota Timberwolves,0022100129,2021-11-05 00:00:00,MIN vs. LAC,L,240,31.0,89.0,0.348,17.0,52.0,0.327,5.0,7.0,0.714,7.0,35.0,42.0,17.0,8.0,7.0,22.0,33.0,84.0,-20,1,1610612746,LAC,LA Clippers,LAC @ MIN,W,36.0,88.0,0.409,6.0,28.0,0.214,26.0,32.0,0.813,15.0,47.0,62.0,18.0,12.0,4.0,17.0,16.0,104.0,20,1,Regular Season,00,Minnesota,22,12,3,20,4,2,1,22,7,24,LA,46,9,15,21,0,17,7,22,17136.0,2:16,0
110,22021,1610612749,MIL,Milwaukee Bucks,0022100128,2021-11-05 00:00:00,MIL vs. NYK,L,240,33.0,82.0,0.402,16.0,43.0,0.372,16.0,21.0,0.762,7.0,30.0,37.0,19.0,5.0,5.0,15.0,20.0,98.0,-15,1,1610612752,NYK,New York Knicks,NYK @ MIL,W,41.0,96.0,0.427,10.0,40.0,0.25,21.0,26.0,0.808,20.0,39.0,59.0,16.0,12.0,4.0,15.0,17.0,113.0,15,1,Regular Season,00,New York,54,20,13,22,1,2,1,15,12,15,Milwaukee,28,5,10,21,0,15,6,20,17341.0,2:16,0
111,22021,1610612765,DET,Detroit Pistons,0022100124,2021-11-05 00:00:00,DET vs. BKN,L,240,33.0,87.0,0.379,11.0,34.0,0.324,13.0,18.0,0.722,7.0,37.0,44.0,17.0,11.0,6.0,14.0,22.0,90.0,-6,1,1610612751,BKN,Brooklyn Nets,BKN @ DET,W,36.0,80.0,0.45,11.0,27.0,0.407,13.0,14.0,0.929,4.0,41.0,45.0,25.0,3.0,4.0,17.0,21.0,96.0,6,1,Regular Season,00,Brooklyn,34,9,6,16,4,5,1,17,8,21,Detroit,38,6,13,3,1,14,7,24,14235.0,2:18,0
112,22021,1610612757,POR,Portland Trail Blazers,0022100131,2021-11-05 00:00:00,POR vs. IND,W,240,40.0,82.0,0.488,17.0,39.0,0.436,13.0,15.0,0.867,6.0,36.0,42.0,27.0,7.0,4.0,14.0,15.0,110.0,4,1,1610612754,IND,Indiana Pacers,IND @ POR,L,43.0,88.0,0.489,14.0,42.0,0.333,6.0,10.0,0.6,7.0,33.0,40.0,28.0,8.0,2.0,11.0,18.0,106.0,-4,1,Regular Season,00,Portland,38,7,17,16,10,4,1,14,4,17,Indiana,52,8,13,9,0,11,7,10,16841.0,2:04,1
113,22021,1610612756,PHX,Phoenix Suns,0022100137,2021-11-06 00:00:00,PHX vs. ATL,W,240,45.0,88.0,0.511,14.0,43.0,0.326,17.0,21.0,0.81,5.0,37.0,42.0,26.0,8.0,6.0,12.0,22.0,121.0,4,1,1610612737,ATL,Atlanta Hawks,ATL @ PHX,L,42.0,97.0,0.433,13.0,33.0,0.394,20.0,23.0,0.87,14.0,36.0,50.0,18.0,3.0,1.0,12.0,16.0,117.0,-4,1,Regular Season,00,Phoenix,48,0,14,6,13,20,0,12,6,14,Atlanta,32,13,2,12,0,12,7,12,15412.0,2:11,1
114,22021,1610612741,CHI,Chicago Bulls,0022100135,2021-11-06 00:00:00,CHI vs. PHI,L,240,37.0,92.0,0.402,7.0,29.0,0.241,24.0,30.0,0.8,18.0,28.0,46.0,20.0,7.0,1.0,9.0,19.0,105.0,-9,1,1610612755,PHI,Philadelphia 76ers,PHI @ CHI,W,43.0,81.0,0.531,13.0,26.0,0.5,15.0,19.0,0.789,6.0,35.0,41.0,22.0,6.0,5.0,14.0,22.0,114.0,9,1,Regular Season,00,Chicago,48,22,13,6,9,8,0,9,9,3,Philadelphia,46,11,5,14,0,14,7,23,20936.0,2:16,0
115,22021,1610612757,POR,Portland Trail Blazers,0022100138,2021-11-06 00:00:00,POR vs. LAL,W,240,36.0,95.0,0.379,15.0,55.0,0.273,18.0,24.0,0.75,12.0,40.0,52.0,22.0,14.0,7.0,12.0,21.0,105.0,15,1,1610612747,LAL,Los Angeles Lakers,LAL @ POR,L,31.0,90.0,0.344,9.0,32.0,0.281,19.0,24.0,0.792,11.0,48.0,59.0,20.0,8.0,5.0,19.0,17.0,90.0,-15,1,Regular Season,00,Portland,34,24,17,34,0,1,1,12,9,12,Los Angeles,38,13,14,0,0,19,9,19,19393.0,2:06,1
116,22021,1610612748,MIA,Miami Heat,0022100134,2021-11-06 00:00:00,MIA vs. UTA,W,240,47.0,78.0,0.603,11.0,21.0,0.524,13.0,17.0,0.765,7.0,29.0,36.0,30.0,3.0,1.0,14.0,18.0,118.0,3,1,1610612762,UTA,Utah Jazz,UTA @ MIA,L,43.0,83.0,0.518,15.0,45.0,0.333,14.0,19.0,0.737,7.0,24.0,31.0,26.0,10.0,3.0,6.0,19.0,115.0,-3,1,Regular Season,00,Utah,52,9,16,5,8,6,0,6,4,8,Miami,48,21,7,19,0,14,9,22,19600.0,2:16,1
117,22021,1610612753,ORL,Orlando Magic,0022100141,2021-11-07 00:00:00,ORL vs. UTA,W,240,43.0,87.0,0.494,12.0,32.0,0.375,9.0,11.0,0.818,7.0,32.0,39.0,24.0,8.0,8.0,13.0,22.0,107.0,7,1,1610612762,UTA,Utah Jazz,UTA @ ORL,L,34.0,89.0,0.382,8.0,42.0,0.19,24.0,29.0,0.828,16.0,34.0,50.0,21.0,10.0,7.0,18.0,17.0,100.0,-7,1,Regular Season,00,Utah,44,22,7,13,7,5,1,18,13,19,Orlando,48,12,19,15,0,13,4,15,13386.0,2:10,1
118,22021,1610612761,TOR,Toronto Raptors,0022100139,2021-11-07 00:00:00,TOR vs. BKN,L,240,41.0,87.0,0.471,7.0,30.0,0.233,14.0,18.0,0.778,8.0,27.0,35.0,23.0,10.0,6.0,8.0,16.0,103.0,-13,1,1610612751,BKN,Brooklyn Nets,BKN @ TOR,W,41.0,80.0,0.513,17.0,38.0,0.447,17.0,20.0,0.85,12.0,36.0,48.0,29.0,3.0,0.0,16.0,15.0,116.0,13,1,Regular Season,00,Toronto,54,9,15,7,4,8,0,8,6,14,Brooklyn,36,14,11,15,1,16,3,21,19800.0,2:01,0
119,22021,1610612764,WAS,Washington Wizards,0022100142,2021-11-07 00:00:00,WAS vs. MIL,W,240,41.0,81.0,0.506,11.0,27.0,0.407,8.0,13.0,0.615,4.0,38.0,42.0,24.0,8.0,8.0,19.0,16.0,101.0,7,1,1610612749,MIL,Milwaukee Bucks,MIL @ WAS,L,37.0,94.0,0.394,10.0,36.0,0.278,10.0,18.0,0.556,16.0,33.0,49.0,17.0,14.0,3.0,13.0,10.0,94.0,-7,1,Regular Season,00,Milwaukee,44,14,4,5,18,7,1,13,8,12,Washington,50,8,11,12,0,19,11,21,15570.0,2:12,1
120,22021,1610612746,LAC,LA Clippers,0022100146,2021-11-07 00:00:00,LAC vs. CHA,W,240,41.0,86.0,0.477,18.0,48.0,0.375,20.0,21.0,0.952,7.0,43.0,50.0,24.0,8.0,5.0,20.0,16.0,120.0,14,1,1610612766,CHA,Charlotte Hornets,CHA @ LAC,L,41.0,101.0,0.406,10.0,33.0,0.303,14.0,18.0,0.778,12.0,32.0,44.0,20.0,13.0,2.0,13.0,21.0,106.0,-14,1,Regular Season,00,Charlotte,54,16,17,13,19,4,0,13,7,19,LA,38,8,14,14,0,20,9,30,15781.0,2:26,1
121,22021,1610612752,NYK,New York Knicks,0022100140,2021-11-07 00:00:00,NYK vs. CLE,L,240,39.0,85.0,0.459,9.0,31.0,0.29,22.0,24.0,0.917,7.0,25.0,32.0,21.0,9.0,9.0,11.0,14.0,109.0,-17,1,1610612739,CLE,Cleveland Cavaliers,CLE @ NYK,W,49.0,90.0,0.544,19.0,35.0,0.543,9.0,11.0,0.818,11.0,37.0,48.0,31.0,8.0,2.0,17.0,18.0,126.0,17,1,Regular Season,00,New York,54,12,10,7,14,9,1,11,5,9,Cleveland,52,13,11,17,2,17,6,16,19040.0,2:05,0
122,22021,1610612760,OKC,Oklahoma City Thunder,0022100144,2021-11-07 00:00:00,OKC vs. SAS,W,240,35.0,94.0,0.372,12.0,42.0,0.286,17.0,20.0,0.85,15.0,42.0,57.0,21.0,5.0,7.0,15.0,14.0,99.0,5,1,1610612759,SAS,San Antonio Spurs,SAS @ OKC,L,41.0,100.0,0.41,6.0,30.0,0.2,6.0,9.0,0.667,11.0,35.0,46.0,29.0,9.0,10.0,10.0,16.0,94.0,-5,1,Regular Season,00,Oklahoma City,44,15,6,10,5,2,2,15,10,13,San Antonio,60,15,6,16,1,10,11,8,12972.0,2:04,1
123,22021,1610612758,SAC,Sacramento Kings,0022100143,2021-11-07 00:00:00,SAC vs. IND,L,240,31.0,84.0,0.369,10.0,34.0,0.294,19.0,22.0,0.864,8.0,25.0,33.0,20.0,14.0,6.0,12.0,18.0,91.0,-3,1,1610612754,IND,Indiana Pacers,IND @ SAC,W,37.0,83.0,0.446,6.0,25.0,0.24,14.0,18.0,0.778,13.0,41.0,54.0,13.0,8.0,7.0,21.0,24.0,94.0,3,1,Regular Season,00,Indiana,46,15,0,15,6,3,2,21,11,24,Sacramento,42,16,18,3,0,12,8,7,12993.0,2:16,0
124,22021,1610612755,PHI,Philadelphia 76ers,0022100147,2021-11-08 00:00:00,PHI vs. NYK,L,240,35.0,91.0,0.385,13.0,40.0,0.325,13.0,16.0,0.813,12.0,35.0,47.0,20.0,7.0,6.0,9.0,13.0,96.0,-7,1,1610612752,NYK,New York Knicks,NYK @ PHI,W,40.0,91.0,0.44,13.0,40.0,0.325,10.0,13.0,0.769,14.0,41.0,55.0,25.0,4.0,4.0,13.0,18.0,103.0,7,1,Regular Season,00,Philadelphia,42,13,5,3,7,3,1,9,5,10,New York,44,22,23,19,0,13,6,5,20224.0,2:05,0
125,22021,1610612758,SAC,Sacramento Kings,0022100153,2021-11-08 00:00:00,SAC vs. PHX,L,240,37.0,82.0,0.451,10.0,24.0,0.417,20.0,26.0,0.769,8.0,38.0,46.0,18.0,6.0,6.0,24.0,18.0,104.0,-5,1,1610612756,PHX,Phoenix Suns,PHX @ SAC,W,44.0,93.0,0.473,12.0,30.0,0.4,9.0,11.0,0.818,5.0,33.0,38.0,28.0,14.0,9.0,15.0,21.0,109.0,5,1,Regular Season,00,Phoenix,48,8,15,24,8,3,1,15,7,19,Sacramento,40,9,13,5,0,24,11,38,13566.0,2:16,0
126,22021,1610612741,CHI,Chicago Bulls,0022100148,2021-11-08 00:00:00,CHI vs. BKN,W,240,46.0,98.0,0.469,9.0,31.0,0.29,17.0,20.0,0.85,15.0,41.0,56.0,21.0,8.0,5.0,9.0,17.0,118.0,23,1,1610612751,BKN,Brooklyn Nets,BKN @ CHI,L,34.0,86.0,0.395,11.0,33.0,0.333,16.0,19.0,0.842,6.0,36.0,42.0,19.0,6.0,7.0,15.0,16.0,95.0,-23,1,Regular Season,00,Chicago,54,17,9,23,8,7,0,9,6,14,Brooklyn,26,12,2,8,1,15,6,17,19459.0,2:06,1
127,22021,1610612747,LAL,Los Angeles Lakers,0022100154,2021-11-08 00:00:00,LAL vs. CHA,W,265,44.0,91.0,0.484,13.0,32.0,0.406,25.0,35.0,0.714,8.0,43.0,51.0,30.0,11.0,8.0,15.0,23.0,126.0,3,1,1610612766,CHA,Charlotte Hornets,CHA @ LAL,L,43.0,99.0,0.434,14.0,42.0,0.333,23.0,28.0,0.821,14.0,41.0,55.0,23.0,5.0,3.0,18.0,23.0,123.0,-3,1,Regular Season,00,Charlotte,56,11,24,8,24,13,0,18,4,33,Los Angeles,48,7,21,14,0,15,8,6,18997.0,2:44,1
128,22021,1610612743,DEN,Denver Nuggets,0022100151,2021-11-08 00:00:00,DEN vs. MIA,W,240,42.0,91.0,0.462,12.0,41.0,0.293,17.0,24.0,0.708,12.0,37.0,49.0,28.0,7.0,5.0,10.0,23.0,113.0,17,1,1610612748,MIA,Miami Heat,MIA @ DEN,L,31.0,78.0,0.397,13.0,36.0,0.361,21.0,25.0,0.84,6.0,31.0,37.0,22.0,3.0,3.0,13.0,20.0,96.0,-17,1,Regular Season,00,Denver,50,19,16,23,4,1,1,10,14,14,Miami,26,9,15,1,0,13,7,22,15577.0,0:00,1
129,22021,1610612746,LAC,LA Clippers,0022100157,2021-11-09 00:00:00,LAC vs. POR,W,240,44.0,85.0,0.518,16.0,30.0,0.533,13.0,19.0,0.684,5.0,38.0,43.0,25.0,5.0,0.0,8.0,17.0,117.0,8,1,1610612757,POR,Portland Trail Blazers,POR @ LAC,L,43.0,91.0,0.473,14.0,37.0,0.378,9.0,12.0,0.75,9.0,34.0,43.0,29.0,6.0,5.0,10.0,15.0,109.0,-8,1,Regular Season,00,Portland,50,7,5,6,14,5,1,10,5,11,LA,44,6,14,12,0,8,7,9,14131.0,2:08,1
130,22021,1610612755,PHI,Philadelphia 76ers,0022100155,2021-11-09 00:00:00,PHI vs. MIL,L,240,42.0,103.0,0.408,14.0,43.0,0.326,11.0,12.0,0.917,13.0,33.0,46.0,21.0,7.0,7.0,7.0,20.0,109.0,-9,1,1610612749,MIL,Milwaukee Bucks,MIL @ PHI,W,44.0,95.0,0.463,15.0,39.0,0.385,15.0,21.0,0.714,12.0,40.0,52.0,21.0,5.0,6.0,9.0,10.0,118.0,9,1,Regular Season,00,Milwaukee,52,18,21,9,15,4,1,9,11,9,Philadelphia,48,19,20,13,0,7,10,10,20029.0,2:14,0
131,22021,1610612762,UTA,Utah Jazz,0022100156,2021-11-09 00:00:00,UTA vs. ATL,W,240,41.0,81.0,0.506,15.0,38.0,0.395,13.0,16.0,0.813,8.0,36.0,44.0,21.0,8.0,4.0,15.0,20.0,110.0,12,1,1610612737,ATL,Atlanta Hawks,ATL @ UTA,L,37.0,85.0,0.435,18.0,35.0,0.514,6.0,10.0,0.6,6.0,26.0,32.0,22.0,6.0,5.0,13.0,18.0,98.0,-12,1,Regular Season,00,Atlanta,34,11,8,3,6,6,2,13,9,13,Utah,42,13,11,18,1,15,10,18,18306.0,2:06,1
132,22021,1610612743,DEN,Denver Nuggets,0022100167,2021-11-10 00:00:00,DEN vs. IND,W,240,36.0,84.0,0.429,12.0,30.0,0.4,17.0,20.0,0.85,11.0,28.0,39.0,19.0,5.0,4.0,10.0,14.0,101.0,3,1,1610612754,IND,Indiana Pacers,IND @ DEN,L,40.0,84.0,0.476,11.0,31.0,0.355,7.0,11.0,0.636,10.0,38.0,48.0,22.0,5.0,11.0,15.0,19.0,98.0,-3,1,Regular Season,00,Indiana,56,14,13,8,6,5,3,15,7,15,Denver,42,11,6,8,0,10,5,12,15232.0,2:15,1
133,22021,1610612759,SAS,San Antonio Spurs,0022100166,2021-11-10 00:00:00,SAS vs. SAC,W,240,49.0,92.0,0.533,18.0,32.0,0.563,20.0,31.0,0.645,12.0,31.0,43.0,34.0,11.0,3.0,8.0,16.0,136.0,19,1,1610612758,SAC,Sacramento Kings,SAC @ SAS,L,47.0,91.0,0.516,10.0,36.0,0.278,13.0,16.0,0.813,11.0,33.0,44.0,20.0,4.0,6.0,15.0,26.0,117.0,-19,1,Regular Season,00,Sacramento,56,10,8,0,0,0,0,15,4,22,San Antonio,48,24,10,25,0,8,10,12,15065.0,2:09,1
134,22021,1610612738,BOS,Boston Celtics,0022100160,2021-11-10 00:00:00,BOS vs. TOR,W,240,42.0,94.0,0.447,10.0,29.0,0.345,10.0,15.0,0.667,12.0,32.0,44.0,21.0,10.0,5.0,15.0,13.0,104.0,16,1,1610612761,TOR,Toronto Raptors,TOR @ BOS,L,33.0,77.0,0.429,6.0,25.0,0.24,16.0,19.0,0.842,6.0,35.0,41.0,20.0,8.0,8.0,18.0,17.0,88.0,-16,1,Regular Season,00,Toronto,48,8,18,0,0,1,0,18,5,16,Boston,50,21,10,18,0,15,14,26,19156.0,2:12,1
135,22021,1610612753,ORL,Orlando Magic,0022100159,2021-11-10 00:00:00,ORL vs. BKN,L,240,35.0,92.0,0.38,4.0,33.0,0.121,16.0,24.0,0.667,12.0,37.0,49.0,19.0,10.0,3.0,17.0,18.0,90.0,-33,1,1610612751,BKN,Brooklyn Nets,BKN @ ORL,W,46.0,91.0,0.505,16.0,37.0,0.432,15.0,17.0,0.882,8.0,41.0,49.0,29.0,8.0,5.0,15.0,18.0,123.0,33,1,Regular Season,00,Orlando,50,13,8,0,0,1,0,17,8,10,Brooklyn,38,8,15,34,0,15,6,14,13882.0,2:06,0
136,22021,1610612747,LAL,Los Angeles Lakers,0022100170,2021-11-10 00:00:00,LAL vs. MIA,W,265,46.0,92.0,0.5,18.0,38.0,0.474,10.0,16.0,0.625,9.0,41.0,50.0,26.0,5.0,6.0,23.0,27.0,120.0,3,1,1610612748,MIA,Miami Heat,MIA @ LAL,L,40.0,96.0,0.417,10.0,37.0,0.27,27.0,35.0,0.771,11.0,36.0,47.0,26.0,14.0,2.0,14.0,25.0,117.0,-3,1,Regular Season,00,Los Angeles,38,6,10,8,33,14,1,23,10,20,Miami,50,16,12,9,0,14,9,14,18997.0,2:45,1
137,22021,1610612741,CHI,Chicago Bulls,0022100163,2021-11-10 00:00:00,CHI vs. DAL,W,240,45.0,89.0,0.506,15.0,31.0,0.484,12.0,14.0,0.857,8.0,38.0,46.0,26.0,9.0,2.0,11.0,15.0,117.0,10,1,1610612742,DAL,Dallas Mavericks,DAL @ CHI,L,38.0,83.0,0.458,12.0,33.0,0.364,19.0,24.0,0.792,8.0,35.0,43.0,23.0,9.0,4.0,12.0,16.0,107.0,-10,1,Regular Season,00,Dallas,40,8,12,7,5,6,0,12,3,15,Chicago,44,15,16,18,0,11,4,10,20910.0,2:08,1
138,22021,1610612752,NYK,New York Knicks,0022100161,2021-11-10 00:00:00,NYK vs. MIL,L,240,36.0,83.0,0.434,16.0,37.0,0.432,12.0,17.0,0.706,7.0,31.0,38.0,19.0,9.0,10.0,11.0,17.0,100.0,-12,1,1610612749,MIL,Milwaukee Bucks,MIL @ NYK,W,40.0,90.0,0.444,26.0,50.0,0.52,6.0,9.0,0.667,13.0,37.0,50.0,29.0,4.0,4.0,15.0,17.0,112.0,12,1,Regular Season,00,New York,30,8,22,3,7,7,1,11,9,13,Milwaukee,20,20,8,24,1,15,8,19,18027.0,2:08,0
139,22021,1610612756,PHX,Phoenix Suns,0022100168,2021-11-10 00:00:00,PHX vs. POR,W,240,49.0,94.0,0.521,11.0,28.0,0.393,10.0,12.0,0.833,9.0,30.0,39.0,27.0,6.0,6.0,11.0,20.0,119.0,10,1,1610612757,POR,Portland Trail Blazers,POR @ PHX,L,44.0,91.0,0.484,7.0,30.0,0.233,14.0,16.0,0.875,14.0,32.0,46.0,24.0,5.0,2.0,16.0,21.0,109.0,-10,1,Regular Season,00,Portland,56,17,9,7,3,3,2,16,5,16,Phoenix,60,17,4,15,1,11,6,9,15672.0,2:09,1
140,22021,1610612740,NOP,New Orleans Pelicans,0022100165,2021-11-10 00:00:00,NOP vs. OKC,L,240,34.0,97.0,0.351,9.0,35.0,0.257,23.0,32.0,0.719,19.0,31.0,50.0,24.0,13.0,5.0,10.0,20.0,100.0,-8,1,1610612760,OKC,Oklahoma City Thunder,OKC @ NOP,W,37.0,87.0,0.425,10.0,34.0,0.294,24.0,30.0,0.8,13.0,43.0,56.0,23.0,6.0,4.0,18.0,23.0,108.0,8,1,Regular Season,00,Oklahoma City,46,20,0,21,4,7,0,18,11,18,New Orleans,46,22,5,8,1,10,11,17,15355.0,2:25,0
141,22021,1610612762,UTA,Utah Jazz,0022100172,2021-11-11 00:00:00,UTA vs. IND,L,240,39.0,83.0,0.47,9.0,32.0,0.281,13.0,23.0,0.565,7.0,30.0,37.0,22.0,6.0,4.0,12.0,16.0,100.0,-11,1,1610612754,IND,Indiana Pacers,IND @ UTA,W,43.0,96.0,0.448,11.0,31.0,0.355,14.0,19.0,0.737,15.0,38.0,53.0,19.0,7.0,5.0,13.0,23.0,111.0,11,1,Regular Season,00,Indiana,48,22,2,15,7,8,3,13,11,14,Utah,58,11,5,6,0,12,11,10,18306.0,2:17,0
142,22021,1610612746,LAC,LA Clippers,0022100173,2021-11-11 00:00:00,LAC vs. MIA,W,240,43.0,91.0,0.473,11.0,37.0,0.297,15.0,17.0,0.882,9.0,33.0,42.0,20.0,9.0,9.0,12.0,14.0,112.0,3,1,1610612748,MIA,Miami Heat,MIA @ LAC,L,43.0,97.0,0.443,9.0,41.0,0.22,14.0,17.0,0.824,18.0,32.0,50.0,18.0,9.0,4.0,15.0,21.0,109.0,-3,1,Regular Season,00,LA,52,18,14,11,3,2,0,12,8,7,Miami,52,21,8,17,0,15,7,18,16150.0,2:13,1
143,22021,1610612760,OKC,Oklahoma City Thunder,0022100180,2021-11-12 00:00:00,OKC vs. SAC,W,240,42.0,99.0,0.424,10.0,30.0,0.333,11.0,15.0,0.733,16.0,36.0,52.0,13.0,8.0,6.0,10.0,18.0,105.0,2,1,1610612758,SAC,Sacramento Kings,SAC @ OKC,L,38.0,95.0,0.4,14.0,41.0,0.341,13.0,17.0,0.765,11.0,38.0,49.0,20.0,5.0,7.0,14.0,12.0,103.0,-2,1,Regular Season,00,Oklahoma City,56,18,0,5,1,4,0,10,9,15,Sacramento,42,12,4,18,1,14,12,15,12881.0,2:08,1
144,22021,1610612738,BOS,Boston Celtics,0022100175,2021-11-12 00:00:00,BOS vs. MIL,W,265,47.0,96.0,0.49,12.0,41.0,0.293,16.0,18.0,0.889,16.0,37.0,53.0,22.0,5.0,7.0,17.0,12.0,122.0,9,1,1610612749,MIL,Milwaukee Bucks,MIL @ BOS,L,44.0,98.0,0.449,16.0,47.0,0.34,9.0,11.0,0.818,12.0,27.0,39.0,23.0,7.0,3.0,13.0,19.0,113.0,-9,1,Regular Season,00,Boston,62,17,0,10,22,10,1,17,8,24,Milwaukee,42,10,8,4,2,13,7,16,19156.0,2:21,1
145,22021,1610612745,HOU,Houston Rockets,0022100177,2021-11-12 00:00:00,HOU vs. POR,L,240,34.0,85.0,0.4,7.0,32.0,0.219,17.0,27.0,0.63,9.0,40.0,49.0,13.0,6.0,6.0,13.0,23.0,92.0,-12,1,1610612757,POR,Portland Trail Blazers,POR @ HOU,W,34.0,87.0,0.391,11.0,36.0,0.306,25.0,31.0,0.806,11.0,41.0,52.0,21.0,10.0,4.0,14.0,27.0,104.0,12,1,Regular Season,00,Portland,38,17,9,17,1,1,1,14,9,13,Houston,54,17,4,8,0,13,10,11,15468.0,2:13,0
146,22021,1610612739,CLE,Cleveland Cavaliers,0022100176,2021-11-12 00:00:00,CLE vs. DET,W,240,39.0,82.0,0.476,14.0,41.0,0.341,6.0,9.0,0.667,8.0,32.0,40.0,27.0,12.0,6.0,21.0,11.0,98.0,20,1,1610612765,DET,Detroit Pistons,DET @ CLE,L,29.0,79.0,0.367,9.0,30.0,0.3,11.0,13.0,0.846,10.0,33.0,43.0,18.0,12.0,5.0,23.0,13.0,78.0,-20,1,Regular Season,00,Detroit,34,15,7,1,2,1,0,23,6,27,Cleveland,50,6,9,27,2,21,9,11,17095.0,1:60,1
147,22021,1610612743,DEN,Denver Nuggets,0022100182,2021-11-12 00:00:00,DEN vs. ATL,W,240,40.0,90.0,0.444,10.0,35.0,0.286,15.0,20.0,0.75,10.0,39.0,49.0,26.0,6.0,5.0,8.0,21.0,105.0,9,1,1610612737,ATL,Atlanta Hawks,ATL @ DEN,L,38.0,93.0,0.409,5.0,28.0,0.179,15.0,21.0,0.714,14.0,36.0,50.0,20.0,2.0,5.0,8.0,20.0,96.0,-9,1,Regular Season,00,Atlanta,64,17,16,5,4,8,0,8,8,12,Denver,54,12,19,15,1,8,9,15,16849.0,2:08,1
148,22021,1610612759,SAS,San Antonio Spurs,0022100181,2021-11-12 00:00:00,SAS vs. DAL,L,240,41.0,84.0,0.488,13.0,30.0,0.433,14.0,20.0,0.7,3.0,38.0,41.0,30.0,3.0,3.0,13.0,17.0,109.0,-14,1,1610612742,DAL,Dallas Mavericks,DAL @ SAS,W,46.0,100.0,0.46,18.0,45.0,0.4,13.0,19.0,0.684,10.0,38.0,48.0,30.0,9.0,7.0,6.0,18.0,123.0,14,1,Regular Season,00,San Antonio,46,13,5,5,4,2,0,13,8,16,Dallas,48,22,13,27,1,6,12,6,13425.0,2:04,0
149,22021,1610612747,LAL,Los Angeles Lakers,0022100184,2021-11-12 00:00:00,LAL vs. MIN,L,240,29.0,82.0,0.354,9.0,41.0,0.22,16.0,20.0,0.8,11.0,33.0,44.0,17.0,12.0,8.0,20.0,14.0,83.0,-24,1,1610612750,MIN,Minnesota Timberwolves,MIN @ LAL,W,43.0,94.0,0.457,12.0,37.0,0.324,9.0,12.0,0.75,14.0,40.0,54.0,24.0,10.0,4.0,16.0,21.0,107.0,24,1,Regular Season,00,Minnesota,56,19,6,33,6,3,0,16,8,15,Los Angeles,32,10,10,11,1,20,5,23,18997.0,2:15,0
150,22021,1610612766,CHA,Charlotte Hornets,0022100174,2021-11-12 00:00:00,CHA vs. NYK,W,240,39.0,90.0,0.433,10.0,36.0,0.278,16.0,24.0,0.667,12.0,37.0,49.0,25.0,10.0,5.0,14.0,18.0,104.0,8,1,1610612752,NYK,New York Knicks,NYK @ CHA,L,36.0,93.0,0.387,13.0,35.0,0.371,11.0,18.0,0.611,14.0,37.0,51.0,17.0,8.0,5.0,19.0,22.0,96.0,-8,1,Regular Season,00,Charlotte,58,19,16,11,12,6,2,14,9,16,New York,44,14,14,16,0,19,14,17,19257.0,2:15,1
151,22021,1610612762,UTA,Utah Jazz,0022100185,2021-11-13 00:00:00,UTA vs. MIA,L,240,35.0,85.0,0.412,17.0,53.0,0.321,18.0,25.0,0.72,12.0,26.0,38.0,23.0,13.0,2.0,17.0,19.0,105.0,-6,1,1610612748,MIA,Miami Heat,MIA @ UTA,W,42.0,85.0,0.494,13.0,33.0,0.394,14.0,16.0,0.875,13.0,35.0,48.0,23.0,6.0,3.0,21.0,25.0,111.0,6,1,Regular Season,00,Miami,50,9,11,27,2,1,2,21,6,17,Utah,36,16,16,3,1,17,10,24,18306.0,2:29,0
152,22021,1610612761,TOR,Toronto Raptors,0022100189,2021-11-13 00:00:00,TOR vs. DET,L,240,44.0,87.0,0.506,13.0,34.0,0.382,20.0,31.0,0.645,15.0,24.0,39.0,21.0,9.0,1.0,13.0,25.0,121.0,-6,1,1610612765,DET,Detroit Pistons,DET @ TOR,W,43.0,79.0,0.544,15.0,35.0,0.429,26.0,30.0,0.867,9.0,25.0,34.0,34.0,5.0,6.0,14.0,23.0,127.0,6,1,Regular Season,00,Detroit,52,12,16,11,12,9,1,14,8,25,Toronto,50,17,17,9,0,13,13,15,19800.0,2:21,0
153,22021,1610612753,ORL,Orlando Magic,0022100187,2021-11-13 00:00:00,ORL vs. WAS,L,240,31.0,92.0,0.337,13.0,40.0,0.325,17.0,20.0,0.85,14.0,30.0,44.0,21.0,7.0,5.0,13.0,15.0,92.0,-12,1,1610612764,WAS,Washington Wizards,WAS @ ORL,W,42.0,84.0,0.5,12.0,35.0,0.343,8.0,10.0,0.8,7.0,41.0,48.0,29.0,6.0,7.0,16.0,17.0,104.0,12,1,Regular Season,00,Washington,42,11,6,25,4,0,1,16,6,12,Orlando,26,16,8,4,0,13,10,14,17272.0,2:02,0
154,22021,1610612740,NOP,New Orleans Pelicans,0022100188,2021-11-13 00:00:00,NOP vs. MEM,W,240,38.0,79.0,0.481,14.0,29.0,0.483,22.0,25.0,0.88,8.0,29.0,37.0,29.0,5.0,6.0,14.0,22.0,112.0,11,1,1610612763,MEM,Memphis Grizzlies,MEM @ NOP,L,38.0,88.0,0.432,8.0,24.0,0.333,17.0,21.0,0.81,13.0,26.0,39.0,21.0,6.0,6.0,9.0,19.0,101.0,-11,1,Regular Season,00,New Orleans,34,10,0,22,0,1,1,14,15,6,Memphis,48,17,8,0,0,9,7,14,14358.0,2:14,1
155,22021,1610612754,IND,Indiana Pacers,0022100186,2021-11-13 00:00:00,IND vs. PHI,W,240,47.0,82.0,0.573,14.0,28.0,0.5,10.0,15.0,0.667,7.0,30.0,37.0,33.0,7.0,10.0,15.0,21.0,118.0,5,1,1610612755,PHI,Philadelphia 76ers,PHI @ IND,L,38.0,89.0,0.427,12.0,23.0,0.522,25.0,29.0,0.862,18.0,28.0,46.0,16.0,11.0,2.0,14.0,22.0,113.0,-5,1,Regular Season,00,Philadelphia,42,19,12,6,2,1,0,14,7,17,Indiana,58,6,21,20,0,15,5,15,14483.0,2:13,1
156,22021,1610612739,CLE,Cleveland Cavaliers,0022100190,2021-11-13 00:00:00,CLE vs. BOS,W,240,31.0,81.0,0.383,10.0,38.0,0.263,19.0,22.0,0.864,9.0,30.0,39.0,17.0,10.0,4.0,11.0,19.0,91.0,2,1,1610612738,BOS,Boston Celtics,BOS @ CLE,L,33.0,78.0,0.423,6.0,23.0,0.261,17.0,18.0,0.944,10.0,37.0,47.0,20.0,7.0,3.0,20.0,16.0,89.0,-2,1,Regular Season,00,Boston,40,9,10,19,7,7,1,20,8,20,Cleveland,36,10,6,4,0,11,5,15,19432.0,2:10,1
157,22021,1610612746,LAC,LA Clippers,0022100191,2021-11-13 00:00:00,LAC vs. MIN,W,240,53.0,99.0,0.535,16.0,40.0,0.4,7.0,9.0,0.778,11.0,46.0,57.0,35.0,6.0,8.0,14.0,17.0,129.0,27,1,1610612750,MIN,Minnesota Timberwolves,MIN @ LAC,L,40.0,102.0,0.392,11.0,36.0,0.306,11.0,16.0,0.688,12.0,29.0,41.0,25.0,8.0,6.0,11.0,15.0,102.0,-27,1,Regular Season,00,Minnesota,50,11,24,2,6,7,1,11,7,18,LA,66,10,26,31,0,14,10,17,15285.0,1:56,1
158,22021,1610612737,ATL,Atlanta Hawks,0022100193,2021-11-14 00:00:00,ATL vs. MIL,W,240,47.0,97.0,0.485,15.0,35.0,0.429,11.0,13.0,0.846,15.0,36.0,51.0,21.0,6.0,1.0,13.0,19.0,120.0,20,1,1610612749,MIL,Milwaukee Bucks,MIL @ ATL,L,38.0,84.0,0.452,14.0,41.0,0.341,10.0,16.0,0.625,4.0,26.0,30.0,24.0,8.0,3.0,11.0,17.0,100.0,-20,1,Regular Season,00,Atlanta,52,14,6,21,4,1,1,13,12,8,Milwaukee,34,8,7,2,0,11,11,15,16901.0,2:04,1
159,22021,1610612746,LAC,LA Clippers,0022100198,2021-11-14 00:00:00,LAC vs. CHI,L,240,29.0,81.0,0.358,11.0,34.0,0.324,21.0,21.0,1.0,9.0,35.0,44.0,16.0,7.0,7.0,20.0,15.0,90.0,-10,1,1610612741,CHI,Chicago Bulls,CHI @ LAC,W,38.0,86.0,0.442,11.0,29.0,0.379,13.0,14.0,0.929,7.0,38.0,45.0,19.0,9.0,4.0,15.0,20.0,100.0,10,1,Regular Season,00,LA,32,6,13,4,3,1,1,20,8,25,Chicago,34,11,11,17,0,15,4,20,17899.0,2:11,0
160,22021,1610612747,LAL,Los Angeles Lakers,0022100192,2021-11-14 00:00:00,LAL vs. SAS,W,240,43.0,83.0,0.518,15.0,31.0,0.484,13.0,17.0,0.765,9.0,37.0,46.0,28.0,6.0,5.0,16.0,16.0,114.0,8,1,1610612759,SAS,San Antonio Spurs,SAS @ LAL,L,40.0,90.0,0.444,16.0,36.0,0.444,10.0,15.0,0.667,11.0,32.0,43.0,28.0,9.0,2.0,15.0,17.0,106.0,-8,1,Regular Season,00,San Antonio,38,18,16,2,8,8,0,15,7,19,Los Angeles,42,7,19,14,2,16,3,15,18997.0,2:05,1
161,22021,1610612760,OKC,Oklahoma City Thunder,0022100196,2021-11-14 00:00:00,OKC vs. BKN,L,240,36.0,90.0,0.4,14.0,45.0,0.311,10.0,11.0,0.909,10.0,34.0,44.0,20.0,9.0,2.0,14.0,22.0,96.0,-24,1,1610612751,BKN,Brooklyn Nets,BKN @ OKC,W,41.0,82.0,0.5,18.0,43.0,0.419,20.0,21.0,0.952,7.0,37.0,44.0,31.0,8.0,3.0,15.0,15.0,120.0,24,1,Regular Season,00,Oklahoma City,38,13,14,5,4,7,0,14,5,15,Brooklyn,38,11,7,24,2,15,4,23,15080.0,2:01,0
162,22021,1610612745,HOU,Houston Rockets,0022100195,2021-11-14 00:00:00,HOU vs. PHX,L,240,35.0,85.0,0.412,7.0,32.0,0.219,12.0,18.0,0.667,9.0,39.0,48.0,19.0,7.0,5.0,23.0,19.0,89.0,-26,1,1610612756,PHX,Phoenix Suns,PHX @ HOU,W,42.0,97.0,0.433,14.0,40.0,0.35,17.0,20.0,0.85,12.0,40.0,52.0,19.0,16.0,7.0,10.0,19.0,115.0,26,1,Regular Season,00,Phoenix,44,17,11,28,2,1,0,10,6,5,Houston,50,15,10,2,0,23,8,22,16088.0,2:11,0
163,22021,1610612743,DEN,Denver Nuggets,0022100197,2021-11-14 00:00:00,DEN vs. POR,W,240,47.0,90.0,0.522,19.0,40.0,0.475,11.0,14.0,0.786,14.0,35.0,49.0,29.0,9.0,1.0,11.0,14.0,124.0,29,1,1610612757,POR,Portland Trail Blazers,POR @ DEN,L,35.0,80.0,0.438,13.0,39.0,0.333,12.0,13.0,0.923,8.0,28.0,36.0,22.0,8.0,4.0,13.0,15.0,95.0,-29,1,Regular Season,00,Portland,36,8,9,0,0,0,1,13,3,16,Denver,44,16,9,32,2,11,4,15,14583.0,1:57,1
164,22021,1610612763,MEM,Memphis Grizzlies,0022100205,2021-11-15 00:00:00,MEM vs. HOU,W,240,52.0,96.0,0.542,16.0,41.0,0.39,16.0,20.0,0.8,7.0,42.0,49.0,33.0,14.0,8.0,10.0,21.0,136.0,34,1,1610612745,HOU,Houston Rockets,HOU @ MEM,L,36.0,95.0,0.379,11.0,38.0,0.289,19.0,26.0,0.731,14.0,32.0,46.0,24.0,6.0,5.0,18.0,16.0,102.0,-34,1,Regular Season,00,Houston,48,14,14,5,1,1,1,18,12,33,Memphis,70,10,30,40,0,10,7,9,11482.0,2:05,1
165,22021,1610612752,NYK,New York Knicks,0022100203,2021-11-15 00:00:00,NYK vs. IND,W,240,37.0,86.0,0.43,11.0,34.0,0.324,7.0,10.0,0.7,8.0,38.0,46.0,22.0,1.0,5.0,12.0,15.0,92.0,8,1,1610612754,IND,Indiana Pacers,IND @ NYK,L,32.0,86.0,0.372,8.0,37.0,0.216,12.0,16.0,0.75,9.0,35.0,44.0,16.0,6.0,6.0,9.0,15.0,84.0,-8,1,Regular Season,00,Indiana,40,8,0,12,18,6,2,9,9,12,New York,42,9,10,8,2,12,11,4,16792.0,2:06,1
166,22021,1610612764,WAS,Washington Wizards,0022100201,2021-11-15 00:00:00,WAS vs. NOP,W,240,39.0,84.0,0.464,10.0,28.0,0.357,17.0,25.0,0.68,6.0,36.0,42.0,23.0,9.0,4.0,6.0,22.0,105.0,5,1,1610612740,NOP,New Orleans Pelicans,NOP @ WAS,L,30.0,74.0,0.405,11.0,21.0,0.524,29.0,34.0,0.853,7.0,38.0,45.0,20.0,2.0,3.0,12.0,25.0,100.0,-5,1,Regular Season,00,New Orleans,28,6,8,19,7,7,0,12,7,9,Washington,44,5,7,9,1,6,8,7,13914.0,2:21,1
167,22021,1610612765,DET,Detroit Pistons,0022100200,2021-11-15 00:00:00,DET vs. SAC,L,240,39.0,96.0,0.406,13.0,47.0,0.277,16.0,17.0,0.941,16.0,31.0,47.0,23.0,7.0,2.0,18.0,10.0,107.0,-22,1,1610612758,SAC,Sacramento Kings,SAC @ DET,W,52.0,98.0,0.531,16.0,33.0,0.485,9.0,11.0,0.818,11.0,36.0,47.0,32.0,11.0,5.0,14.0,17.0,129.0,22,1,Regular Season,00,Sacramento,64,18,16,32,3,2,1,14,5,19,Detroit,48,22,10,3,1,18,7,28,10092.0,2:02,0
168,22021,1610612760,OKC,Oklahoma City Thunder,0022100207,2021-11-15 00:00:00,OKC vs. MIA,L,240,34.0,83.0,0.41,15.0,41.0,0.366,7.0,10.0,0.7,9.0,33.0,42.0,26.0,6.0,10.0,20.0,15.0,90.0,-13,1,1610612748,MIA,Miami Heat,MIA @ OKC,W,37.0,82.0,0.451,18.0,40.0,0.45,11.0,13.0,0.846,8.0,37.0,45.0,22.0,11.0,5.0,19.0,13.0,103.0,13,1,Regular Season,00,Oklahoma City,30,7,10,7,9,7,0,20,5,31,Miami,28,12,13,18,2,19,7,19,12330.0,2:05,0
169,22021,1610612742,DAL,Dallas Mavericks,0022100204,2021-11-15 00:00:00,DAL vs. DEN,W,240,45.0,90.0,0.5,14.0,36.0,0.389,7.0,10.0,0.7,10.0,34.0,44.0,30.0,7.0,2.0,9.0,19.0,111.0,10,1,1610612743,DEN,Denver Nuggets,DEN @ DAL,L,40.0,84.0,0.476,9.0,32.0,0.281,12.0,17.0,0.706,10.0,36.0,46.0,20.0,4.0,5.0,12.0,16.0,101.0,-10,1,Regular Season,00,Dallas,40,2,23,13,13,8,1,9,0,5,Denver,50,10,19,13,1,12,7,17,19797.0,2:08,1
170,22021,1610612739,CLE,Cleveland Cavaliers,0022100199,2021-11-15 00:00:00,CLE vs. BOS,L,240,32.0,83.0,0.386,16.0,40.0,0.4,12.0,16.0,0.75,7.0,35.0,42.0,18.0,6.0,3.0,14.0,18.0,92.0,-6,1,1610612738,BOS,Boston Celtics,BOS @ CLE,W,36.0,78.0,0.462,10.0,29.0,0.345,16.0,20.0,0.8,6.0,40.0,46.0,23.0,7.0,6.0,14.0,16.0,98.0,6,1,Regular Season,00,Cleveland,28,6,6,11,5,8,1,14,7,9,Boston,42,11,4,9,0,14,6,15,17186.0,2:10,0
171,22021,1610612750,MIN,Minnesota Timberwolves,0022100206,2021-11-15 00:00:00,MIN vs. PHX,L,240,31.0,85.0,0.365,13.0,44.0,0.295,21.0,27.0,0.778,13.0,41.0,54.0,18.0,8.0,3.0,21.0,28.0,96.0,-3,1,1610612756,PHX,Phoenix Suns,PHX @ MIN,W,32.0,85.0,0.376,7.0,31.0,0.226,28.0,36.0,0.778,14.0,38.0,52.0,21.0,8.0,2.0,15.0,23.0,99.0,3,1,Regular Season,00,Phoenix,38,15,7,7,16,16,0,15,8,12,Minnesota,30,8,8,7,3,21,7,12,16274.0,2:23,0
172,22021,1610612757,POR,Portland Trail Blazers,0022100208,2021-11-15 00:00:00,POR vs. TOR,W,240,46.0,82.0,0.561,16.0,36.0,0.444,10.0,14.0,0.714,7.0,32.0,39.0,25.0,6.0,7.0,14.0,15.0,118.0,5,1,1610612761,TOR,Toronto Raptors,TOR @ POR,L,41.0,89.0,0.461,15.0,33.0,0.455,16.0,18.0,0.889,12.0,27.0,39.0,20.0,7.0,2.0,11.0,17.0,113.0,-5,1,Regular Season,00,Portland,44,16,13,13,7,2,2,14,7,18,Toronto,42,11,20,14,0,11,5,15,16142.0,2:07,1
173,22021,1610612737,ATL,Atlanta Hawks,0022100202,2021-11-15 00:00:00,ATL vs. ORL,W,240,47.0,85.0,0.553,14.0,30.0,0.467,21.0,32.0,0.656,9.0,37.0,46.0,32.0,10.0,7.0,11.0,17.0,129.0,18,1,1610612753,ORL,Orlando Magic,ORL @ ATL,L,43.0,95.0,0.453,16.0,43.0,0.372,9.0,14.0,0.643,12.0,29.0,41.0,30.0,8.0,5.0,16.0,27.0,111.0,-18,1,Regular Season,00,Orlando,44,24,8,6,10,8,0,16,8,13,Atlanta,54,12,5,20,0,11,11,11,13061.0,2:11,1
174,22021,1610612747,LAL,Los Angeles Lakers,0022100209,2021-11-15 00:00:00,LAL vs. CHI,L,240,36.0,79.0,0.456,6.0,32.0,0.188,25.0,31.0,0.806,8.0,35.0,43.0,19.0,10.0,5.0,19.0,15.0,103.0,-18,1,1610612741,CHI,Chicago Bulls,CHI @ LAL,W,49.0,89.0,0.551,15.0,34.0,0.441,8.0,11.0,0.727,4.0,32.0,36.0,31.0,9.0,2.0,17.0,21.0,121.0,18,1,Regular Season,00,Chicago,54,0,20,28,3,3,1,17,4,20,Los Angeles,40,8,12,3,2,19,9,19,18997.0,2:17,0
175,22021,1610612746,LAC,LA Clippers,0022100212,2021-11-16 00:00:00,LAC vs. SAS,W,240,37.0,85.0,0.435,12.0,38.0,0.316,20.0,22.0,0.909,6.0,46.0,52.0,16.0,9.0,3.0,21.0,13.0,106.0,14,1,1610612759,SAS,San Antonio Spurs,SAS @ LAC,L,41.0,95.0,0.432,5.0,22.0,0.227,5.0,7.0,0.714,6.0,35.0,41.0,26.0,10.0,4.0,16.0,17.0,92.0,-14,1,Regular Season,00,LA,40,6,10,18,11,5,1,21,7,22,San Antonio,56,8,23,5,0,16,6,17,13298.0,2:01,1
176,22021,1610612762,UTA,Utah Jazz,0022100211,2021-11-16 00:00:00,UTA vs. PHI,W,240,46.0,89.0,0.517,16.0,38.0,0.421,12.0,19.0,0.632,6.0,50.0,56.0,27.0,5.0,8.0,11.0,20.0,120.0,35,1,1610612755,PHI,Philadelphia 76ers,PHI @ UTA,L,33.0,90.0,0.367,6.0,29.0,0.207,13.0,17.0,0.765,6.0,36.0,42.0,19.0,5.0,5.0,9.0,16.0,85.0,-35,1,Regular Season,00,Utah,56,9,16,35,1,4,2,11,7,9,Philadelphia,50,8,10,2,1,9,6,10,18306.0,2:10,1
177,22021,1610612749,MIL,Milwaukee Bucks,0022100219,2021-11-17 00:00:00,MIL vs. LAL,W,240,40.0,87.0,0.46,12.0,37.0,0.324,17.0,24.0,0.708,9.0,43.0,52.0,22.0,9.0,4.0,15.0,10.0,109.0,7,1,1610612747,LAL,Los Angeles Lakers,LAL @ MIL,L,40.0,96.0,0.417,12.0,43.0,0.279,10.0,12.0,0.833,11.0,37.0,48.0,24.0,8.0,4.0,13.0,19.0,102.0,-7,1,Regular Season,00,Los Angeles,44,7,16,10,15,6,0,13,7,12,Milwaukee,50,13,15,12,0,15,5,18,17341.0,2:13,1
178,22021,1610612752,NYK,New York Knicks,0022100218,2021-11-17 00:00:00,NYK vs. ORL,L,240,37.0,88.0,0.42,16.0,49.0,0.327,8.0,12.0,0.667,11.0,34.0,45.0,25.0,5.0,7.0,18.0,20.0,98.0,-6,1,1610612753,ORL,Orlando Magic,ORL @ NYK,W,39.0,96.0,0.406,11.0,38.0,0.289,15.0,18.0,0.833,14.0,37.0,51.0,20.0,7.0,3.0,15.0,19.0,104.0,6,1,Regular Season,00,New York,40,17,9,7,11,6,0,18,8,21,Orlando,42,22,12,10,3,15,11,21,16680.0,2:11,0
179,22021,1610612766,CHA,Charlotte Hornets,0022100213,2021-11-17 00:00:00,CHA vs. WAS,W,240,42.0,96.0,0.438,10.0,32.0,0.313,3.0,6.0,0.5,16.0,43.0,59.0,30.0,6.0,8.0,11.0,16.0,97.0,10,1,1610612764,WAS,Washington Wizards,WAS @ CHA,L,33.0,90.0,0.367,8.0,42.0,0.19,13.0,16.0,0.813,11.0,37.0,48.0,23.0,7.0,5.0,11.0,12.0,87.0,-10,1,Regular Season,00,Washington,46,15,9,9,8,4,1,11,6,18,Charlotte,54,14,19,13,0,11,4,8,14402.0,1:59,1
180,22021,1610612756,PHX,Phoenix Suns,0022100222,2021-11-17 00:00:00,PHX vs. DAL,W,240,41.0,93.0,0.441,13.0,39.0,0.333,10.0,14.0,0.714,8.0,41.0,49.0,27.0,6.0,7.0,8.0,9.0,105.0,7,1,1610612742,DAL,Dallas Mavericks,DAL @ PHX,L,38.0,91.0,0.418,16.0,32.0,0.5,6.0,6.0,1.0,8.0,41.0,49.0,28.0,5.0,2.0,10.0,14.0,98.0,-7,1,Regular Season,00,Dallas,28,6,4,8,19,7,0,10,1,14,Phoenix,40,11,2,7,1,8,10,10,14838.0,0:00,1
181,22021,1610612751,BKN,Brooklyn Nets,0022100216,2021-11-17 00:00:00,BKN vs. CLE,W,240,38.0,83.0,0.458,12.0,32.0,0.375,21.0,25.0,0.84,8.0,39.0,47.0,29.0,7.0,3.0,12.0,20.0,109.0,10,1,1610612739,CLE,Cleveland Cavaliers,CLE @ BKN,L,35.0,89.0,0.393,11.0,44.0,0.25,18.0,21.0,0.857,12.0,38.0,50.0,20.0,9.0,1.0,14.0,17.0,99.0,-10,1,Regular Season,00,Cleveland,46,13,12,1,4,2,1,14,6,18,Brooklyn,44,13,16,23,1,12,3,19,16922.0,2:08,1
182,22021,1610612760,OKC,Oklahoma City Thunder,0022100221,2021-11-17 00:00:00,OKC vs. HOU,W,240,41.0,92.0,0.446,10.0,39.0,0.256,9.0,16.0,0.563,9.0,47.0,56.0,18.0,10.0,6.0,14.0,19.0,101.0,12,1,1610612745,HOU,Houston Rockets,HOU @ OKC,L,32.0,90.0,0.356,12.0,42.0,0.286,13.0,19.0,0.684,9.0,37.0,46.0,16.0,6.0,4.0,14.0,14.0,89.0,-12,1,Regular Season,00,Oklahoma City,54,6,13,17,0,2,4,14,9,10,Houston,40,6,4,0,0,14,11,11,12066.0,2:09,1
183,22021,1610612737,ATL,Atlanta Hawks,0022100215,2021-11-17 00:00:00,ATL vs. BOS,W,240,41.0,81.0,0.506,13.0,37.0,0.351,15.0,18.0,0.833,6.0,34.0,40.0,28.0,9.0,4.0,14.0,17.0,110.0,11,1,1610612738,BOS,Boston Celtics,BOS @ ATL,L,37.0,84.0,0.44,11.0,41.0,0.268,14.0,17.0,0.824,12.0,30.0,42.0,24.0,9.0,2.0,14.0,17.0,99.0,-11,1,Regular Season,00,Atlanta,44,8,10,16,4,1,3,14,5,19,Boston,44,9,11,4,0,14,6,12,16445.0,2:03,1
184,22021,1610612748,MIA,Miami Heat,0022100217,2021-11-17 00:00:00,MIA vs. NOP,W,240,42.0,87.0,0.483,15.0,40.0,0.375,14.0,17.0,0.824,10.0,29.0,39.0,29.0,6.0,2.0,11.0,25.0,113.0,15,1,1610612740,NOP,New Orleans Pelicans,NOP @ MIA,L,33.0,75.0,0.44,10.0,35.0,0.286,22.0,28.0,0.786,10.0,28.0,38.0,18.0,6.0,3.0,17.0,21.0,98.0,-15,1,Regular Season,00,New Orleans,40,22,8,15,3,3,1,17,9,13,Miami,40,9,7,18,1,11,10,11,19600.0,2:14,1
185,22021,1610612748,MIA,Miami Heat,0022100225,2021-11-18 00:00:00,MIA vs. WAS,W,240,41.0,82.0,0.5,10.0,26.0,0.385,20.0,24.0,0.833,7.0,34.0,41.0,27.0,10.0,1.0,6.0,13.0,112.0,15,1,1610612764,WAS,Washington Wizards,WAS @ MIA,L,38.0,77.0,0.494,15.0,36.0,0.417,6.0,10.0,0.6,5.0,32.0,37.0,25.0,4.0,3.0,17.0,19.0,97.0,-15,1,Regular Season,00,Miami,50,5,13,18,5,3,0,6,6,9,Washington,40,9,15,7,0,17,4,20,19600.0,2:01,1
186,22021,1610612763,MEM,Memphis Grizzlies,0022100226,2021-11-18 00:00:00,MEM vs. LAC,W,240,52.0,96.0,0.542,11.0,26.0,0.423,5.0,6.0,0.833,12.0,35.0,47.0,28.0,8.0,7.0,12.0,17.0,120.0,12,1,1610612746,LAC,LA Clippers,LAC @ MEM,L,42.0,90.0,0.467,16.0,39.0,0.41,8.0,8.0,1.0,7.0,27.0,34.0,24.0,6.0,6.0,14.0,15.0,108.0,-12,1,Regular Season,00,Memphis,74,17,23,23,2,5,1,12,5,13,LA,36,13,11,1,1,14,7,13,13419.0,1:59,1
187,22021,1610612743,DEN,Denver Nuggets,0022100228,2021-11-18 00:00:00,DEN vs. PHI,L,240,32.0,89.0,0.36,12.0,36.0,0.333,13.0,16.0,0.813,10.0,36.0,46.0,22.0,6.0,4.0,11.0,14.0,89.0,-14,1,1610612755,PHI,Philadelphia 76ers,PHI @ DEN,W,43.0,85.0,0.506,11.0,29.0,0.379,6.0,12.0,0.5,6.0,39.0,45.0,22.0,5.0,7.0,10.0,18.0,103.0,14,1,Regular Season,00,Philadelphia,52,7,11,22,11,1,1,10,8,9,Denver,38,18,8,7,1,11,9,14,14547.0,2:03,0
188,22021,1610612762,UTA,Utah Jazz,0022100229,2021-11-18 00:00:00,UTA vs. TOR,W,240,44.0,80.0,0.55,19.0,46.0,0.413,12.0,13.0,0.923,10.0,36.0,46.0,34.0,8.0,9.0,24.0,18.0,119.0,16,1,1610612761,TOR,Toronto Raptors,TOR @ UTA,L,39.0,94.0,0.415,10.0,38.0,0.263,15.0,17.0,0.882,14.0,21.0,35.0,24.0,10.0,3.0,13.0,13.0,103.0,-16,1,Regular Season,00,Toronto,36,13,12,7,16,6,1,13,6,13,Utah,48,11,14,21,1,24,7,37,18306.0,2:03,1
189,22021,1610612766,CHA,Charlotte Hornets,0022100230,2021-11-19 00:00:00,CHA vs. IND,W,240,44.0,81.0,0.543,12.0,31.0,0.387,21.0,28.0,0.75,6.0,39.0,45.0,28.0,8.0,7.0,17.0,26.0,121.0,3,1,1610612754,IND,Indiana Pacers,IND @ CHA,L,41.0,88.0,0.466,11.0,36.0,0.306,25.0,32.0,0.781,8.0,30.0,38.0,19.0,10.0,6.0,10.0,24.0,118.0,-3,1,Regular Season,00,Indiana,46,13,16,3,4,3,0,10,8,12,Charlotte,58,8,17,25,0,17,7,19,16787.0,2:27,1
190,22021,1610612751,BKN,Brooklyn Nets,0022100233,2021-11-19 00:00:00,BKN vs. ORL,W,240,41.0,91.0,0.451,10.0,33.0,0.303,23.0,25.0,0.92,14.0,29.0,43.0,19.0,6.0,13.0,11.0,19.0,115.0,2,1,1610612753,ORL,Orlando Magic,ORL @ BKN,L,40.0,89.0,0.449,14.0,38.0,0.368,19.0,25.0,0.76,11.0,34.0,45.0,26.0,7.0,6.0,13.0,25.0,113.0,-2,1,Regular Season,00,Orlando,44,11,10,19,6,7,0,13,11,15,Brooklyn,46,12,11,9,0,11,8,13,16966.0,2:24,1
191,22021,1610612740,NOP,New Orleans Pelicans,0022100235,2021-11-19 00:00:00,NOP vs. LAC,W,240,38.0,87.0,0.437,13.0,30.0,0.433,5.0,8.0,0.625,12.0,43.0,55.0,19.0,9.0,1.0,13.0,12.0,94.0,13,1,1610612746,LAC,LA Clippers,LAC @ NOP,L,34.0,90.0,0.378,9.0,37.0,0.243,4.0,5.0,0.8,8.0,35.0,43.0,22.0,7.0,4.0,12.0,12.0,81.0,-13,1,Regular Season,00,New Orleans,42,15,15,13,7,3,0,13,6,10,LA,48,2,11,20,1,12,5,9,15274.0,1:55,1
192,22021,1610612738,BOS,Boston Celtics,0022100232,2021-11-19 00:00:00,BOS vs. LAL,W,240,44.0,88.0,0.5,11.0,30.0,0.367,31.0,38.0,0.816,12.0,39.0,51.0,22.0,7.0,2.0,14.0,20.0,130.0,22,1,1610612747,LAL,Los Angeles Lakers,LAL @ BOS,L,39.0,84.0,0.464,12.0,30.0,0.4,18.0,24.0,0.75,7.0,26.0,33.0,20.0,5.0,6.0,12.0,29.0,108.0,-22,1,Regular Season,00,Boston,56,15,8,25,7,4,2,14,13,19,Los Angeles,36,13,15,14,0,12,5,15,19156.0,2:22,1
193,22021,1610612743,DEN,Denver Nuggets,0022100236,2021-11-19 00:00:00,DEN vs. CHI,L,240,39.0,82.0,0.476,14.0,37.0,0.378,16.0,20.0,0.8,7.0,31.0,38.0,24.0,5.0,5.0,14.0,22.0,108.0,-6,1,1610612741,CHI,Chicago Bulls,CHI @ DEN,W,41.0,93.0,0.441,8.0,31.0,0.258,24.0,24.0,1.0,17.0,33.0,50.0,19.0,7.0,3.0,11.0,20.0,114.0,6,1,Regular Season,00,Chicago,50,18,10,12,3,3,0,11,3,6,Denver,38,8,11,12,3,14,8,19,19520.0,2:12,0
194,22021,1610612738,BOS,Boston Celtics,0022100243,2021-11-20 00:00:00,BOS vs. OKC,W,240,41.0,88.0,0.466,17.0,39.0,0.436,12.0,14.0,0.857,8.0,40.0,48.0,28.0,4.0,7.0,7.0,11.0,111.0,6,1,1610612760,OKC,Oklahoma City Thunder,OKC @ BOS,L,39.0,96.0,0.406,18.0,42.0,0.429,9.0,16.0,0.563,15.0,39.0,54.0,23.0,5.0,0.0,10.0,15.0,105.0,-6,1,Regular Season,00,Boston,38,4,4,25,4,0,0,7,3,11,Oklahoma City,36,25,4,1,1,10,8,13,19156.0,1:58,1
195,22021,1610612764,WAS,Washington Wizards,0022100241,2021-11-20 00:00:00,WAS vs. MIA,W,240,36.0,74.0,0.486,11.0,30.0,0.367,20.0,23.0,0.87,9.0,26.0,35.0,22.0,6.0,2.0,20.0,19.0,103.0,3,1,1610612748,MIA,Miami Heat,MIA @ WAS,L,38.0,81.0,0.469,7.0,27.0,0.259,17.0,20.0,0.85,10.0,27.0,37.0,21.0,7.0,3.0,14.0,26.0,100.0,-3,1,Regular Season,00,Miami,44,13,2,16,7,8,2,14,8,18,Washington,44,15,10,7,1,20,7,21,20476.0,2:22,1
196,22021,1610612754,IND,Indiana Pacers,0022100240,2021-11-20 00:00:00,IND vs. NOP,W,240,42.0,91.0,0.462,14.0,38.0,0.368,13.0,18.0,0.722,8.0,38.0,46.0,28.0,11.0,9.0,11.0,16.0,111.0,17,1,1610612740,NOP,New Orleans Pelicans,NOP @ IND,L,35.0,88.0,0.398,6.0,18.0,0.333,18.0,19.0,0.947,11.0,41.0,52.0,17.0,7.0,5.0,16.0,14.0,94.0,-17,1,Regular Season,00,New Orleans,56,15,15,0,0,0,0,16,3,17,Indiana,38,8,16,32,1,11,7,12,15081.0,2:04,1
197,22021,1610612752,NYK,New York Knicks,0022100239,2021-11-20 00:00:00,NYK vs. HOU,W,240,33.0,78.0,0.423,18.0,41.0,0.439,22.0,26.0,0.846,4.0,33.0,37.0,25.0,12.0,7.0,15.0,23.0,106.0,7,1,1610612745,HOU,Houston Rockets,HOU @ NYK,L,38.0,84.0,0.452,10.0,39.0,0.256,13.0,22.0,0.591,13.0,35.0,48.0,21.0,5.0,8.0,22.0,21.0,99.0,-7,1,Regular Season,00,Houston,56,10,9,10,12,9,0,22,13,25,New York,26,1,10,9,3,15,6,15,19812.0,2:24,1
198,22021,1610612750,MIN,Minnesota Timberwolves,0022100245,2021-11-20 00:00:00,MIN vs. MEM,W,240,49.0,91.0,0.538,20.0,41.0,0.488,20.0,28.0,0.714,18.0,32.0,50.0,28.0,12.0,6.0,13.0,26.0,138.0,43,1,1610612763,MEM,Memphis Grizzlies,MEM @ MIN,L,29.0,83.0,0.349,9.0,32.0,0.281,28.0,35.0,0.8,10.0,23.0,33.0,21.0,7.0,5.0,16.0,24.0,95.0,-43,1,Regular Season,00,Memphis,36,16,10,0,0,0,2,16,18,30,Minnesota,52,20,23,45,0,13,10,8,17136.0,2:20,1
199,22021,1610612749,MIL,Milwaukee Bucks,0022100244,2021-11-20 00:00:00,MIL vs. ORL,W,240,37.0,82.0,0.451,19.0,40.0,0.475,24.0,37.0,0.649,11.0,49.0,60.0,25.0,6.0,5.0,14.0,18.0,117.0,9,1,1610612753,ORL,Orlando Magic,ORL @ MIL,L,39.0,98.0,0.398,19.0,51.0,0.373,11.0,14.0,0.786,6.0,33.0,39.0,26.0,5.0,3.0,10.0,24.0,108.0,-9,1,Regular Season,00,Milwaukee,26,9,8,29,4,4,0,14,10,20,Orlando,30,13,14,3,0,10,11,12,17341.0,2:18,1
200,22021,1610612757,POR,Portland Trail Blazers,0022100246,2021-11-20 00:00:00,POR vs. PHI,W,240,40.0,80.0,0.5,15.0,34.0,0.441,23.0,23.0,1.0,5.0,33.0,38.0,23.0,6.0,7.0,13.0,21.0,118.0,7,1,1610612755,PHI,Philadelphia 76ers,PHI @ POR,L,41.0,81.0,0.506,10.0,28.0,0.357,19.0,21.0,0.905,3.0,29.0,32.0,24.0,7.0,4.0,12.0,24.0,111.0,-7,1,Regular Season,00,Philadelphia,52,9,8,3,4,1,1,12,6,12,Portland,36,4,10,18,1,13,6,11,17027.0,2:17,1
201,22021,1610612737,ATL,Atlanta Hawks,0022100242,2021-11-20 00:00:00,ATL vs. CHA,W,240,43.0,82.0,0.524,12.0,34.0,0.353,17.0,21.0,0.81,8.0,38.0,46.0,24.0,6.0,6.0,12.0,22.0,115.0,10,1,1610612766,CHA,Charlotte Hornets,CHA @ ATL,L,43.0,102.0,0.422,10.0,40.0,0.25,9.0,15.0,0.6,20.0,31.0,51.0,26.0,6.0,2.0,10.0,22.0,105.0,-10,1,Regular Season,00,Atlanta,50,8,6,17,1,3,0,12,5,17,Charlotte,62,24,14,2,0,10,6,6,17320.0,2:08,1
202,22021,1610612758,SAC,Sacramento Kings,0022100247,2021-11-20 00:00:00,SAC vs. UTA,L,240,41.0,91.0,0.451,10.0,31.0,0.323,13.0,21.0,0.619,8.0,27.0,35.0,20.0,8.0,5.0,8.0,14.0,105.0,-18,1,1610612762,UTA,Utah Jazz,UTA @ SAC,W,46.0,91.0,0.505,17.0,39.0,0.436,14.0,17.0,0.824,14.0,38.0,52.0,20.0,5.0,2.0,13.0,16.0,123.0,18,1,Regular Season,00,Sacramento,60,14,22,5,13,6,0,8,10,13,Utah,54,16,13,21,2,13,9,15,13180.0,2:20,0
203,22021,1610612765,DET,Detroit Pistons,0022100249,2021-11-21 00:00:00,DET vs. LAL,L,240,43.0,97.0,0.443,14.0,40.0,0.35,16.0,21.0,0.762,8.0,31.0,39.0,27.0,7.0,6.0,11.0,24.0,116.0,-5,1,1610612747,LAL,Los Angeles Lakers,LAL @ DET,W,45.0,92.0,0.489,10.0,31.0,0.323,21.0,27.0,0.778,12.0,39.0,51.0,29.0,7.0,8.0,13.0,21.0,121.0,5,1,Regular Season,00,Los Angeles,56,13,15,6,4,12,0,13,9,22,Detroit,50,15,19,17,0,11,13,9,15532.0,2:34,0
204,22021,1610612756,PHX,Phoenix Suns,0022100251,2021-11-21 00:00:00,PHX vs. DEN,W,240,46.0,87.0,0.529,11.0,36.0,0.306,23.0,26.0,0.885,10.0,41.0,51.0,34.0,7.0,3.0,13.0,20.0,126.0,29,1,1610612743,DEN,Denver Nuggets,DEN @ PHX,L,33.0,90.0,0.367,11.0,38.0,0.289,20.0,28.0,0.714,12.0,30.0,42.0,20.0,5.0,1.0,10.0,22.0,97.0,-29,1,Regular Season,00,Denver,36,9,14,0,0,1,0,10,11,13,Phoenix,56,7,13,30,2,13,5,9,16072.0,2:15,1
205,22021,1610612759,SAS,San Antonio Spurs,0022100260,2021-11-22 00:00:00,SAS vs. PHX,L,240,49.0,93.0,0.527,5.0,20.0,0.25,8.0,16.0,0.5,11.0,33.0,44.0,23.0,9.0,4.0,15.0,16.0,111.0,-4,1,1610612756,PHX,Phoenix Suns,PHX @ SAS,W,45.0,88.0,0.511,12.0,27.0,0.444,13.0,16.0,0.813,11.0,33.0,44.0,25.0,10.0,0.0,15.0,18.0,115.0,4,1,Regular Season,00,Phoenix,52,15,10,18,4,1,0,15,2,22,San Antonio,70,20,17,7,0,15,8,21,14715.0,2:11,0
206,22021,1610612739,CLE,Cleveland Cavaliers,0022100253,2021-11-22 00:00:00,CLE vs. BKN,L,240,36.0,93.0,0.387,14.0,44.0,0.318,26.0,29.0,0.897,14.0,39.0,53.0,24.0,6.0,5.0,15.0,16.0,112.0,-5,1,1610612751,BKN,Brooklyn Nets,BKN @ CLE,W,45.0,95.0,0.474,11.0,35.0,0.314,16.0,18.0,0.889,8.0,34.0,42.0,32.0,6.0,6.0,10.0,23.0,117.0,5,1,Regular Season,00,Brooklyn,48,9,16,5,6,9,1,10,7,8,Cleveland,36,17,17,12,3,15,10,21,17387.0,2:18,0
207,22021,1610612740,NOP,New Orleans Pelicans,0022100259,2021-11-22 00:00:00,NOP vs. MIN,L,240,37.0,88.0,0.42,6.0,32.0,0.188,16.0,18.0,0.889,15.0,33.0,48.0,24.0,6.0,6.0,23.0,23.0,96.0,-14,1,1610612750,MIN,Minnesota Timberwolves,MIN @ NOP,W,40.0,100.0,0.4,10.0,44.0,0.227,20.0,28.0,0.714,21.0,28.0,49.0,21.0,14.0,9.0,12.0,20.0,110.0,14,1,Regular Season,00,Minnesota,56,26,9,26,3,3,1,12,13,12,New Orleans,56,19,15,3,2,23,11,28,15689.0,2:11,0
208,22021,1610612738,BOS,Boston Celtics,0022100256,2021-11-22 00:00:00,BOS vs. HOU,W,240,39.0,92.0,0.424,12.0,35.0,0.343,18.0,19.0,0.947,11.0,47.0,58.0,19.0,10.0,3.0,15.0,24.0,108.0,18,1,1610612745,HOU,Houston Rockets,HOU @ BOS,L,31.0,83.0,0.373,11.0,42.0,0.262,17.0,24.0,0.708,4.0,38.0,42.0,19.0,5.0,4.0,15.0,20.0,90.0,-18,1,Regular Season,00,Boston,34,14,12,29,15,7,1,15,6,18,Houston,38,8,9,6,1,15,7,11,19156.0,2:09,1
209,22021,1610612749,MIL,Milwaukee Bucks,0022100258,2021-11-22 00:00:00,MIL vs. ORL,W,240,44.0,94.0,0.468,18.0,45.0,0.4,17.0,24.0,0.708,13.0,42.0,55.0,28.0,10.0,7.0,13.0,22.0,123.0,31,1,1610612753,ORL,Orlando Magic,ORL @ MIL,L,34.0,93.0,0.366,11.0,41.0,0.268,13.0,18.0,0.722,15.0,32.0,47.0,16.0,6.0,4.0,16.0,17.0,92.0,-31,1,Regular Season,00,Milwaukee,36,23,14,51,1,1,1,13,10,12,Orlando,44,19,8,2,1,16,9,25,17341.0,2:06,1
210,22021,1610612741,CHI,Chicago Bulls,0022100257,2021-11-22 00:00:00,CHI vs. IND,L,240,31.0,85.0,0.365,6.0,28.0,0.214,9.0,15.0,0.6,5.0,33.0,38.0,13.0,6.0,2.0,9.0,16.0,77.0,-32,1,1610612754,IND,Indiana Pacers,IND @ CHI,W,40.0,90.0,0.444,13.0,31.0,0.419,16.0,18.0,0.889,11.0,48.0,59.0,27.0,7.0,12.0,13.0,15.0,109.0,32,1,Regular Season,00,Indiana,46,11,19,35,2,0,2,13,8,5,Chicago,32,7,7,2,0,9,7,16,21586.0,1:59,0
211,22021,1610612764,WAS,Washington Wizards,0022100254,2021-11-22 00:00:00,WAS vs. CHA,L,240,36.0,94.0,0.383,9.0,37.0,0.243,22.0,27.0,0.815,20.0,45.0,65.0,23.0,6.0,6.0,18.0,20.0,103.0,-6,1,1610612766,CHA,Charlotte Hornets,CHA @ WAS,W,40.0,91.0,0.44,15.0,31.0,0.484,14.0,24.0,0.583,6.0,30.0,36.0,21.0,11.0,4.0,10.0,22.0,109.0,6,1,Regular Season,00,Charlotte,38,3,0,17,11,7,0,10,10,14,Washington,50,27,17,8,0,18,13,9,16575.0,2:18,0
212,22021,1610612758,SAC,Sacramento Kings,0022100262,2021-11-22 00:00:00,SAC vs. PHI,L,240,33.0,80.0,0.413,7.0,31.0,0.226,21.0,29.0,0.724,11.0,38.0,49.0,17.0,4.0,0.0,14.0,19.0,94.0,-8,1,1610612755,PHI,Philadelphia 76ers,PHI @ SAC,W,36.0,85.0,0.424,9.0,32.0,0.281,21.0,27.0,0.778,11.0,34.0,45.0,19.0,9.0,6.0,7.0,20.0,102.0,8,1,Regular Season,00,Philadelphia,46,14,10,10,12,9,0,7,6,6,Sacramento,46,12,13,9,1,14,10,17,13948.0,2:13,0
213,22021,1610612737,ATL,Atlanta Hawks,0022100255,2021-11-22 00:00:00,ATL vs. OKC,W,240,42.0,87.0,0.483,14.0,34.0,0.412,15.0,16.0,0.938,8.0,36.0,44.0,25.0,6.0,6.0,8.0,16.0,113.0,12,1,1610612760,OKC,Oklahoma City Thunder,OKC @ ATL,L,39.0,97.0,0.402,10.0,38.0,0.263,13.0,14.0,0.929,16.0,34.0,50.0,24.0,5.0,5.0,10.0,15.0,101.0,-12,1,Regular Season,00,Oklahoma City,46,13,2,2,2,3,2,10,9,16,Atlanta,48,10,11,22,1,8,2,9,15806.0,1:58,1
214,22021,1610612746,LAC,LA Clippers,0022100266,2021-11-23 00:00:00,LAC vs. DAL,L,265,35.0,85.0,0.412,10.0,32.0,0.313,24.0,29.0,0.828,12.0,35.0,47.0,17.0,5.0,3.0,19.0,24.0,104.0,-8,1,1610612742,DAL,Dallas Mavericks,DAL @ LAC,W,39.0,89.0,0.438,12.0,39.0,0.308,22.0,27.0,0.815,12.0,30.0,42.0,22.0,11.0,5.0,15.0,23.0,112.0,8,1,Regular Season,00,LA,40,13,12,11,13,7,1,19,8,22,Dallas,46,15,5,10,1,15,13,25,17067.0,2:43,0
215,22021,1610612765,DET,Detroit Pistons,0022100263,2021-11-23 00:00:00,DET vs. MIA,L,240,35.0,84.0,0.417,10.0,38.0,0.263,12.0,14.0,0.857,9.0,26.0,35.0,22.0,7.0,1.0,15.0,23.0,92.0,-8,1,1610612748,MIA,Miami Heat,MIA @ DET,W,35.0,76.0,0.461,9.0,29.0,0.31,21.0,29.0,0.724,12.0,39.0,51.0,22.0,9.0,3.0,17.0,19.0,100.0,8,1,Regular Season,00,Miami,42,15,13,12,8,3,1,17,9,17,Detroit,40,12,5,12,1,15,5,24,13123.0,2:15,0
216,22021,1610612752,NYK,New York Knicks,0022100264,2021-11-23 00:00:00,NYK vs. LAL,W,240,37.0,82.0,0.451,15.0,34.0,0.441,17.0,21.0,0.81,7.0,45.0,52.0,23.0,7.0,4.0,17.0,23.0,106.0,6,1,1610612747,LAL,Los Angeles Lakers,LAL @ NYK,L,34.0,91.0,0.374,11.0,36.0,0.306,21.0,30.0,0.7,13.0,37.0,50.0,23.0,8.0,3.0,12.0,17.0,100.0,-6,1,Regular Season,00,New York,36,13,4,25,0,2,3,17,4,17,Los Angeles,36,8,13,0,0,12,9,22,19812.0,2:27,1
217,22021,1610612757,POR,Portland Trail Blazers,0022100265,2021-11-23 00:00:00,POR vs. DEN,W,240,45.0,88.0,0.511,15.0,39.0,0.385,14.0,20.0,0.7,12.0,31.0,43.0,25.0,12.0,7.0,9.0,18.0,119.0,19,1,1610612743,DEN,Denver Nuggets,DEN @ POR,L,38.0,78.0,0.487,15.0,33.0,0.455,9.0,11.0,0.818,7.0,30.0,37.0,26.0,6.0,5.0,19.0,15.0,100.0,-19,1,Regular Season,00,Denver,38,7,2,2,11,5,2,19,4,32,Portland,44,11,28,24,0,9,7,4,17052.0,2:10,1
218,22021,1610612758,SAC,Sacramento Kings,0022100279,2021-11-24 00:00:00,SAC vs. POR,W,240,45.0,86.0,0.523,12.0,33.0,0.364,23.0,34.0,0.676,14.0,29.0,43.0,21.0,4.0,4.0,14.0,21.0,125.0,4,1,1610612757,POR,Portland Trail Blazers,POR @ SAC,L,44.0,94.0,0.468,12.0,38.0,0.316,21.0,25.0,0.84,13.0,30.0,43.0,27.0,9.0,1.0,15.0,26.0,121.0,-4,1,Regular Season,00,Portland,58,15,6,8,10,11,2,15,8,19,Sacramento,60,17,4,10,0,14,12,13,14997.0,2:28,1
219,22021,1610612739,CLE,Cleveland Cavaliers,0022100267,2021-11-24 00:00:00,CLE vs. PHX,L,240,43.0,97.0,0.443,12.0,39.0,0.308,17.0,25.0,0.68,13.0,31.0,44.0,22.0,7.0,0.0,10.0,23.0,115.0,-5,1,1610612756,PHX,Phoenix Suns,PHX @ CLE,W,45.0,86.0,0.523,8.0,22.0,0.364,22.0,28.0,0.786,10.0,37.0,47.0,26.0,4.0,2.0,15.0,23.0,120.0,5,1,Regular Season,00,Phoenix,56,12,11,10,11,14,0,15,7,14,Cleveland,52,17,12,7,0,10,11,13,18055.0,2:21,0
220,22021,1610612759,SAS,San Antonio Spurs,0022100277,2021-11-24 00:00:00,SAS vs. ATL,L,240,43.0,100.0,0.43,12.0,33.0,0.364,8.0,10.0,0.8,15.0,29.0,44.0,27.0,8.0,4.0,12.0,16.0,106.0,-18,1,1610612737,ATL,Atlanta Hawks,ATL @ SAS,W,45.0,88.0,0.511,12.0,26.0,0.462,22.0,24.0,0.917,8.0,36.0,44.0,26.0,10.0,5.0,11.0,11.0,124.0,18,1,Regular Season,00,San Antonio,48,18,5,7,5,8,0,12,10,21,Atlanta,44,7,11,21,2,11,6,8,13161.0,1:57,0
221,22021,1610612738,BOS,Boston Celtics,0022100270,2021-11-24 00:00:00,BOS vs. BKN,L,240,34.0,91.0,0.374,11.0,48.0,0.229,25.0,28.0,0.893,15.0,30.0,45.0,25.0,6.0,5.0,11.0,24.0,104.0,-19,1,1610612751,BKN,Brooklyn Nets,BKN @ BOS,W,43.0,85.0,0.506,14.0,35.0,0.4,23.0,30.0,0.767,10.0,40.0,50.0,29.0,8.0,4.0,10.0,23.0,123.0,19,1,Regular Season,00,Brooklyn,38,10,14,29,0,1,0,10,9,13,Boston,40,16,18,0,0,11,5,15,19156.0,2:20,0
222,22021,1610612749,MIL,Milwaukee Bucks,0022100273,2021-11-24 00:00:00,MIL vs. DET,W,240,42.0,87.0,0.483,15.0,36.0,0.417,15.0,17.0,0.882,10.0,46.0,56.0,23.0,5.0,6.0,16.0,18.0,114.0,21,1,1610612765,DET,Detroit Pistons,DET @ MIL,L,34.0,95.0,0.358,11.0,45.0,0.244,14.0,19.0,0.737,9.0,35.0,44.0,16.0,7.0,1.0,9.0,18.0,93.0,-21,1,Regular Season,00,Milwaukee,44,12,9,24,0,0,1,16,7,15,Detroit,34,11,7,0,1,9,6,11,17341.0,2:05,1
223,22021,1610612760,OKC,Oklahoma City Thunder,0022100276,2021-11-24 00:00:00,OKC vs. UTA,L,240,37.0,82.0,0.451,15.0,36.0,0.417,15.0,22.0,0.682,4.0,39.0,43.0,21.0,7.0,4.0,13.0,18.0,104.0,-6,1,1610612762,UTA,Utah Jazz,UTA @ OKC,W,39.0,86.0,0.453,15.0,47.0,0.319,17.0,20.0,0.85,7.0,36.0,43.0,19.0,11.0,8.0,10.0,15.0,110.0,6,1,Regular Season,00,Utah,42,6,10,8,28,11,1,10,5,9,Oklahoma City,42,5,4,8,1,13,11,17,14081.0,2:09,0
224,22021,1610612763,MEM,Memphis Grizzlies,0022100272,2021-11-24 00:00:00,MEM vs. TOR,L,240,42.0,82.0,0.512,9.0,29.0,0.31,20.0,26.0,0.769,11.0,29.0,40.0,25.0,6.0,3.0,15.0,20.0,113.0,-13,1,1610612761,TOR,Toronto Raptors,TOR @ MEM,W,47.0,89.0,0.528,14.0,30.0,0.467,18.0,21.0,0.857,11.0,23.0,34.0,25.0,8.0,4.0,10.0,20.0,126.0,13,1,Regular Season,00,Toronto,56,18,15,13,9,6,0,10,10,12,Memphis,62,15,6,14,1,15,7,16,15409.0,2:13,0
225,22021,1610612753,ORL,Orlando Magic,0022100269,2021-11-24 00:00:00,ORL vs. CHA,L,240,38.0,93.0,0.409,15.0,42.0,0.357,8.0,10.0,0.8,10.0,41.0,51.0,23.0,5.0,1.0,15.0,19.0,99.0,-7,1,1610612766,CHA,Charlotte Hornets,CHA @ ORL,W,39.0,93.0,0.419,12.0,40.0,0.3,16.0,21.0,0.762,12.0,37.0,49.0,26.0,11.0,11.0,10.0,16.0,106.0,7,1,Regular Season,00,Orlando,38,13,7,7,17,6,1,15,9,11,Charlotte,48,13,21,12,0,10,7,12,16114.0,2:04,0
226,22021,1610612745,HOU,Houston Rockets,0022100271,2021-11-24 00:00:00,HOU vs. CHI,W,240,42.0,84.0,0.5,17.0,36.0,0.472,17.0,22.0,0.773,7.0,39.0,46.0,27.0,5.0,6.0,22.0,16.0,118.0,5,1,1610612741,CHI,Chicago Bulls,CHI @ HOU,L,44.0,96.0,0.458,15.0,35.0,0.429,10.0,12.0,0.833,8.0,32.0,40.0,26.0,12.0,6.0,14.0,22.0,113.0,-5,1,Regular Season,00,Chicago,50,2,16,11,13,10,1,14,4,25,Houston,42,16,10,11,1,22,11,35,16074.0,2:18,1
227,22021,1610612740,NOP,New Orleans Pelicans,0022100275,2021-11-24 00:00:00,NOP vs. WAS,W,240,44.0,96.0,0.458,12.0,29.0,0.414,27.0,32.0,0.844,12.0,40.0,52.0,33.0,13.0,2.0,11.0,26.0,127.0,25,1,1610612764,WAS,Washington Wizards,WAS @ NOP,L,36.0,84.0,0.429,7.0,31.0,0.226,23.0,36.0,0.639,13.0,32.0,45.0,23.0,5.0,3.0,19.0,23.0,102.0,-25,1,Regular Season,00,New Orleans,52,19,11,31,0,0,1,11,6,15,Washington,54,13,10,0,0,19,15,24,14659.0,2:18,1
228,22021,1610612750,MIN,Minnesota Timberwolves,0022100274,2021-11-24 00:00:00,MIN vs. MIA,W,240,38.0,93.0,0.409,18.0,55.0,0.327,19.0,21.0,0.905,15.0,37.0,52.0,24.0,10.0,7.0,18.0,26.0,113.0,12,1,1610612748,MIA,Miami Heat,MIA @ MIN,L,33.0,74.0,0.446,15.0,42.0,0.357,20.0,29.0,0.69,4.0,36.0,40.0,25.0,6.0,2.0,21.0,25.0,101.0,-12,1,Regular Season,00,Minnesota,40,15,25,12,13,9,2,18,7,20,Miami,28,7,15,12,0,21,8,25,17136.0,2:29,1
229,22021,1610612743,DEN,Denver Nuggets,0022100288,2021-11-26 00:00:00,DEN vs. MIL,L,240,40.0,92.0,0.435,17.0,47.0,0.362,12.0,14.0,0.857,9.0,22.0,31.0,24.0,9.0,2.0,8.0,19.0,109.0,-11,1,1610612749,MIL,Milwaukee Bucks,MIL @ DEN,W,46.0,73.0,0.63,16.0,33.0,0.485,12.0,20.0,0.6,5.0,39.0,44.0,24.0,3.0,7.0,22.0,14.0,120.0,11,1,Regular Season,00,Milwaukee,48,5,4,20,0,0,3,22,9,24,Denver,40,10,2,0,0,8,5,10,19520.0,2:11,0
230,22021,1610612747,LAL,Los Angeles Lakers,0022100291,2021-11-26 00:00:00,LAL vs. SAC,L,315,51.0,102.0,0.5,15.0,44.0,0.341,20.0,28.0,0.714,9.0,42.0,51.0,32.0,9.0,6.0,19.0,27.0,137.0,-4,1,1610612758,SAC,Sacramento Kings,SAC @ LAL,W,54.0,120.0,0.45,14.0,45.0,0.311,19.0,29.0,0.655,16.0,40.0,56.0,32.0,11.0,4.0,15.0,26.0,141.0,4,1,Regular Season,00,Sacramento,60,23,13,7,23,19,2,15,18,18,Los Angeles,62,13,21,13,0,19,10,22,18997.0,3:03,0
231,22021,1610612766,CHA,Charlotte Hornets,0022100281,2021-11-26 00:00:00,CHA vs. MIN,W,240,49.0,88.0,0.557,23.0,40.0,0.575,12.0,15.0,0.8,7.0,37.0,44.0,32.0,5.0,7.0,16.0,21.0,133.0,18,1,1610612750,MIN,Minnesota Timberwolves,MIN @ CHA,L,45.0,100.0,0.45,11.0,35.0,0.314,14.0,19.0,0.737,15.0,30.0,45.0,24.0,8.0,6.0,12.0,20.0,115.0,-18,1,Regular Season,00,Minnesota,62,21,14,3,11,6,0,12,7,16,Charlotte,44,7,26,24,1,16,6,17,19314.0,2:05,1
232,22021,1610612760,OKC,Oklahoma City Thunder,0022100286,2021-11-26 00:00:00,OKC vs. WAS,L,240,38.0,94.0,0.404,11.0,33.0,0.333,12.0,14.0,0.857,10.0,31.0,41.0,23.0,7.0,4.0,10.0,15.0,99.0,-2,1,1610612764,WAS,Washington Wizards,WAS @ OKC,W,38.0,79.0,0.481,10.0,29.0,0.345,15.0,15.0,1.0,5.0,38.0,43.0,17.0,2.0,12.0,15.0,15.0,101.0,2,1,Regular Season,00,Washington,44,11,4,10,3,5,0,15,3,14,Oklahoma City,48,15,2,10,1,10,12,7,14579.0,2:07,0
233,22021,1610612753,ORL,Orlando Magic,0022100283,2021-11-26 00:00:00,ORL vs. CHI,L,240,30.0,80.0,0.375,7.0,32.0,0.219,21.0,30.0,0.7,5.0,31.0,36.0,18.0,7.0,5.0,15.0,16.0,88.0,-35,1,1610612741,CHI,Chicago Bulls,CHI @ ORL,W,48.0,86.0,0.558,17.0,34.0,0.5,10.0,16.0,0.625,6.0,41.0,47.0,32.0,11.0,1.0,14.0,24.0,123.0,35,1,Regular Season,00,Orlando,44,14,8,7,5,4,2,15,14,22,Chicago,42,5,14,38,1,14,6,10,18236.0,2:09,0
234,22021,1610612752,NYK,New York Knicks,0022100282,2021-11-26 00:00:00,NYK vs. PHX,L,240,34.0,92.0,0.37,12.0,39.0,0.308,17.0,22.0,0.773,17.0,34.0,51.0,13.0,7.0,1.0,16.0,20.0,97.0,-21,1,1610612756,PHX,Phoenix Suns,PHX @ NYK,W,44.0,79.0,0.557,13.0,28.0,0.464,17.0,21.0,0.81,1.0,34.0,35.0,28.0,10.0,2.0,11.0,19.0,118.0,21,1,Regular Season,00,New York,34,21,10,4,6,3,1,16,12,25,Phoenix,44,4,17,24,0,11,4,12,19812.0,2:08,0
235,22021,1610612746,LAC,LA Clippers,0022100280,2021-11-26 00:00:00,LAC vs. DET,W,240,39.0,91.0,0.429,11.0,38.0,0.289,18.0,19.0,0.947,11.0,43.0,54.0,26.0,9.0,4.0,15.0,27.0,107.0,11,1,1610612765,DET,Detroit Pistons,DET @ LAC,L,33.0,90.0,0.367,8.0,33.0,0.242,22.0,26.0,0.846,13.0,39.0,52.0,17.0,8.0,4.0,15.0,19.0,96.0,-11,1,Regular Season,00,LA,48,7,6,29,0,0,1,15,4,19,Detroit,44,21,15,0,0,15,4,10,18139.0,2:08,1
236,22021,1610612737,ATL,Atlanta Hawks,0022100293,2021-11-27 00:00:00,ATL vs. NYK,L,240,33.0,93.0,0.355,9.0,37.0,0.243,15.0,20.0,0.75,13.0,39.0,52.0,18.0,8.0,6.0,7.0,17.0,90.0,-9,1,1610612752,NYK,New York Knicks,NYK @ ATL,W,36.0,82.0,0.439,11.0,29.0,0.379,16.0,22.0,0.727,8.0,42.0,50.0,20.0,4.0,3.0,10.0,17.0,99.0,9,1,Regular Season,00,Atlanta,38,11,7,6,7,4,1,7,8,10,New York,48,10,10,14,0,10,7,11,17287.0,2:02,0
237,22021,1610612739,CLE,Cleveland Cavaliers,0022100295,2021-11-27 00:00:00,CLE vs. ORL,W,240,41.0,90.0,0.456,14.0,39.0,0.359,9.0,12.0,0.75,10.0,41.0,51.0,28.0,3.0,9.0,13.0,18.0,105.0,13,1,1610612753,ORL,Orlando Magic,ORL @ CLE,L,35.0,88.0,0.398,8.0,32.0,0.25,14.0,23.0,0.609,8.0,35.0,43.0,21.0,11.0,5.0,9.0,16.0,92.0,-13,1,Regular Season,00,Orlando,42,12,15,3,5,4,1,9,13,8,Cleveland,50,9,9,17,0,13,7,18,18248.0,2:00,1
238,22021,1610612741,CHI,Chicago Bulls,0022100296,2021-11-27 00:00:00,CHI vs. MIA,L,240,38.0,81.0,0.469,11.0,39.0,0.282,17.0,21.0,0.81,10.0,37.0,47.0,22.0,6.0,4.0,23.0,20.0,104.0,-3,1,1610612748,MIA,Miami Heat,MIA @ CHI,W,37.0,86.0,0.43,14.0,40.0,0.35,19.0,22.0,0.864,9.0,27.0,36.0,23.0,13.0,1.0,10.0,19.0,107.0,3,1,Regular Season,00,Chicago,40,16,13,6,10,5,1,23,10,21,Miami,38,7,7,9,0,10,6,12,21110.0,2:19,0
239,22021,1610612742,DAL,Dallas Mavericks,0022100298,2021-11-27 00:00:00,DAL vs. WAS,L,240,42.0,89.0,0.472,14.0,38.0,0.368,16.0,22.0,0.727,9.0,26.0,35.0,23.0,7.0,4.0,7.0,21.0,114.0,-6,1,1610612764,WAS,Washington Wizards,WAS @ DAL,W,45.0,78.0,0.577,9.0,24.0,0.375,21.0,26.0,0.808,7.0,36.0,43.0,28.0,4.0,4.0,15.0,18.0,120.0,6,1,Regular Season,00,Washington,60,19,19,7,21,12,1,15,7,14,Dallas,46,16,12,8,0,7,6,16,20223.0,2:11,0
240,22021,1610612745,HOU,Houston Rockets,0022100297,2021-11-27 00:00:00,HOU vs. CHA,W,265,51.0,95.0,0.537,23.0,49.0,0.469,21.0,31.0,0.677,10.0,31.0,41.0,36.0,5.0,4.0,15.0,25.0,146.0,3,1,1610612766,CHA,Charlotte Hornets,CHA @ HOU,L,48.0,103.0,0.466,20.0,50.0,0.4,27.0,30.0,0.9,16.0,23.0,39.0,31.0,10.0,5.0,11.0,23.0,143.0,-3,1,Regular Season,00,Charlotte,48,24,13,2,10,6,0,11,14,19,Houston,54,24,17,17,2,15,18,19,14687.0,2:44,1
241,22021,1610612762,UTA,Utah Jazz,0022100299,2021-11-27 00:00:00,UTA vs. NOP,W,240,45.0,80.0,0.563,20.0,35.0,0.571,17.0,22.0,0.773,7.0,34.0,41.0,24.0,9.0,4.0,18.0,25.0,127.0,22,1,1610612740,NOP,New Orleans Pelicans,NOP @ UTA,L,40.0,93.0,0.43,8.0,35.0,0.229,17.0,21.0,0.81,14.0,31.0,45.0,27.0,8.0,3.0,15.0,20.0,105.0,-22,1,Regular Season,00,New Orleans,46,17,11,2,1,2,2,15,4,25,Utah,42,12,13,40,0,18,7,24,18306.0,2:07,1
242,22021,1610612751,BKN,Brooklyn Nets,0022100294,2021-11-27 00:00:00,BKN vs. PHX,L,240,42.0,84.0,0.5,7.0,23.0,0.304,16.0,21.0,0.762,10.0,37.0,47.0,25.0,7.0,5.0,20.0,15.0,107.0,-6,1,1610612756,PHX,Phoenix Suns,PHX @ BKN,W,41.0,92.0,0.446,13.0,38.0,0.342,18.0,21.0,0.857,11.0,30.0,41.0,17.0,11.0,1.0,13.0,17.0,113.0,6,1,Regular Season,00,Brooklyn,50,15,20,0,0,2,0,20,6,20,Phoenix,44,11,16,22,1,13,7,11,18071.0,2:06,0
243,22021,1610612763,MEM,Memphis Grizzlies,0022100303,2021-11-28 00:00:00,MEM vs. SAC,W,240,50.0,104.0,0.481,13.0,39.0,0.333,15.0,20.0,0.75,14.0,54.0,68.0,30.0,4.0,11.0,10.0,25.0,128.0,27,1,1610612758,SAC,Sacramento Kings,SAC @ MEM,L,33.0,97.0,0.34,9.0,42.0,0.214,26.0,37.0,0.703,12.0,37.0,49.0,17.0,5.0,8.0,8.0,18.0,101.0,-27,1,Regular Season,00,Sacramento,36,18,10,0,0,0,0,8,10,9,Memphis,72,17,20,37,1,10,7,8,12844.0,2:12,1
244,22021,1610612754,IND,Indiana Pacers,0022100301,2021-11-28 00:00:00,IND vs. MIL,L,240,38.0,92.0,0.413,12.0,45.0,0.267,12.0,16.0,0.75,12.0,33.0,45.0,21.0,6.0,2.0,13.0,21.0,100.0,-18,1,1610612749,MIL,Milwaukee Bucks,MIL @ IND,W,46.0,90.0,0.511,8.0,35.0,0.229,18.0,22.0,0.818,13.0,39.0,52.0,27.0,7.0,3.0,14.0,14.0,118.0,18,1,Regular Season,00,Indiana,36,11,20,2,4,4,0,13,4,18,Milwaukee,62,20,8,22,1,14,5,9,13130.0,2:07,0
245,22021,1610612747,LAL,Los Angeles Lakers,0022100304,2021-11-28 00:00:00,LAL vs. DET,W,240,43.0,86.0,0.5,9.0,32.0,0.281,15.0,25.0,0.6,6.0,36.0,42.0,32.0,11.0,8.0,12.0,18.0,110.0,4,1,1610612765,DET,Detroit Pistons,DET @ LAL,L,38.0,89.0,0.427,13.0,33.0,0.394,17.0,19.0,0.895,12.0,41.0,53.0,29.0,5.0,4.0,17.0,20.0,106.0,-4,1,Regular Season,00,Los Angeles,58,4,19,19,18,8,0,12,6,2,Detroit,40,6,21,6,0,17,5,19,18997.0,2:17,1
246,22021,1610612748,MIA,Miami Heat,0022100306,2021-11-29 00:00:00,MIA vs. DEN,L,240,43.0,91.0,0.473,15.0,44.0,0.341,10.0,15.0,0.667,12.0,27.0,39.0,32.0,2.0,1.0,9.0,18.0,111.0,-9,1,1610612743,DEN,Denver Nuggets,DEN @ MIA,W,43.0,74.0,0.581,18.0,35.0,0.514,16.0,21.0,0.762,5.0,30.0,35.0,32.0,2.0,1.0,13.0,18.0,120.0,9,1,Regular Season,00,Denver,44,12,12,24,8,3,0,13,7,18,Miami,48,11,8,2,0,9,8,5,19600.0,2:04,0
247,22021,1610612742,DAL,Dallas Mavericks,0022100310,2021-11-29 00:00:00,DAL vs. CLE,L,240,39.0,89.0,0.438,12.0,39.0,0.308,6.0,15.0,0.4,7.0,26.0,33.0,20.0,8.0,7.0,10.0,15.0,96.0,-18,1,1610612739,CLE,Cleveland Cavaliers,CLE @ DAL,W,45.0,80.0,0.563,10.0,19.0,0.526,14.0,18.0,0.778,5.0,43.0,48.0,29.0,3.0,4.0,20.0,22.0,114.0,18,1,Regular Season,00,Dallas,46,8,10,5,3,4,0,10,10,17,Cleveland,60,10,18,31,1,20,7,24,19229.0,2:02,0
248,22021,1610612759,SAS,San Antonio Spurs,0022100311,2021-11-29 00:00:00,SAS vs. WAS,W,240,49.0,92.0,0.533,8.0,18.0,0.444,10.0,16.0,0.625,15.0,36.0,51.0,28.0,4.0,6.0,10.0,15.0,116.0,17,1,1610612764,WAS,Washington Wizards,WAS @ SAS,L,41.0,92.0,0.446,9.0,31.0,0.29,8.0,13.0,0.615,12.0,28.0,40.0,26.0,5.0,3.0,7.0,15.0,99.0,-17,1,Regular Season,00,Washington,56,13,0,10,14,7,1,7,8,13,San Antonio,72,19,17,18,0,10,6,12,12606.0,2:03,1
249,22021,1610612762,UTA,Utah Jazz,0022100312,2021-11-29 00:00:00,UTA vs. POR,W,240,47.0,89.0,0.528,19.0,46.0,0.413,16.0,23.0,0.696,8.0,35.0,43.0,30.0,6.0,3.0,5.0,19.0,129.0,22,1,1610612757,POR,Portland Trail Blazers,POR @ UTA,L,42.0,91.0,0.462,11.0,31.0,0.355,12.0,17.0,0.706,12.0,30.0,42.0,19.0,1.0,3.0,9.0,18.0,107.0,-22,1,Regular Season,00,Portland,46,18,5,8,3,3,1,9,5,8,Utah,52,20,7,24,0,5,13,8,18306.0,2:05,1
250,22021,1610612750,MIN,Minnesota Timberwolves,0022100309,2021-11-29 00:00:00,MIN vs. IND,W,240,36.0,82.0,0.439,9.0,35.0,0.257,19.0,26.0,0.731,8.0,39.0,47.0,25.0,8.0,5.0,14.0,25.0,100.0,2,1,1610612754,IND,Indiana Pacers,IND @ MIN,L,36.0,91.0,0.396,9.0,37.0,0.243,17.0,21.0,0.81,8.0,39.0,47.0,27.0,6.0,3.0,14.0,18.0,98.0,-2,1,Regular Season,00,Minnesota,46,16,11,9,11,7,1,14,8,16,Indiana,42,12,17,12,1,14,10,13,14191.0,2:19,1
251,22021,1610612746,LAC,LA Clippers,0022100313,2021-11-29 00:00:00,LAC vs. NOP,L,240,37.0,72.0,0.514,14.0,36.0,0.389,16.0,21.0,0.762,4.0,31.0,35.0,17.0,2.0,2.0,15.0,16.0,104.0,-19,1,1610612740,NOP,New Orleans Pelicans,NOP @ LAC,W,48.0,94.0,0.511,14.0,35.0,0.4,13.0,16.0,0.813,14.0,33.0,47.0,30.0,11.0,1.0,8.0,21.0,123.0,19,1,Regular Season,00,New Orleans,66,18,22,22,7,1,1,8,4,10,LA,32,4,6,2,0,15,3,14,15691.0,2:02,0
252,22021,1610612755,PHI,Philadelphia 76ers,0022100305,2021-11-29 00:00:00,PHI vs. ORL,W,240,39.0,97.0,0.402,10.0,33.0,0.303,13.0,18.0,0.722,12.0,43.0,55.0,24.0,7.0,6.0,11.0,19.0,101.0,5,1,1610612753,ORL,Orlando Magic,ORL @ PHI,L,37.0,90.0,0.411,8.0,33.0,0.242,14.0,18.0,0.778,8.0,47.0,55.0,20.0,7.0,6.0,12.0,21.0,96.0,-5,1,Regular Season,00,Orlando,54,9,24,4,2,6,0,12,5,9,Philadelphia,42,16,8,16,1,11,5,11,20193.0,2:03,1
253,22021,1610612741,CHI,Chicago Bulls,0022100307,2021-11-29 00:00:00,CHI vs. CHA,W,240,53.0,89.0,0.596,14.0,30.0,0.467,13.0,19.0,0.684,5.0,36.0,41.0,35.0,3.0,5.0,11.0,19.0,133.0,14,1,1610612766,CHA,Charlotte Hornets,CHA @ CHI,L,42.0,88.0,0.477,18.0,39.0,0.462,17.0,21.0,0.81,5.0,29.0,34.0,23.0,7.0,9.0,9.0,14.0,119.0,-14,1,Regular Season,00,Charlotte,44,6,12,4,12,8,0,9,8,12,Chicago,56,10,17,23,1,11,9,16,21366.0,2:06,1
254,22021,1610612745,HOU,Houston Rockets,0022100308,2021-11-29 00:00:00,HOU vs. OKC,W,240,40.0,96.0,0.417,15.0,46.0,0.326,7.0,11.0,0.636,9.0,51.0,60.0,31.0,7.0,5.0,14.0,19.0,102.0,13,1,1610612760,OKC,Oklahoma City Thunder,OKC @ HOU,L,31.0,87.0,0.356,7.0,43.0,0.163,20.0,26.0,0.769,4.0,41.0,45.0,16.0,10.0,10.0,13.0,14.0,89.0,-13,1,Regular Season,00,Oklahoma City,46,9,8,2,2,6,1,13,9,16,Houston,50,20,15,21,1,14,8,14,12829.0,2:04,1
255,22021,1610612758,SAC,Sacramento Kings,0022100318,2021-11-30 00:00:00,SAC vs. LAL,L,240,35.0,79.0,0.443,6.0,29.0,0.207,16.0,22.0,0.727,9.0,31.0,40.0,22.0,11.0,4.0,20.0,21.0,92.0,-25,1,1610612747,LAL,Los Angeles Lakers,LAL @ SAC,W,46.0,92.0,0.5,11.0,28.0,0.393,14.0,20.0,0.7,10.0,37.0,47.0,21.0,10.0,6.0,15.0,20.0,117.0,25,1,Regular Season,00,Sacramento,52,12,23,14,3,4,1,20,5,24,Los Angeles,62,17,15,27,1,15,10,14,12459.0,2:12,0
256,22021,1610612757,POR,Portland Trail Blazers,0022100317,2021-11-30 00:00:00,POR vs. DET,W,240,41.0,96.0,0.427,14.0,42.0,0.333,14.0,18.0,0.778,10.0,33.0,43.0,24.0,8.0,5.0,11.0,22.0,110.0,18,1,1610612765,DET,Detroit Pistons,DET @ POR,L,29.0,76.0,0.382,9.0,35.0,0.257,25.0,30.0,0.833,7.0,38.0,45.0,17.0,4.0,7.0,19.0,20.0,92.0,-18,1,Regular Season,00,Portland,40,19,11,26,6,5,1,11,13,7,Detroit,34,14,9,3,1,19,10,19,16071.0,2:17,1
257,22021,1610612751,BKN,Brooklyn Nets,0022100314,2021-11-30 00:00:00,BKN vs. NYK,W,240,41.0,85.0,0.482,8.0,28.0,0.286,22.0,25.0,0.88,9.0,29.0,38.0,27.0,7.0,7.0,9.0,14.0,112.0,2,1,1610612752,NYK,New York Knicks,NYK @ BKN,L,44.0,91.0,0.484,11.0,32.0,0.344,11.0,12.0,0.917,10.0,32.0,42.0,27.0,5.0,2.0,11.0,21.0,110.0,-2,1,Regular Season,00,Brooklyn,46,12,19,16,17,9,0,9,7,13,New York,52,16,13,8,1,11,8,12,18081.0,2:22,1
258,22021,1610612761,TOR,Toronto Raptors,0022100315,2021-11-30 00:00:00,TOR vs. MEM,L,240,36.0,91.0,0.396,10.0,39.0,0.256,9.0,12.0,0.75,11.0,33.0,44.0,14.0,7.0,9.0,18.0,21.0,91.0,-7,1,1610612763,MEM,Memphis Grizzlies,MEM @ TOR,W,36.0,93.0,0.387,10.0,34.0,0.294,16.0,19.0,0.842,18.0,36.0,54.0,18.0,13.0,10.0,17.0,15.0,98.0,7,1,Regular Season,00,Memphis,44,26,13,17,0,0,0,17,8,20,Toronto,34,17,12,0,0,18,12,26,19800.0,2:14,0
259,22021,1610612754,IND,Indiana Pacers,0022100319,2021-12-01 00:00:00,IND vs. ATL,L,240,44.0,90.0,0.489,10.0,33.0,0.303,13.0,16.0,0.813,8.0,32.0,40.0,23.0,8.0,4.0,10.0,18.0,111.0,-3,1,1610612737,ATL,Atlanta Hawks,ATL @ IND,W,44.0,86.0,0.512,16.0,33.0,0.485,10.0,12.0,0.833,7.0,34.0,41.0,24.0,4.0,8.0,13.0,15.0,114.0,3,1,Regular Season,00,Indiana,52,14,11,5,14,7,0,10,8,16,Atlanta,38,4,9,12,0,13,4,12,12656.0,2:08,0
260,22021,1610612746,LAC,LA Clippers,0022100327,2021-12-01 00:00:00,LAC vs. SAC,L,240,47.0,100.0,0.47,9.0,31.0,0.29,12.0,16.0,0.75,17.0,32.0,49.0,35.0,8.0,6.0,13.0,15.0,115.0,-9,1,1610612758,SAC,Sacramento Kings,SAC @ LAC,W,46.0,88.0,0.523,15.0,38.0,0.395,17.0,20.0,0.85,7.0,31.0,38.0,28.0,8.0,1.0,12.0,16.0,124.0,9,1,Regular Season,00,Sacramento,54,8,20,25,4,2,1,12,9,10,LA,58,12,11,5,2,13,6,20,17217.0,2:08,0
261,22021,1610612760,OKC,Oklahoma City Thunder,0022100326,2021-12-01 00:00:00,OKC vs. HOU,L,240,40.0,85.0,0.471,8.0,32.0,0.25,22.0,29.0,0.759,10.0,25.0,35.0,16.0,9.0,6.0,13.0,21.0,110.0,-4,1,1610612745,HOU,Houston Rockets,HOU @ OKC,W,40.0,79.0,0.506,15.0,37.0,0.405,19.0,22.0,0.864,8.0,32.0,40.0,25.0,9.0,12.0,19.0,25.0,114.0,4,1,Regular Season,00,Oklahoma City,62,16,4,15,3,2,0,13,11,16,Houston,50,15,7,6,1,19,8,24,13222.0,2:19,0
262,22021,1610612738,BOS,Boston Celtics,0022100322,2021-12-01 00:00:00,BOS vs. PHI,W,240,33.0,79.0,0.418,11.0,28.0,0.393,11.0,15.0,0.733,4.0,42.0,46.0,18.0,5.0,8.0,13.0,15.0,88.0,1,1,1610612755,PHI,Philadelphia 76ers,PHI @ BOS,L,33.0,89.0,0.371,8.0,31.0,0.258,13.0,17.0,0.765,8.0,38.0,46.0,20.0,7.0,9.0,7.0,17.0,87.0,-1,1,Regular Season,00,Boston,34,4,0,12,16,15,0,13,9,9,Philadelphia,28,9,11,5,0,7,9,2,19156.0,2:18,1
263,22021,1610612749,MIL,Milwaukee Bucks,0022100324,2021-12-01 00:00:00,MIL vs. CHA,W,240,46.0,94.0,0.489,14.0,36.0,0.389,21.0,26.0,0.808,9.0,36.0,45.0,29.0,10.0,1.0,13.0,20.0,127.0,2,1,1610612766,CHA,Charlotte Hornets,CHA @ MIL,L,43.0,87.0,0.494,21.0,51.0,0.412,18.0,21.0,0.857,3.0,33.0,36.0,30.0,8.0,9.0,17.0,21.0,125.0,-2,1,Regular Season,00,Charlotte,40,4,10,18,13,9,1,17,13,18,Milwaukee,54,15,17,6,0,13,6,23,17341.0,2:24,1
264,22021,1610612740,NOP,New Orleans Pelicans,0022100325,2021-12-01 00:00:00,NOP vs. DAL,L,240,40.0,89.0,0.449,13.0,37.0,0.351,14.0,16.0,0.875,16.0,16.0,32.0,22.0,10.0,1.0,16.0,12.0,107.0,-32,1,1610612742,DAL,Dallas Mavericks,DAL @ NOP,W,57.0,83.0,0.687,18.0,34.0,0.529,7.0,9.0,0.778,9.0,25.0,34.0,32.0,7.0,2.0,18.0,19.0,139.0,32,1,Regular Season,00,Dallas,60,16,17,38,2,1,0,18,9,28,New Orleans,38,21,5,1,3,16,4,21,15558.0,1:59,0
265,22021,1610612757,POR,Portland Trail Blazers,0022100332,2021-12-02 00:00:00,POR vs. SAS,L,240,29.0,82.0,0.354,12.0,34.0,0.353,13.0,17.0,0.765,8.0,33.0,41.0,19.0,8.0,6.0,18.0,20.0,83.0,-31,1,1610612759,SAS,San Antonio Spurs,SAS @ POR,W,44.0,91.0,0.484,14.0,36.0,0.389,12.0,16.0,0.75,6.0,42.0,48.0,32.0,10.0,5.0,14.0,15.0,114.0,31,1,Regular Season,00,Portland,26,8,13,0,0,0,0,18,8,27,San Antonio,54,15,25,31,2,14,11,14,16143.0,2:02,0
266,22021,1610612763,MEM,Memphis Grizzlies,0022100330,2021-12-02 00:00:00,MEM vs. OKC,W,240,60.0,96.0,0.625,19.0,36.0,0.528,13.0,18.0,0.722,14.0,39.0,53.0,41.0,16.0,9.0,10.0,15.0,152.0,73,1,1610612760,OKC,Oklahoma City Thunder,OKC @ MEM,L,25.0,76.0,0.329,11.0,38.0,0.289,18.0,22.0,0.818,8.0,18.0,26.0,14.0,2.0,5.0,20.0,14.0,79.0,-73,1,Regular Season,00,Oklahoma City,24,2,9,0,0,0,1,20,6,31,Memphis,82,22,29,78,0,10,11,15,13103.0,1:58,1
267,22021,1610612756,PHX,Phoenix Suns,0022100331,2021-12-02 00:00:00,PHX vs. DET,W,240,43.0,79.0,0.544,12.0,21.0,0.571,16.0,23.0,0.696,6.0,38.0,44.0,23.0,8.0,3.0,15.0,20.0,114.0,11,1,1610612765,DET,Detroit Pistons,DET @ PHX,L,36.0,80.0,0.45,11.0,27.0,0.407,20.0,26.0,0.769,7.0,29.0,36.0,20.0,6.0,6.0,13.0,22.0,103.0,-11,1,Regular Season,00,Phoenix,58,10,10,18,3,2,1,15,7,22,Detroit,40,10,8,3,1,13,6,15,16081.0,2:10,1
268,22021,1610612761,TOR,Toronto Raptors,0022100329,2021-12-02 00:00:00,TOR vs. MIL,W,240,37.0,88.0,0.42,14.0,40.0,0.35,9.0,14.0,0.643,15.0,32.0,47.0,23.0,10.0,7.0,14.0,24.0,97.0,4,1,1610612749,MIL,Milwaukee Bucks,MIL @ TOR,L,32.0,85.0,0.376,11.0,31.0,0.355,18.0,25.0,0.72,16.0,31.0,47.0,16.0,4.0,4.0,15.0,12.0,93.0,-4,1,Regular Season,00,Toronto,36,29,13,11,8,6,1,14,10,19,Milwaukee,26,19,11,3,2,15,12,16,19800.0,2:18,1
269,22021,1610612752,NYK,New York Knicks,0022100328,2021-12-02 00:00:00,NYK vs. CHI,L,240,42.0,82.0,0.512,9.0,26.0,0.346,22.0,27.0,0.815,10.0,29.0,39.0,19.0,10.0,8.0,18.0,20.0,115.0,-4,1,1610612741,CHI,Chicago Bulls,CHI @ NYK,W,44.0,89.0,0.494,11.0,29.0,0.379,20.0,21.0,0.952,13.0,26.0,39.0,24.0,10.0,8.0,15.0,22.0,119.0,4,1,Regular Season,00,New York,66,16,19,2,7,7,0,18,6,21,Chicago,42,16,11,21,0,15,7,11,19812.0,2:17,0
270,22021,1610612762,UTA,Utah Jazz,0022100339,2021-12-03 00:00:00,UTA vs. BOS,W,240,45.0,81.0,0.556,27.0,51.0,0.529,20.0,23.0,0.87,9.0,35.0,44.0,26.0,3.0,3.0,20.0,27.0,137.0,7,1,1610612738,BOS,Boston Celtics,BOS @ UTA,L,47.0,91.0,0.516,14.0,39.0,0.359,22.0,22.0,1.0,5.0,25.0,30.0,23.0,9.0,3.0,6.0,22.0,130.0,-7,1,Regular Season,00,Utah,36,9,3,14,20,12,1,20,4,31,Boston,50,10,11,4,0,6,5,10,18306.0,2:19,1
271,22021,1610612747,LAL,Los Angeles Lakers,0022100341,2021-12-03 00:00:00,LAL vs. LAC,L,240,45.0,90.0,0.5,12.0,33.0,0.364,13.0,21.0,0.619,13.0,30.0,43.0,28.0,8.0,3.0,12.0,19.0,115.0,-4,1,1610612746,LAC,LA Clippers,LAC @ LAL,W,41.0,81.0,0.506,16.0,35.0,0.457,21.0,24.0,0.875,6.0,28.0,34.0,28.0,5.0,3.0,10.0,19.0,119.0,4,1,Regular Season,00,LA,36,12,8,12,0,3,1,10,9,10,Los Angeles,54,16,7,0,1,12,10,14,18997.0,2:14,0
272,22021,1610612754,IND,Indiana Pacers,0022100333,2021-12-03 00:00:00,IND vs. MIA,L,240,35.0,80.0,0.438,9.0,36.0,0.25,25.0,33.0,0.758,12.0,27.0,39.0,20.0,7.0,3.0,13.0,19.0,104.0,-9,1,1610612748,MIA,Miami Heat,MIA @ IND,W,43.0,81.0,0.531,16.0,34.0,0.471,11.0,13.0,0.846,9.0,29.0,38.0,24.0,5.0,6.0,13.0,22.0,113.0,9,1,Regular Season,00,Indiana,38,14,17,4,1,1,1,13,11,18,Miami,50,21,1,20,0,13,5,16,13854.0,2:21,0
273,22021,1610612751,BKN,Brooklyn Nets,0022100336,2021-12-03 00:00:00,BKN vs. MIN,W,240,36.0,76.0,0.474,6.0,23.0,0.261,32.0,41.0,0.78,7.0,34.0,41.0,26.0,4.0,4.0,17.0,31.0,110.0,5,1,1610612750,MIN,Minnesota Timberwolves,MIN @ BKN,L,36.0,93.0,0.387,13.0,42.0,0.31,20.0,24.0,0.833,16.0,28.0,44.0,22.0,5.0,4.0,18.0,25.0,105.0,-5,1,Regular Season,00,Brooklyn,50,15,9,7,26,10,0,17,13,16,Minnesota,44,22,14,11,3,18,12,21,17732.0,2:27,1
274,22021,1610612745,HOU,Houston Rockets,0022100337,2021-12-03 00:00:00,HOU vs. ORL,W,240,44.0,92.0,0.478,17.0,47.0,0.362,13.0,15.0,0.867,7.0,28.0,35.0,33.0,7.0,5.0,12.0,16.0,118.0,2,1,1610612753,ORL,Orlando Magic,ORL @ HOU,L,42.0,86.0,0.488,13.0,37.0,0.351,19.0,21.0,0.905,10.0,35.0,45.0,24.0,6.0,4.0,18.0,21.0,116.0,-2,1,Regular Season,00,Orlando,50,21,12,9,11,6,0,18,6,21,Houston,46,9,6,13,2,12,10,20,13697.0,2:11,1
275,22021,1610612758,SAC,Sacramento Kings,0022100348,2021-12-04 00:00:00,SAC vs. LAC,W,240,36.0,86.0,0.419,12.0,34.0,0.353,20.0,25.0,0.8,11.0,40.0,51.0,19.0,8.0,8.0,17.0,25.0,104.0,5,1,1610612746,LAC,LA Clippers,LAC @ SAC,L,34.0,89.0,0.382,13.0,34.0,0.382,18.0,27.0,0.667,9.0,38.0,47.0,23.0,7.0,3.0,18.0,24.0,99.0,-5,1,Regular Season,00,Sacramento,40,16,14,14,5,6,2,17,7,16,LA,32,14,7,8,1,18,14,14,15004.0,2:28,1
276,22021,1610612742,DAL,Dallas Mavericks,0022100345,2021-12-04 00:00:00,DAL vs. MEM,L,240,31.0,92.0,0.337,15.0,43.0,0.349,13.0,19.0,0.684,14.0,28.0,42.0,19.0,10.0,1.0,15.0,21.0,90.0,-7,1,1610612763,MEM,Memphis Grizzlies,MEM @ DAL,W,37.0,76.0,0.487,9.0,26.0,0.346,14.0,24.0,0.583,10.0,42.0,52.0,20.0,10.0,5.0,23.0,23.0,97.0,7,1,Regular Season,00,Dallas,22,7,2,0,0,0,2,15,10,12,Memphis,52,18,16,17,1,23,12,18,19396.0,2:24,0
277,22021,1610612752,NYK,New York Knicks,0022100342,2021-12-04 00:00:00,NYK vs. DEN,L,240,35.0,88.0,0.398,12.0,40.0,0.3,17.0,21.0,0.81,16.0,24.0,40.0,23.0,7.0,3.0,11.0,12.0,99.0,-14,1,1610612743,DEN,Denver Nuggets,DEN @ NYK,W,44.0,84.0,0.524,20.0,43.0,0.465,5.0,5.0,1.0,8.0,34.0,42.0,30.0,10.0,5.0,13.0,19.0,113.0,14,1,Regular Season,00,Denver,36,10,15,30,0,2,0,13,4,11,New York,40,20,5,0,0,11,11,17,18272.0,2:01,0
278,22021,1610612749,MIL,Milwaukee Bucks,0022100344,2021-12-04 00:00:00,MIL vs. MIA,W,240,44.0,98.0,0.449,18.0,50.0,0.36,18.0,20.0,0.9,19.0,38.0,57.0,32.0,3.0,6.0,14.0,22.0,124.0,22,1,1610612748,MIA,Miami Heat,MIA @ MIL,L,34.0,84.0,0.405,17.0,43.0,0.395,17.0,24.0,0.708,9.0,30.0,39.0,29.0,6.0,5.0,15.0,17.0,102.0,-22,1,Regular Season,00,Milwaukee,48,26,9,31,0,0,0,14,9,7,Miami,26,11,15,0,1,15,8,20,17341.0,2:19,1
279,22021,1610612757,POR,Portland Trail Blazers,0022100347,2021-12-04 00:00:00,POR vs. BOS,L,240,42.0,89.0,0.472,8.0,29.0,0.276,25.0,32.0,0.781,9.0,23.0,32.0,22.0,7.0,2.0,9.0,21.0,117.0,-28,1,1610612738,BOS,Boston Celtics,BOS @ POR,W,49.0,87.0,0.563,21.0,37.0,0.568,26.0,29.0,0.897,12.0,34.0,46.0,26.0,5.0,7.0,12.0,21.0,145.0,28,1,Regular Season,00,Boston,50,10,11,31,2,2,1,12,6,10,Portland,54,20,18,2,0,9,11,21,18193.0,2:11,0
280,22021,1610612751,BKN,Brooklyn Nets,0022100343,2021-12-04 00:00:00,BKN vs. CHI,L,240,46.0,111.0,0.414,8.0,25.0,0.32,7.0,9.0,0.778,15.0,40.0,55.0,28.0,8.0,6.0,7.0,19.0,107.0,-4,1,1610612741,CHI,Chicago Bulls,CHI @ BKN,W,41.0,86.0,0.477,10.0,31.0,0.323,19.0,27.0,0.704,7.0,40.0,47.0,22.0,4.0,10.0,9.0,12.0,111.0,4,1,Regular Season,00,Brooklyn,54,23,12,11,5,1,2,7,12,8,Chicago,38,4,13,6,0,9,6,13,18116.0,2:08,0
281,22021,1610612745,HOU,Houston Rockets,0022100352,2021-12-05 00:00:00,HOU vs. NOP,W,240,39.0,79.0,0.494,17.0,40.0,0.425,23.0,29.0,0.793,11.0,29.0,40.0,24.0,3.0,3.0,14.0,23.0,118.0,10,1,1610612740,NOP,New Orleans Pelicans,NOP @ HOU,L,40.0,94.0,0.426,10.0,38.0,0.263,18.0,25.0,0.72,22.0,28.0,50.0,19.0,9.0,9.0,8.0,26.0,108.0,-10,1,Regular Season,00,Houston,42,19,4,15,4,1,0,14,10,21,New Orleans,50,19,9,7,1,8,7,11,14771.0,2:21,1
282,22021,1610612761,TOR,Toronto Raptors,0022100351,2021-12-05 00:00:00,TOR vs. WAS,W,240,38.0,85.0,0.447,8.0,23.0,0.348,18.0,24.0,0.75,10.0,37.0,47.0,22.0,3.0,1.0,8.0,24.0,102.0,12,1,1610612764,WAS,Washington Wizards,WAS @ TOR,L,30.0,73.0,0.411,8.0,25.0,0.32,22.0,29.0,0.759,6.0,37.0,43.0,20.0,4.0,5.0,10.0,22.0,90.0,-12,1,Regular Season,00,Washington,34,4,4,2,1,1,0,10,6,9,Toronto,46,13,7,25,0,8,7,11,19800.0,2:06,1
283,22021,1610612737,ATL,Atlanta Hawks,0022100350,2021-12-05 00:00:00,ATL vs. CHA,L,240,48.0,93.0,0.516,17.0,37.0,0.459,14.0,18.0,0.778,10.0,35.0,45.0,29.0,4.0,3.0,11.0,19.0,127.0,-3,1,1610612766,CHA,Charlotte Hornets,CHA @ ATL,W,46.0,86.0,0.535,17.0,37.0,0.459,21.0,28.0,0.75,7.0,32.0,39.0,21.0,9.0,3.0,6.0,18.0,130.0,3,1,Regular Season,00,Charlotte,36,10,15,11,17,10,0,6,4,9,Atlanta,50,13,5,5,1,11,8,19,16383.0,2:06,0
284,22021,1610612739,CLE,Cleveland Cavaliers,0022100349,2021-12-05 00:00:00,CLE vs. UTA,L,240,42.0,91.0,0.462,14.0,38.0,0.368,10.0,13.0,0.769,15.0,30.0,45.0,20.0,12.0,5.0,14.0,8.0,108.0,-1,1,1610612762,UTA,Utah Jazz,UTA @ CLE,W,40.0,90.0,0.444,20.0,48.0,0.417,9.0,10.0,0.9,14.0,32.0,46.0,24.0,8.0,5.0,17.0,14.0,109.0,1,1,Regular Season,00,Cleveland,50,17,14,4,14,13,1,14,6,19,Utah,38,20,10,15,0,17,6,21,18113.0,2:04,0
285,22021,1610612749,MIL,Milwaukee Bucks,0022100358,2021-12-06 00:00:00,MIL vs. CLE,W,240,40.0,86.0,0.465,13.0,32.0,0.406,19.0,24.0,0.792,8.0,45.0,53.0,21.0,7.0,5.0,17.0,20.0,112.0,8,1,1610612739,CLE,Cleveland Cavaliers,CLE @ MIL,L,35.0,90.0,0.389,15.0,46.0,0.326,19.0,20.0,0.95,7.0,32.0,39.0,27.0,8.0,4.0,10.0,17.0,104.0,-8,1,Regular Season,00,Milwaukee,44,10,19,13,4,4,1,17,10,13,Cleveland,38,9,5,2,1,10,5,3,17341.0,2:08,1
286,22021,1610612748,MIA,Miami Heat,0022100356,2021-12-06 00:00:00,MIA vs. MEM,L,240,35.0,76.0,0.461,6.0,22.0,0.273,14.0,17.0,0.824,7.0,29.0,36.0,26.0,11.0,6.0,23.0,19.0,90.0,-15,1,1610612763,MEM,Memphis Grizzlies,MEM @ MIA,W,38.0,89.0,0.427,13.0,33.0,0.394,16.0,21.0,0.762,16.0,31.0,47.0,26.0,11.0,6.0,19.0,18.0,105.0,15,1,Regular Season,00,Miami,40,16,22,0,0,1,0,23,9,27,Memphis,42,16,13,18,0,19,8,20,19600.0,2:18,0
287,22021,1610612750,MIN,Minnesota Timberwolves,0022100359,2021-12-06 00:00:00,MIN vs. ATL,L,240,39.0,98.0,0.398,17.0,40.0,0.425,15.0,19.0,0.789,16.0,34.0,50.0,22.0,9.0,5.0,8.0,17.0,110.0,-11,1,1610612737,ATL,Atlanta Hawks,ATL @ MIN,W,40.0,90.0,0.444,25.0,49.0,0.51,16.0,19.0,0.842,11.0,38.0,49.0,31.0,5.0,8.0,12.0,20.0,121.0,11,1,Regular Season,00,Atlanta,20,10,14,21,3,1,2,12,9,20,Minnesota,42,17,19,2,0,8,8,13,15736.0,2:05,0
288,22021,1610612756,PHX,Phoenix Suns,0022100360,2021-12-06 00:00:00,PHX vs. SAS,W,240,43.0,94.0,0.457,10.0,29.0,0.345,12.0,18.0,0.667,15.0,34.0,49.0,27.0,6.0,4.0,17.0,20.0,108.0,4,1,1610612759,SAS,San Antonio Spurs,SAS @ PHX,L,40.0,93.0,0.43,11.0,29.0,0.379,13.0,19.0,0.684,9.0,32.0,41.0,31.0,12.0,6.0,15.0,18.0,104.0,-4,1,Regular Season,00,Phoenix,50,17,2,16,4,6,0,17,11,9,San Antonio,50,7,5,11,0,15,15,11,15292.0,2:17,1
289,22021,1610612766,CHA,Charlotte Hornets,0022100353,2021-12-06 00:00:00,CHA vs. PHI,L,265,48.0,107.0,0.449,16.0,46.0,0.348,12.0,17.0,0.706,13.0,29.0,42.0,31.0,6.0,6.0,8.0,18.0,124.0,-3,1,1610612755,PHI,Philadelphia 76ers,PHI @ CHA,W,46.0,87.0,0.529,15.0,36.0,0.417,20.0,27.0,0.741,8.0,41.0,49.0,28.0,6.0,9.0,15.0,19.0,127.0,3,1,Regular Season,00,Philadelphia,46,10,17,13,11,7,0,15,11,23,Charlotte,58,23,21,12,0,8,10,9,14462.0,2:29,0
290,22021,1610612765,DET,Detroit Pistons,0022100354,2021-12-06 00:00:00,DET vs. OKC,L,240,41.0,99.0,0.414,16.0,41.0,0.39,5.0,6.0,0.833,16.0,36.0,52.0,21.0,8.0,7.0,17.0,26.0,103.0,-11,1,1610612760,OKC,Oklahoma City Thunder,OKC @ DET,W,41.0,82.0,0.5,9.0,25.0,0.36,23.0,30.0,0.767,6.0,34.0,40.0,22.0,10.0,11.0,11.0,13.0,114.0,11,1,Regular Season,00,Oklahoma City,58,4,14,11,1,1,0,11,9,11,Detroit,34,21,7,18,1,17,6,21,10522.0,2:12,0
291,22021,1610612741,CHI,Chicago Bulls,0022100357,2021-12-06 00:00:00,CHI vs. DEN,W,240,41.0,91.0,0.451,13.0,35.0,0.371,14.0,20.0,0.7,13.0,42.0,55.0,25.0,4.0,7.0,11.0,15.0,109.0,12,1,1610612743,DEN,Denver Nuggets,DEN @ CHI,L,38.0,96.0,0.396,11.0,32.0,0.344,10.0,15.0,0.667,11.0,39.0,50.0,30.0,5.0,2.0,11.0,17.0,97.0,-12,1,Regular Season,00,Denver,28,15,0,11,7,6,2,11,9,15,Chicago,44,9,15,18,0,11,5,12,21236.0,2:07,1
292,22021,1610612757,POR,Portland Trail Blazers,0022100362,2021-12-06 00:00:00,POR vs. LAC,L,240,35.0,79.0,0.443,5.0,22.0,0.227,15.0,20.0,0.75,7.0,38.0,45.0,16.0,6.0,6.0,18.0,19.0,90.0,-12,1,1610612746,LAC,LA Clippers,LAC @ POR,W,41.0,92.0,0.446,11.0,36.0,0.306,9.0,14.0,0.643,7.0,30.0,37.0,18.0,8.0,7.0,13.0,21.0,102.0,12,1,Regular Season,00,LA,42,14,6,12,11,8,0,13,17,21,Portland,52,7,8,4,0,18,6,19,15865.0,2:13,0
293,22021,1610612747,LAL,Los Angeles Lakers,0022100365,2021-12-07 00:00:00,LAL vs. BOS,W,240,48.0,93.0,0.516,8.0,27.0,0.296,13.0,17.0,0.765,13.0,38.0,51.0,25.0,7.0,4.0,16.0,21.0,117.0,15,1,1610612738,BOS,Boston Celtics,BOS @ LAL,L,36.0,82.0,0.439,10.0,33.0,0.303,20.0,29.0,0.69,7.0,27.0,34.0,27.0,8.0,4.0,13.0,16.0,102.0,-15,1,Regular Season,00,Los Angeles,66,18,17,20,11,7,2,16,12,25,Boston,42,6,16,8,0,13,7,17,18997.0,2:20,1
294,22021,1610612759,SAS,San Antonio Spurs,0022100364,2021-12-07 00:00:00,SAS vs. NYK,L,240,41.0,92.0,0.446,12.0,31.0,0.387,15.0,20.0,0.75,13.0,30.0,43.0,30.0,5.0,4.0,10.0,18.0,109.0,-12,1,1610612752,NYK,New York Knicks,NYK @ SAS,W,43.0,91.0,0.473,18.0,38.0,0.474,17.0,19.0,0.895,17.0,35.0,52.0,22.0,7.0,5.0,11.0,19.0,121.0,12,1,Regular Season,00,San Antonio,54,8,7,5,7,8,0,10,7,14,New York,32,21,11,16,1,11,4,4,14698.0,2:04,0
295,22021,1610612742,DAL,Dallas Mavericks,0022100363,2021-12-07 00:00:00,DAL vs. BKN,L,240,36.0,90.0,0.4,9.0,46.0,0.196,18.0,22.0,0.818,10.0,29.0,39.0,21.0,6.0,2.0,4.0,15.0,99.0,-3,1,1610612751,BKN,Brooklyn Nets,BKN @ DAL,W,42.0,83.0,0.506,8.0,26.0,0.308,10.0,13.0,0.769,8.0,42.0,50.0,28.0,3.0,4.0,12.0,22.0,102.0,3,1,Regular Season,00,Dallas,46,9,8,17,3,4,0,4,9,2,Brooklyn,40,4,12,3,0,12,4,14,19559.0,2:23,0
296,22021,1610612745,HOU,Houston Rockets,0022100372,2021-12-08 00:00:00,HOU vs. BKN,W,240,40.0,81.0,0.494,14.0,41.0,0.341,20.0,29.0,0.69,9.0,29.0,38.0,23.0,9.0,9.0,14.0,23.0,114.0,10,1,1610612751,BKN,Brooklyn Nets,BKN @ HOU,L,35.0,89.0,0.393,8.0,33.0,0.242,26.0,31.0,0.839,14.0,30.0,44.0,18.0,7.0,3.0,13.0,23.0,104.0,-10,1,Regular Season,00,Brooklyn,50,25,9,4,2,2,0,13,12,22,Houston,52,6,9,20,1,14,15,15,15834.0,2:23,1
297,22021,1610612739,CLE,Cleveland Cavaliers,0022100367,2021-12-08 00:00:00,CLE vs. CHI,W,240,44.0,80.0,0.55,13.0,28.0,0.464,14.0,16.0,0.875,5.0,37.0,42.0,28.0,10.0,8.0,16.0,22.0,115.0,23,1,1610612741,CHI,Chicago Bulls,CHI @ CLE,L,35.0,84.0,0.417,7.0,26.0,0.269,15.0,21.0,0.714,11.0,26.0,37.0,21.0,6.0,3.0,18.0,17.0,92.0,-23,1,Regular Season,00,Chicago,46,8,20,2,6,4,1,18,9,17,Cleveland,40,11,12,26,2,16,5,13,17707.0,2:09,1
298,22021,1610612750,MIN,Minnesota Timberwolves,0022100374,2021-12-08 00:00:00,MIN vs. UTA,L,240,38.0,95.0,0.4,17.0,47.0,0.362,11.0,17.0,0.647,9.0,28.0,37.0,19.0,9.0,3.0,16.0,17.0,104.0,-32,1,1610612762,UTA,Utah Jazz,UTA @ MIN,W,50.0,88.0,0.568,25.0,54.0,0.463,11.0,15.0,0.733,6.0,42.0,48.0,26.0,6.0,4.0,15.0,20.0,136.0,32,1,Regular Season,00,Utah,48,7,26,32,13,7,2,15,9,14,Minnesota,36,10,6,7,1,16,11,25,15181.0,2:09,0
299,22021,1610612766,CHA,Charlotte Hornets,0022100366,2021-12-08 00:00:00,CHA vs. PHI,L,240,39.0,80.0,0.488,10.0,29.0,0.345,18.0,21.0,0.857,8.0,27.0,35.0,22.0,7.0,4.0,19.0,24.0,106.0,-4,1,1610612755,PHI,Philadelphia 76ers,PHI @ CHA,W,36.0,75.0,0.48,13.0,34.0,0.382,25.0,30.0,0.833,8.0,28.0,36.0,23.0,6.0,4.0,17.0,21.0,110.0,4,1,Regular Season,00,Philadelphia,40,10,12,9,16,12,2,17,9,19,Charlotte,52,17,12,6,1,19,8,23,15709.0,2:30,0
300,22021,1610612765,DET,Detroit Pistons,0022100368,2021-12-08 00:00:00,DET vs. WAS,L,265,37.0,79.0,0.468,13.0,24.0,0.542,29.0,35.0,0.829,7.0,30.0,37.0,22.0,9.0,4.0,16.0,26.0,116.0,-3,1,1610612764,WAS,Washington Wizards,WAS @ DET,W,42.0,88.0,0.477,12.0,32.0,0.375,23.0,28.0,0.821,13.0,32.0,45.0,27.0,6.0,8.0,17.0,21.0,119.0,3,1,Regular Season,00,Washington,52,18,2,13,8,11,0,17,5,22,Detroit,38,6,7,14,1,16,12,23,10499.0,2:44,0
301,22021,1610612748,MIA,Miami Heat,0022100370,2021-12-08 00:00:00,MIA vs. MIL,W,240,40.0,77.0,0.519,22.0,47.0,0.468,11.0,12.0,0.917,6.0,36.0,42.0,32.0,6.0,6.0,22.0,23.0,113.0,9,1,1610612749,MIL,Milwaukee Bucks,MIL @ MIA,L,36.0,85.0,0.424,12.0,39.0,0.308,20.0,27.0,0.741,12.0,29.0,41.0,18.0,11.0,4.0,19.0,20.0,104.0,-9,1,Regular Season,00,Milwaukee,44,21,10,11,16,12,1,19,6,13,Miami,32,4,5,9,2,22,5,29,19600.0,2:22,1
302,22021,1610612763,MEM,Memphis Grizzlies,0022100373,2021-12-08 00:00:00,MEM vs. DAL,L,240,36.0,90.0,0.4,9.0,31.0,0.29,15.0,25.0,0.6,12.0,28.0,40.0,23.0,14.0,3.0,13.0,23.0,96.0,-8,1,1610612742,DAL,Dallas Mavericks,DAL @ MEM,W,37.0,77.0,0.481,12.0,33.0,0.364,18.0,23.0,0.783,10.0,37.0,47.0,24.0,5.0,6.0,19.0,21.0,104.0,8,1,Regular Season,00,Dallas,36,7,10,14,9,10,1,19,6,20,Memphis,50,21,13,12,0,13,16,13,14025.0,2:21,0
303,22021,1610612740,NOP,New Orleans Pelicans,0022100375,2021-12-08 00:00:00,NOP vs. DEN,L,265,47.0,90.0,0.522,11.0,30.0,0.367,9.0,12.0,0.75,10.0,36.0,46.0,32.0,8.0,5.0,25.0,22.0,114.0,-6,1,1610612743,DEN,Denver Nuggets,DEN @ NOP,W,45.0,88.0,0.511,9.0,32.0,0.281,21.0,27.0,0.778,5.0,28.0,33.0,28.0,12.0,4.0,12.0,19.0,120.0,6,1,Regular Season,00,New Orleans,66,8,14,5,10,5,3,25,8,31,Denver,60,11,7,12,1,12,8,9,15035.0,2:24,0
304,22021,1610612758,SAC,Sacramento Kings,0022100377,2021-12-08 00:00:00,SAC vs. ORL,W,240,53.0,97.0,0.546,15.0,34.0,0.441,21.0,25.0,0.84,12.0,31.0,43.0,24.0,8.0,7.0,8.0,22.0,142.0,12,1,1610612753,ORL,Orlando Magic,ORL @ SAC,L,48.0,97.0,0.495,16.0,34.0,0.471,18.0,23.0,0.783,17.0,26.0,43.0,29.0,2.0,5.0,13.0,18.0,130.0,-12,1,Regular Season,00,Sacramento,56,17,9,18,12,6,0,8,9,13,Orlando,50,20,2,5,1,13,7,14,14364.0,2:17,1
305,22021,1610612746,LAC,LA Clippers,0022100378,2021-12-08 00:00:00,LAC vs. BOS,W,240,40.0,85.0,0.471,14.0,32.0,0.438,20.0,22.0,0.909,9.0,29.0,38.0,20.0,13.0,7.0,20.0,18.0,114.0,3,1,1610612738,BOS,Boston Celtics,BOS @ LAC,L,41.0,86.0,0.477,10.0,32.0,0.313,19.0,21.0,0.905,14.0,33.0,47.0,26.0,11.0,3.0,23.0,21.0,111.0,-3,1,Regular Season,00,LA,44,13,10,21,8,5,0,20,7,24,Boston,60,15,14,7,1,23,2,33,17064.0,2:32,1
306,22021,1610612755,PHI,Philadelphia 76ers,0022100379,2021-12-09 00:00:00,PHI vs. UTA,L,240,38.0,88.0,0.432,6.0,33.0,0.182,14.0,15.0,0.933,6.0,28.0,34.0,17.0,9.0,4.0,12.0,20.0,96.0,-22,1,1610612762,UTA,Utah Jazz,UTA @ PHI,W,43.0,91.0,0.473,15.0,40.0,0.375,17.0,24.0,0.708,16.0,36.0,52.0,22.0,7.0,5.0,12.0,14.0,118.0,22,1,Regular Season,00,Utah,50,18,12,23,10,8,1,12,11,19,Philadelphia,46,7,16,5,3,12,9,12,20272.0,2:12,0
307,22021,1610612763,MEM,Memphis Grizzlies,0022100380,2021-12-09 00:00:00,MEM vs. LAL,W,240,41.0,94.0,0.436,14.0,42.0,0.333,12.0,18.0,0.667,14.0,33.0,47.0,28.0,18.0,5.0,13.0,14.0,108.0,13,1,1610612747,LAL,Los Angeles Lakers,LAL @ MEM,L,36.0,78.0,0.462,12.0,30.0,0.4,11.0,17.0,0.647,7.0,38.0,45.0,26.0,8.0,6.0,22.0,15.0,95.0,-13,1,Regular Season,00,Los Angeles,44,1,24,9,10,8,0,22,9,27,Memphis,46,17,19,16,2,13,6,21,16334.0,2:06,1
308,22021,1610612759,SAS,San Antonio Spurs,0022100381,2021-12-09 00:00:00,SAS vs. DEN,W,240,46.0,88.0,0.523,15.0,35.0,0.429,16.0,22.0,0.727,14.0,40.0,54.0,32.0,5.0,7.0,14.0,21.0,123.0,12,1,1610612743,DEN,Denver Nuggets,DEN @ SAS,L,42.0,94.0,0.447,15.0,39.0,0.385,12.0,13.0,0.923,5.0,28.0,33.0,29.0,7.0,5.0,9.0,21.0,111.0,-12,1,Regular Season,00,San Antonio,58,20,19,18,0,0,1,14,5,18,Denver,44,14,12,0,1,9,9,7,12855.0,2:06,1
309,22021,1610612745,HOU,Houston Rockets,0022100386,2021-12-10 00:00:00,HOU vs. MIL,L,240,42.0,89.0,0.472,19.0,46.0,0.413,11.0,20.0,0.55,12.0,28.0,40.0,30.0,9.0,4.0,16.0,28.0,114.0,-9,1,1610612749,MIL,Milwaukee Bucks,MIL @ HOU,W,42.0,83.0,0.506,15.0,39.0,0.385,24.0,32.0,0.75,13.0,35.0,48.0,19.0,11.0,8.0,15.0,21.0,123.0,9,1,Regular Season,00,Houston,44,22,5,10,9,10,0,16,9,18,Milwaukee,52,20,27,9,0,15,8,21,16319.0,2:21,0
310,22021,1610612737,ATL,Atlanta Hawks,0022100384,2021-12-10 00:00:00,ATL vs. BKN,L,240,37.0,94.0,0.394,11.0,34.0,0.324,20.0,24.0,0.833,16.0,33.0,49.0,21.0,10.0,3.0,15.0,19.0,105.0,-8,1,1610612751,BKN,Brooklyn Nets,BKN @ ATL,W,46.0,93.0,0.495,6.0,23.0,0.261,15.0,16.0,0.938,9.0,32.0,41.0,26.0,9.0,7.0,14.0,22.0,113.0,8,1,Regular Season,00,Brooklyn,66,10,16,8,9,14,1,14,10,21,Atlanta,50,17,7,11,1,15,9,23,17074.0,2:21,0
311,22021,1610612766,CHA,Charlotte Hornets,0022100382,2021-12-10 00:00:00,CHA vs. SAC,W,240,48.0,87.0,0.552,14.0,35.0,0.4,14.0,20.0,0.7,11.0,28.0,39.0,29.0,9.0,8.0,16.0,20.0,124.0,1,1,1610612758,SAC,Sacramento Kings,SAC @ CHA,L,48.0,101.0,0.475,14.0,41.0,0.341,13.0,17.0,0.765,20.0,28.0,48.0,22.0,11.0,4.0,14.0,20.0,123.0,-1,1,Regular Season,00,Sacramento,58,25,21,12,12,6,0,14,7,28,Charlotte,64,18,23,9,1,16,8,21,16335.0,2:21,1
312,22021,1610612740,NOP,New Orleans Pelicans,0022100388,2021-12-10 00:00:00,NOP vs. DET,W,240,41.0,95.0,0.432,13.0,37.0,0.351,14.0,16.0,0.875,15.0,45.0,60.0,29.0,6.0,4.0,16.0,16.0,109.0,16,1,1610612765,DET,Detroit Pistons,DET @ NOP,L,35.0,90.0,0.389,12.0,37.0,0.324,11.0,12.0,0.917,7.0,31.0,38.0,22.0,7.0,6.0,13.0,15.0,93.0,-16,1,Regular Season,00,Detroit,40,13,7,15,4,3,1,13,6,7,New Orleans,46,15,19,27,2,16,8,9,15828.0,2:06,1
313,22021,1610612756,PHX,Phoenix Suns,0022100390,2021-12-10 00:00:00,PHX vs. BOS,W,240,43.0,96.0,0.448,14.0,38.0,0.368,11.0,11.0,1.0,14.0,39.0,53.0,25.0,4.0,9.0,12.0,21.0,111.0,21,1,1610612738,BOS,Boston Celtics,BOS @ PHX,L,35.0,93.0,0.376,4.0,26.0,0.154,16.0,24.0,0.667,15.0,31.0,46.0,13.0,7.0,6.0,13.0,17.0,90.0,-21,1,Regular Season,00,Boston,52,14,10,5,4,2,0,13,12,12,Phoenix,50,16,2,27,0,12,8,10,17071.0,2:08,1
314,22021,1610612760,OKC,Oklahoma City Thunder,0022100389,2021-12-10 00:00:00,OKC vs. LAL,L,240,38.0,96.0,0.396,10.0,44.0,0.227,9.0,14.0,0.643,19.0,32.0,51.0,21.0,9.0,3.0,15.0,17.0,95.0,-21,1,1610612747,LAL,Los Angeles Lakers,LAL @ OKC,W,41.0,87.0,0.471,19.0,42.0,0.452,15.0,20.0,0.75,12.0,35.0,47.0,23.0,12.0,3.0,16.0,14.0,116.0,21,1,Regular Season,00,Oklahoma City,54,14,8,2,3,3,0,15,4,19,Los Angeles,40,19,6,29,0,16,12,15,16523.0,2:06,0
315,22021,1610612750,MIN,Minnesota Timberwolves,0022100387,2021-12-10 00:00:00,MIN vs. CLE,L,240,36.0,92.0,0.391,11.0,39.0,0.282,23.0,28.0,0.821,10.0,30.0,40.0,24.0,9.0,5.0,14.0,19.0,106.0,-17,1,1610612739,CLE,Cleveland Cavaliers,CLE @ MIN,W,46.0,85.0,0.541,13.0,33.0,0.394,18.0,22.0,0.818,6.0,41.0,47.0,34.0,8.0,7.0,17.0,23.0,123.0,17,1,Regular Season,00,Cleveland,62,10,27,33,0,0,2,17,8,18,Minnesota,42,14,20,0,0,14,9,15,15694.0,2:11,0
316,22021,1610612759,SAS,San Antonio Spurs,0022100397,2021-12-11 00:00:00,SAS vs. DEN,L,240,41.0,89.0,0.461,10.0,27.0,0.37,20.0,29.0,0.69,14.0,31.0,45.0,28.0,4.0,4.0,17.0,18.0,112.0,-15,1,1610612743,DEN,Denver Nuggets,DEN @ SAS,W,47.0,93.0,0.505,20.0,43.0,0.465,13.0,14.0,0.929,10.0,31.0,41.0,33.0,9.0,8.0,12.0,25.0,127.0,15,1,Regular Season,00,Denver,52,16,7,32,6,3,1,12,6,13,San Antonio,46,16,9,3,0,17,12,28,14607.0,2:13,0
317,22021,1610612746,LAC,LA Clippers,0022100391,2021-12-11 00:00:00,LAC vs. ORL,W,240,42.0,92.0,0.457,18.0,36.0,0.5,4.0,6.0,0.667,12.0,33.0,45.0,27.0,7.0,1.0,8.0,17.0,106.0,2,1,1610612753,ORL,Orlando Magic,ORL @ LAC,L,35.0,80.0,0.438,12.0,33.0,0.364,22.0,24.0,0.917,10.0,35.0,45.0,21.0,4.0,5.0,11.0,11.0,104.0,-2,1,Regular Season,00,LA,32,13,6,8,12,9,1,8,3,9,Orlando,42,11,8,9,0,11,6,11,17156.0,2:05,1
318,22021,1610612748,MIA,Miami Heat,0022100394,2021-12-11 00:00:00,MIA vs. CHI,W,240,46.0,93.0,0.495,19.0,43.0,0.442,7.0,9.0,0.778,12.0,38.0,50.0,37.0,8.0,6.0,10.0,21.0,118.0,26,1,1610612741,CHI,Chicago Bulls,CHI @ MIA,L,31.0,83.0,0.373,17.0,40.0,0.425,13.0,20.0,0.65,7.0,27.0,34.0,22.0,5.0,3.0,16.0,15.0,92.0,-26,1,Regular Season,00,Miami,48,16,6,26,0,1,2,10,7,14,Chicago,22,4,9,0,2,16,17,22,19731.0,2:07,1
319,22021,1610612739,CLE,Cleveland Cavaliers,0022100393,2021-12-11 00:00:00,CLE vs. SAC,W,240,41.0,88.0,0.466,12.0,31.0,0.387,23.0,28.0,0.821,7.0,40.0,47.0,27.0,13.0,6.0,14.0,24.0,117.0,14,1,1610612758,SAC,Sacramento Kings,SAC @ CLE,L,41.0,93.0,0.441,7.0,28.0,0.25,14.0,22.0,0.636,11.0,37.0,48.0,19.0,8.0,6.0,17.0,21.0,103.0,-14,1,Regular Season,00,Sacramento,64,11,8,0,0,0,0,17,9,23,Cleveland,52,12,22,29,0,14,8,19,19432.0,2:11,1
320,22021,1610612764,WAS,Washington Wizards,0022100392,2021-12-11 00:00:00,WAS vs. UTA,L,240,41.0,89.0,0.461,8.0,25.0,0.32,8.0,14.0,0.571,9.0,30.0,39.0,17.0,3.0,3.0,13.0,15.0,98.0,-25,1,1610612762,UTA,Utah Jazz,UTA @ WAS,W,48.0,93.0,0.516,13.0,39.0,0.333,14.0,17.0,0.824,12.0,37.0,49.0,28.0,5.0,5.0,9.0,14.0,123.0,25,1,Regular Season,00,Washington,60,22,6,3,12,11,1,13,9,20,Utah,68,20,0,25,1,9,5,12,17575.0,2:08,0
321,22021,1610612763,MEM,Memphis Grizzlies,0022100395,2021-12-11 00:00:00,MEM vs. HOU,W,240,40.0,80.0,0.5,11.0,29.0,0.379,22.0,36.0,0.611,9.0,29.0,38.0,22.0,10.0,3.0,11.0,24.0,113.0,7,1,1610612745,HOU,Houston Rockets,HOU @ MEM,L,38.0,77.0,0.494,11.0,33.0,0.333,19.0,29.0,0.655,12.0,28.0,40.0,25.0,5.0,6.0,16.0,25.0,106.0,-7,1,Regular Season,00,Memphis,46,23,12,21,1,0,0,11,17,11,Houston,54,19,5,1,0,16,8,21,17794.0,2:24,1
322,22021,1610612752,NYK,New York Knicks,0022100398,2021-12-12 00:00:00,NYK vs. MIL,L,240,35.0,82.0,0.427,17.0,49.0,0.347,10.0,13.0,0.769,8.0,29.0,37.0,27.0,12.0,2.0,17.0,16.0,97.0,-15,1,1610612749,MIL,Milwaukee Bucks,MIL @ NYK,W,42.0,88.0,0.477,14.0,41.0,0.341,14.0,17.0,0.824,12.0,34.0,46.0,27.0,11.0,1.0,15.0,12.0,112.0,15,1,Regular Season,00,Milwaukee,46,22,9,21,0,0,0,15,8,18,New York,30,4,5,0,1,17,8,22,19812.0,2:02,0
323,22021,1610612759,SAS,San Antonio Spurs,0022100401,2021-12-12 00:00:00,SAS vs. NOP,W,240,45.0,91.0,0.495,7.0,25.0,0.28,15.0,20.0,0.75,15.0,40.0,55.0,31.0,11.0,5.0,14.0,19.0,112.0,15,1,1610612740,NOP,New Orleans Pelicans,NOP @ SAS,L,40.0,94.0,0.426,8.0,29.0,0.276,9.0,15.0,0.6,11.0,31.0,42.0,24.0,8.0,4.0,14.0,17.0,97.0,-15,1,Regular Season,00,San Antonio,66,14,16,19,10,8,1,14,4,14,New Orleans,52,14,16,2,0,14,10,18,14990.0,2:05,1
324,22021,1610612760,OKC,Oklahoma City Thunder,0022100400,2021-12-12 00:00:00,OKC vs. DAL,L,240,30.0,80.0,0.375,13.0,37.0,0.351,11.0,16.0,0.688,3.0,36.0,39.0,19.0,3.0,7.0,11.0,25.0,84.0,-19,1,1610612742,DAL,Dallas Mavericks,DAL @ OKC,W,38.0,90.0,0.422,9.0,33.0,0.273,18.0,23.0,0.783,10.0,44.0,54.0,25.0,5.0,5.0,9.0,18.0,103.0,19,1,Regular Season,00,Dallas,50,15,0,20,2,1,3,9,8,3,Oklahoma City,20,7,0,2,0,11,11,6,15747.0,2:04,0
325,22021,1610612761,TOR,Toronto Raptors,0022100406,2021-12-13 00:00:00,TOR vs. SAC,W,240,53.0,98.0,0.541,11.0,31.0,0.355,7.0,10.0,0.7,8.0,38.0,46.0,28.0,10.0,8.0,10.0,19.0,124.0,23,1,1610612758,SAC,Sacramento Kings,SAC @ TOR,L,38.0,94.0,0.404,11.0,34.0,0.324,14.0,21.0,0.667,19.0,34.0,53.0,21.0,5.0,4.0,17.0,16.0,101.0,-23,1,Regular Season,00,Toronto,68,16,22,31,0,0,2,10,7,10,Sacramento,50,22,12,0,0,17,5,22,19463.0,1:57,1
326,22021,1610612739,CLE,Cleveland Cavaliers,0022100404,2021-12-13 00:00:00,CLE vs. MIA,W,240,36.0,81.0,0.444,16.0,36.0,0.444,17.0,18.0,0.944,8.0,34.0,42.0,24.0,6.0,1.0,14.0,16.0,105.0,11,1,1610612748,MIA,Miami Heat,MIA @ CLE,L,38.0,85.0,0.447,13.0,40.0,0.325,5.0,9.0,0.556,11.0,28.0,39.0,26.0,4.0,4.0,16.0,15.0,94.0,-11,1,Regular Season,00,Cleveland,34,16,6,16,6,7,2,14,7,20,Miami,36,8,6,6,2,16,9,26,17401.0,2:08,1
327,22021,1610612742,DAL,Dallas Mavericks,0022100410,2021-12-13 00:00:00,DAL vs. CHA,W,240,43.0,83.0,0.518,19.0,41.0,0.463,15.0,17.0,0.882,14.0,36.0,50.0,28.0,4.0,8.0,13.0,19.0,120.0,24,1,1610612766,CHA,Charlotte Hornets,CHA @ DAL,L,34.0,86.0,0.395,13.0,37.0,0.351,15.0,24.0,0.625,18.0,20.0,38.0,22.0,8.0,2.0,10.0,18.0,96.0,-24,1,Regular Season,00,Dallas,32,21,22,30,0,0,4,13,8,21,Charlotte,36,20,9,0,2,10,7,17,19213.0,2:06,1
328,22021,1610612763,MEM,Memphis Grizzlies,0022100409,2021-12-13 00:00:00,MEM vs. PHI,W,240,47.0,89.0,0.528,14.0,34.0,0.412,18.0,23.0,0.783,11.0,39.0,50.0,29.0,12.0,6.0,11.0,20.0,126.0,35,1,1610612755,PHI,Philadelphia 76ers,PHI @ MEM,L,37.0,83.0,0.446,4.0,22.0,0.182,13.0,19.0,0.684,5.0,33.0,38.0,22.0,5.0,10.0,15.0,19.0,91.0,-35,1,Regular Season,00,Philadelphia,60,8,11,2,5,5,0,15,6,18,Memphis,60,17,28,36,2,11,5,9,13420.0,2:05,1
329,22021,1610612743,DEN,Denver Nuggets,0022100411,2021-12-13 00:00:00,DEN vs. WAS,W,240,37.0,79.0,0.468,10.0,32.0,0.313,29.0,33.0,0.879,4.0,45.0,49.0,26.0,8.0,2.0,13.0,19.0,113.0,6,1,1610612764,WAS,Washington Wizards,WAS @ DEN,L,41.0,90.0,0.456,12.0,34.0,0.353,13.0,21.0,0.619,6.0,35.0,41.0,25.0,7.0,5.0,10.0,26.0,107.0,-6,1,Regular Season,00,Washington,46,8,6,0,0,0,0,10,8,6,Denver,44,15,11,33,0,13,5,14,14632.0,2:15,1
330,22021,1610612746,LAC,LA Clippers,0022100412,2021-12-13 00:00:00,LAC vs. PHX,W,240,43.0,78.0,0.551,9.0,21.0,0.429,16.0,23.0,0.696,8.0,37.0,45.0,24.0,5.0,7.0,17.0,20.0,111.0,16,1,1610612756,PHX,Phoenix Suns,PHX @ LAC,L,36.0,96.0,0.375,7.0,29.0,0.241,16.0,19.0,0.842,13.0,28.0,41.0,22.0,10.0,3.0,11.0,23.0,95.0,-16,1,Regular Season,00,LA,58,8,8,21,1,1,1,17,9,22,Phoenix,46,10,12,2,1,11,10,9,17909.0,2:12,1
331,22021,1610612738,BOS,Boston Celtics,0022100408,2021-12-13 00:00:00,BOS vs. MIL,W,240,43.0,86.0,0.5,20.0,47.0,0.426,11.0,13.0,0.846,7.0,33.0,40.0,31.0,6.0,5.0,13.0,15.0,117.0,14,1,1610612749,MIL,Milwaukee Bucks,MIL @ BOS,L,40.0,90.0,0.444,11.0,36.0,0.306,12.0,15.0,0.8,11.0,34.0,45.0,22.0,8.0,3.0,14.0,14.0,103.0,-14,1,Regular Season,00,Milwaukee,44,14,18,12,8,4,1,14,5,15,Boston,38,11,10,18,2,13,8,24,19156.0,2:10,1
332,22021,1610612757,POR,Portland Trail Blazers,0022100416,2021-12-14 00:00:00,POR vs. PHX,L,265,40.0,96.0,0.417,13.0,41.0,0.317,14.0,22.0,0.636,12.0,36.0,48.0,23.0,7.0,3.0,14.0,18.0,107.0,-4,1,1610612756,PHX,Phoenix Suns,PHX @ POR,W,44.0,93.0,0.473,11.0,31.0,0.355,12.0,15.0,0.8,8.0,41.0,49.0,30.0,7.0,0.0,14.0,24.0,111.0,4,1,Regular Season,00,Portland,46,14,7,6,10,9,1,14,9,17,Phoenix,50,3,19,14,0,14,10,17,16184.0,2:35,0
333,22021,1610612751,BKN,Brooklyn Nets,0022100413,2021-12-14 00:00:00,BKN vs. TOR,W,265,50.0,103.0,0.485,14.0,39.0,0.359,17.0,23.0,0.739,19.0,41.0,60.0,28.0,7.0,5.0,18.0,20.0,131.0,2,1,1610612761,TOR,Toronto Raptors,TOR @ BKN,L,48.0,105.0,0.457,18.0,52.0,0.346,15.0,19.0,0.789,13.0,28.0,41.0,26.0,6.0,6.0,12.0,21.0,129.0,-2,1,Regular Season,00,Toronto,50,15,26,11,9,6,0,12,10,23,Brooklyn,58,25,24,13,2,18,9,23,17325.0,2:27,1
334,22021,1610612759,SAS,San Antonio Spurs,0022100423,2021-12-15 00:00:00,SAS vs. CHA,L,240,39.0,90.0,0.433,12.0,37.0,0.324,25.0,25.0,1.0,11.0,27.0,38.0,27.0,5.0,3.0,8.0,14.0,115.0,-16,1,1610612766,CHA,Charlotte Hornets,CHA @ SAS,W,51.0,86.0,0.593,18.0,34.0,0.529,11.0,16.0,0.688,9.0,39.0,48.0,34.0,3.0,4.0,13.0,16.0,131.0,16,1,Regular Season,00,San Antonio,48,13,22,0,0,1,0,8,1,14,Charlotte,58,11,12,30,2,13,4,10,14354.0,2:06,0
335,22021,1610612743,DEN,Denver Nuggets,0022100424,2021-12-15 00:00:00,DEN vs. MIN,L,240,38.0,84.0,0.452,14.0,39.0,0.359,17.0,23.0,0.739,9.0,33.0,42.0,33.0,5.0,3.0,18.0,15.0,107.0,-17,1,1610612750,MIN,Minnesota Timberwolves,MIN @ DEN,W,45.0,88.0,0.511,23.0,48.0,0.479,11.0,16.0,0.688,6.0,33.0,39.0,24.0,10.0,5.0,12.0,23.0,124.0,17,1,Regular Season,00,Denver,48,12,10,0,0,0,1,18,12,25,Minnesota,30,10,13,23,1,12,7,17,15365.0,2:08,0
336,22021,1610612742,DAL,Dallas Mavericks,0022100420,2021-12-15 00:00:00,DAL vs. LAL,L,265,39.0,98.0,0.398,12.0,44.0,0.273,14.0,17.0,0.824,8.0,43.0,51.0,22.0,4.0,3.0,11.0,21.0,104.0,-3,1,1610612747,LAL,Los Angeles Lakers,LAL @ DAL,W,39.0,90.0,0.433,15.0,39.0,0.385,14.0,18.0,0.778,4.0,42.0,46.0,24.0,8.0,2.0,14.0,20.0,107.0,3,1,Regular Season,00,Dallas,40,8,14,7,19,12,0,11,12,10,Los Angeles,34,5,15,12,0,14,8,13,20270.0,2:35,0
337,22021,1610612749,MIL,Milwaukee Bucks,0022100421,2021-12-15 00:00:00,MIL vs. IND,W,240,44.0,90.0,0.489,14.0,29.0,0.483,12.0,15.0,0.8,10.0,28.0,38.0,25.0,10.0,3.0,9.0,11.0,114.0,15,1,1610612754,IND,Indiana Pacers,IND @ MIL,L,39.0,83.0,0.47,11.0,38.0,0.289,10.0,11.0,0.909,11.0,34.0,45.0,24.0,6.0,6.0,19.0,16.0,99.0,-15,1,Regular Season,00,Indiana,54,14,16,5,22,14,1,19,6,17,Milwaukee,48,10,16,20,1,9,5,11,17341.0,1:60,1
338,22021,1610612762,UTA,Utah Jazz,0022100425,2021-12-15 00:00:00,UTA vs. LAC,W,240,47.0,89.0,0.528,15.0,37.0,0.405,15.0,20.0,0.75,8.0,36.0,44.0,26.0,11.0,4.0,10.0,18.0,124.0,21,1,1610612746,LAC,LA Clippers,LAC @ UTA,L,40.0,85.0,0.471,10.0,30.0,0.333,13.0,20.0,0.65,8.0,34.0,42.0,24.0,6.0,5.0,16.0,22.0,103.0,-21,1,Regular Season,00,Utah,62,12,11,22,10,6,1,10,4,2,LA,50,12,4,7,0,16,9,18,18306.0,2:14,1
339,22021,1610612757,POR,Portland Trail Blazers,0022100426,2021-12-15 00:00:00,POR vs. MEM,L,240,31.0,82.0,0.378,15.0,38.0,0.395,26.0,28.0,0.929,5.0,33.0,38.0,18.0,9.0,6.0,15.0,21.0,103.0,-10,1,1610612763,MEM,Memphis Grizzlies,MEM @ POR,W,39.0,82.0,0.476,11.0,32.0,0.344,24.0,30.0,0.8,11.0,42.0,53.0,22.0,10.0,5.0,16.0,21.0,113.0,10,1,Regular Season,00,Memphis,50,12,27,16,5,3,1,16,4,20,Portland,28,9,23,10,2,15,7,18,15773.0,2:21,0
340,22021,1610612755,PHI,Philadelphia 76ers,0022100419,2021-12-15 00:00:00,PHI vs. MIA,L,240,35.0,79.0,0.443,12.0,37.0,0.324,14.0,17.0,0.824,4.0,31.0,35.0,26.0,9.0,5.0,11.0,19.0,96.0,-5,1,1610612748,MIA,Miami Heat,MIA @ PHI,W,35.0,78.0,0.449,18.0,44.0,0.409,13.0,17.0,0.765,9.0,35.0,44.0,25.0,5.0,3.0,18.0,18.0,101.0,5,1,Regular Season,00,Philadelphia,38,10,22,3,3,5,0,11,4,15,Miami,28,23,21,23,2,18,11,24,20389.0,2:14,0
341,22021,1610612739,CLE,Cleveland Cavaliers,0022100417,2021-12-15 00:00:00,CLE vs. HOU,W,240,45.0,80.0,0.563,18.0,40.0,0.45,16.0,24.0,0.667,9.0,35.0,44.0,26.0,6.0,5.0,17.0,25.0,124.0,35,1,1610612745,HOU,Houston Rockets,HOU @ CLE,L,30.0,78.0,0.385,5.0,29.0,0.172,24.0,35.0,0.686,10.0,31.0,41.0,20.0,13.0,1.0,17.0,21.0,89.0,-35,1,Regular Season,00,Cleveland,54,9,9,45,0,0,2,17,5,22,Houston,50,17,8,0,1,17,12,23,17131.0,2:12,1
342,22021,1610612753,ORL,Orlando Magic,0022100418,2021-12-15 00:00:00,ORL vs. ATL,L,240,35.0,90.0,0.389,10.0,35.0,0.286,19.0,21.0,0.905,12.0,34.0,46.0,25.0,4.0,2.0,17.0,17.0,99.0,-12,1,1610612737,ATL,Atlanta Hawks,ATL @ ORL,W,42.0,85.0,0.494,11.0,31.0,0.355,16.0,16.0,1.0,6.0,34.0,40.0,25.0,11.0,5.0,13.0,16.0,111.0,12,1,Regular Season,00,Orlando,44,17,8,1,2,0,1,17,8,14,Atlanta,48,14,6,23,0,13,6,17,13576.0,2:04,0
343,22021,1610612751,BKN,Brooklyn Nets,0022100429,2021-12-16 00:00:00,BKN vs. PHI,W,240,44.0,89.0,0.494,11.0,23.0,0.478,15.0,16.0,0.938,10.0,38.0,48.0,21.0,4.0,3.0,15.0,15.0,114.0,9,1,1610612755,PHI,Philadelphia 76ers,PHI @ BKN,L,39.0,89.0,0.438,10.0,34.0,0.294,17.0,20.0,0.85,5.0,33.0,38.0,19.0,10.0,4.0,9.0,22.0,105.0,-9,1,Regular Season,00,Philadelphia,42,6,14,2,10,4,0,9,8,9,Brooklyn,48,14,12,20,1,15,5,17,17053.0,2:10,1
344,22021,1610612754,IND,Indiana Pacers,0022100428,2021-12-16 00:00:00,IND vs. DET,W,240,45.0,91.0,0.495,7.0,32.0,0.219,25.0,28.0,0.893,8.0,33.0,41.0,26.0,6.0,7.0,9.0,21.0,122.0,9,1,1610612765,DET,Detroit Pistons,DET @ IND,L,40.0,81.0,0.494,7.0,25.0,0.28,26.0,30.0,0.867,6.0,31.0,37.0,20.0,6.0,4.0,12.0,23.0,113.0,-9,1,Regular Season,00,Detroit,60,12,28,10,8,5,0,12,6,11,Indiana,68,12,6,15,1,9,10,10,13596.0,2:15,1
345,22021,1610612745,HOU,Houston Rockets,0022100431,2021-12-16 00:00:00,HOU vs. NYK,L,240,34.0,68.0,0.5,11.0,32.0,0.344,24.0,30.0,0.8,5.0,24.0,29.0,29.0,4.0,4.0,19.0,25.0,103.0,-13,1,1610612752,NYK,New York Knicks,NYK @ HOU,W,39.0,83.0,0.47,17.0,36.0,0.472,21.0,25.0,0.84,15.0,25.0,40.0,25.0,8.0,6.0,12.0,26.0,116.0,13,1,Regular Season,00,Houston,46,14,4,2,4,7,2,19,14,31,New York,40,27,8,18,1,12,5,15,13857.0,2:19,0
346,22021,1610612756,PHX,Phoenix Suns,0022100432,2021-12-16 00:00:00,PHX vs. WAS,W,240,42.0,79.0,0.532,9.0,29.0,0.31,25.0,26.0,0.962,9.0,38.0,47.0,25.0,9.0,2.0,20.0,23.0,118.0,20,1,1610612764,WAS,Washington Wizards,WAS @ PHX,L,40.0,82.0,0.488,6.0,21.0,0.286,12.0,19.0,0.632,6.0,26.0,32.0,22.0,11.0,3.0,16.0,21.0,98.0,-20,1,Regular Season,00,Washington,50,6,14,5,5,6,0,16,7,16,Phoenix,58,12,7,26,1,20,1,20,16177.0,2:07,1
347,22021,1610612750,MIN,Minnesota Timberwolves,0022100436,2021-12-17 00:00:00,MIN vs. LAL,W,240,41.0,98.0,0.418,12.0,44.0,0.273,16.0,24.0,0.667,15.0,46.0,61.0,23.0,13.0,6.0,15.0,25.0,110.0,18,1,1610612747,LAL,Los Angeles Lakers,LAL @ MIN,L,30.0,78.0,0.385,12.0,43.0,0.279,20.0,29.0,0.69,1.0,35.0,36.0,26.0,6.0,7.0,18.0,22.0,92.0,-18,1,Regular Season,00,Los Angeles,32,4,19,2,1,1,0,18,15,18,Minnesota,48,23,13,26,0,15,10,10,17136.0,2:26,1
348,22021,1610612757,POR,Portland Trail Blazers,0022100439,2021-12-17 00:00:00,POR vs. CHA,W,240,44.0,85.0,0.518,21.0,47.0,0.447,16.0,18.0,0.889,7.0,34.0,41.0,27.0,7.0,6.0,17.0,20.0,125.0,9,1,1610612766,CHA,Charlotte Hornets,CHA @ POR,L,44.0,92.0,0.478,13.0,37.0,0.351,15.0,18.0,0.833,10.0,28.0,38.0,29.0,8.0,4.0,13.0,19.0,116.0,-9,1,Regular Season,00,Portland,40,16,8,29,2,1,2,17,9,21,Charlotte,52,17,15,1,0,13,6,14,18399.0,2:08,1
349,22021,1610612740,NOP,New Orleans Pelicans,0022100438,2021-12-17 00:00:00,NOP vs. MIL,W,265,42.0,89.0,0.472,13.0,37.0,0.351,19.0,30.0,0.633,13.0,44.0,57.0,34.0,10.0,3.0,20.0,13.0,116.0,4,1,1610612749,MIL,Milwaukee Bucks,MIL @ NOP,L,45.0,104.0,0.433,14.0,47.0,0.298,8.0,10.0,0.8,12.0,32.0,44.0,16.0,12.0,5.0,13.0,19.0,112.0,-4,1,Regular Season,00,Milwaukee,50,12,7,9,12,12,0,13,7,12,New Orleans,48,13,16,12,0,20,11,19,15504.0,2:22,1
350,22021,1610612758,SAC,Sacramento Kings,0022100440,2021-12-17 00:00:00,SAC vs. MEM,L,240,36.0,88.0,0.409,13.0,35.0,0.371,20.0,26.0,0.769,10.0,35.0,45.0,21.0,5.0,6.0,18.0,20.0,105.0,-19,1,1610612763,MEM,Memphis Grizzlies,MEM @ SAC,W,45.0,97.0,0.464,13.0,24.0,0.542,21.0,27.0,0.778,12.0,38.0,50.0,25.0,11.0,3.0,13.0,21.0,124.0,19,1,Regular Season,00,Memphis,60,14,20,26,6,4,2,13,11,12,Sacramento,36,9,18,15,0,18,10,31,14659.0,2:13,0
351,22021,1610612753,ORL,Orlando Magic,0022100433,2021-12-17 00:00:00,ORL vs. MIA,L,240,43.0,89.0,0.483,11.0,32.0,0.344,8.0,10.0,0.8,9.0,27.0,36.0,23.0,10.0,5.0,11.0,19.0,105.0,-10,1,1610612748,MIA,Miami Heat,MIA @ ORL,W,41.0,82.0,0.5,19.0,35.0,0.543,14.0,19.0,0.737,14.0,32.0,46.0,25.0,5.0,5.0,17.0,14.0,115.0,10,1,Regular Season,00,Orlando,48,14,12,10,1,0,0,11,8,10,Miami,40,11,12,18,2,17,4,16,14103.0,2:06,0
352,22021,1610612737,ATL,Atlanta Hawks,0022100434,2021-12-17 00:00:00,ATL vs. DEN,L,240,41.0,88.0,0.466,7.0,24.0,0.292,26.0,34.0,0.765,10.0,27.0,37.0,22.0,6.0,3.0,15.0,17.0,115.0,-18,1,1610612743,DEN,Denver Nuggets,DEN @ ATL,W,50.0,86.0,0.581,17.0,38.0,0.447,16.0,18.0,0.889,4.0,34.0,38.0,35.0,9.0,7.0,17.0,22.0,133.0,18,1,Regular Season,00,Denver,60,2,18,25,2,3,3,17,6,18,Atlanta,58,18,11,3,0,15,12,25,16114.0,2:14,0
353,22021,1610612765,DET,Detroit Pistons,0022100441,2021-12-18 00:00:00,DET vs. HOU,L,240,43.0,93.0,0.462,10.0,36.0,0.278,11.0,16.0,0.688,15.0,27.0,42.0,29.0,8.0,6.0,21.0,24.0,107.0,-9,1,1610612745,HOU,Houston Rockets,HOU @ DET,W,46.0,93.0,0.495,14.0,38.0,0.368,10.0,17.0,0.588,13.0,34.0,47.0,27.0,15.0,5.0,19.0,18.0,116.0,9,1,Regular Season,00,Detroit,64,12,10,2,4,3,1,21,9,22,Houston,62,19,7,20,0,19,11,25,13722.0,2:10,0
354,22021,1610612762,UTA,Utah Jazz,0022100447,2021-12-18 00:00:00,UTA vs. WAS,L,240,35.0,81.0,0.432,14.0,44.0,0.318,19.0,30.0,0.633,8.0,38.0,46.0,17.0,5.0,6.0,16.0,23.0,103.0,-6,1,1610612764,WAS,Washington Wizards,WAS @ UTA,W,42.0,94.0,0.447,9.0,31.0,0.29,16.0,20.0,0.8,11.0,36.0,47.0,27.0,7.0,4.0,9.0,23.0,109.0,6,1,Regular Season,00,Utah,30,9,9,11,9,4,1,16,14,18,Washington,54,11,14,6,0,9,6,14,18306.0,2:20,0
355,22021,1610612738,BOS,Boston Celtics,0022100445,2021-12-18 00:00:00,BOS vs. NYK,W,240,42.0,89.0,0.472,17.0,45.0,0.378,13.0,17.0,0.765,12.0,33.0,45.0,23.0,6.0,3.0,13.0,20.0,114.0,7,1,1610612752,NYK,New York Knicks,NYK @ BOS,L,35.0,80.0,0.438,13.0,36.0,0.361,24.0,30.0,0.8,8.0,34.0,42.0,18.0,8.0,6.0,14.0,21.0,107.0,-7,1,Regular Season,00,New York,42,10,9,5,2,2,0,14,7,21,Boston,44,15,6,16,1,13,8,9,19156.0,2:10,1
356,22021,1610612751,BKN,Brooklyn Nets,0022100442,2021-12-18 00:00:00,BKN vs. ORL,L,240,39.0,102.0,0.382,9.0,46.0,0.196,6.0,8.0,0.75,16.0,35.0,51.0,24.0,8.0,8.0,16.0,14.0,93.0,-7,1,1610612753,ORL,Orlando Magic,ORL @ BKN,W,39.0,94.0,0.415,10.0,31.0,0.323,12.0,13.0,0.923,12.0,38.0,50.0,20.0,6.0,4.0,16.0,14.0,100.0,7,1,Regular Season,00,Brooklyn,46,17,9,2,1,5,1,16,10,16,Orlando,54,9,5,17,0,16,10,15,16292.0,2:05,0
357,22021,1610612749,MIL,Milwaukee Bucks,0022100446,2021-12-18 00:00:00,MIL vs. CLE,L,240,35.0,89.0,0.393,12.0,38.0,0.316,8.0,11.0,0.727,13.0,31.0,44.0,18.0,8.0,4.0,17.0,15.0,90.0,-29,1,1610612739,CLE,Cleveland Cavaliers,CLE @ MIL,W,45.0,90.0,0.5,16.0,45.0,0.356,13.0,14.0,0.929,9.0,37.0,46.0,36.0,11.0,3.0,15.0,13.0,119.0,29,1,Regular Season,00,Milwaukee,34,11,11,4,3,0,0,17,5,18,Cleveland,46,13,11,30,2,15,8,13,17341.0,2:01,0
358,22021,1610612765,DET,Detroit Pistons,0022100449,2021-12-19 00:00:00,DET vs. MIA,W,240,35.0,75.0,0.467,8.0,32.0,0.25,22.0,30.0,0.733,6.0,41.0,47.0,24.0,4.0,2.0,15.0,28.0,100.0,10,1,1610612748,MIA,Miami Heat,MIA @ DET,L,28.0,74.0,0.378,13.0,43.0,0.302,21.0,33.0,0.636,8.0,31.0,39.0,23.0,4.0,3.0,13.0,27.0,90.0,-10,1,Regular Season,00,Miami,28,5,4,9,6,4,0,13,11,15,Detroit,48,6,6,12,2,15,9,17,15188.0,2:22,1
359,22021,1610612758,SAC,Sacramento Kings,0022100451,2021-12-19 00:00:00,SAC vs. SAS,W,240,46.0,91.0,0.505,14.0,25.0,0.56,15.0,18.0,0.833,11.0,29.0,40.0,23.0,11.0,3.0,12.0,19.0,121.0,7,1,1610612759,SAS,San Antonio Spurs,SAS @ SAC,L,45.0,91.0,0.495,12.0,25.0,0.48,12.0,13.0,0.923,13.0,31.0,44.0,24.0,7.0,8.0,14.0,12.0,114.0,-7,1,Regular Season,00,Sacramento,50,27,6,15,13,7,1,12,7,22,San Antonio,50,11,15,2,0,14,4,13,15091.0,2:03,1
360,22021,1610612750,MIN,Minnesota Timberwolves,0022100455,2021-12-19 00:00:00,MIN vs. DAL,W,240,36.0,77.0,0.468,15.0,34.0,0.441,24.0,31.0,0.774,6.0,31.0,37.0,26.0,6.0,3.0,9.0,22.0,111.0,6,1,1610612742,DAL,Dallas Mavericks,DAL @ MIN,L,36.0,82.0,0.439,12.0,41.0,0.293,21.0,22.0,0.955,7.0,34.0,41.0,27.0,5.0,2.0,12.0,25.0,105.0,-6,1,Regular Season,00,Minnesota,34,3,15,10,7,7,0,9,10,11,Dallas,36,15,17,4,2,12,7,19,16127.0,2:26,1
361,22021,1610612763,MEM,Memphis Grizzlies,0022100450,2021-12-19 00:00:00,MEM vs. POR,L,240,35.0,91.0,0.385,9.0,34.0,0.265,21.0,25.0,0.84,10.0,23.0,33.0,22.0,13.0,5.0,8.0,22.0,100.0,-5,1,1610612757,POR,Portland Trail Blazers,POR @ MEM,W,35.0,74.0,0.473,11.0,32.0,0.344,24.0,28.0,0.857,9.0,42.0,51.0,17.0,4.0,9.0,25.0,18.0,105.0,5,1,Regular Season,00,Memphis,42,15,15,11,17,13,0,8,10,7,Portland,34,13,4,5,5,25,9,28,15977.0,2:23,0
362,22021,1610612756,PHX,Phoenix Suns,0022100456,2021-12-19 00:00:00,PHX vs. CHA,W,240,54.0,95.0,0.568,20.0,41.0,0.488,9.0,13.0,0.692,10.0,47.0,57.0,35.0,5.0,8.0,18.0,21.0,137.0,31,1,1610612766,CHA,Charlotte Hornets,CHA @ PHX,L,36.0,100.0,0.36,10.0,45.0,0.222,24.0,28.0,0.857,13.0,30.0,43.0,26.0,12.0,6.0,9.0,12.0,106.0,-31,1,Regular Season,00,Phoenix,60,16,19,36,0,0,1,18,7,16,Charlotte,46,14,14,0,0,9,6,13,17071.0,2:03,1
363,22021,1610612746,LAC,LA Clippers,0022100463,2021-12-20 00:00:00,LAC vs. SAS,L,240,34.0,87.0,0.391,9.0,32.0,0.281,15.0,20.0,0.75,9.0,34.0,43.0,18.0,6.0,5.0,15.0,15.0,92.0,-24,1,1610612759,SAS,San Antonio Spurs,SAS @ LAC,W,50.0,114.0,0.439,12.0,37.0,0.324,4.0,6.0,0.667,23.0,43.0,66.0,37.0,11.0,4.0,12.0,19.0,116.0,24,1,Regular Season,00,LA,44,5,10,2,1,2,1,15,7,14,San Antonio,68,27,18,30,1,12,8,3,18096.0,1:59,0
364,22021,1610612741,CHI,Chicago Bulls,0022100459,2021-12-20 00:00:00,CHI vs. HOU,W,240,47.0,88.0,0.534,16.0,35.0,0.457,23.0,24.0,0.958,9.0,25.0,34.0,33.0,7.0,5.0,8.0,23.0,133.0,15,1,1610612745,HOU,Houston Rockets,HOU @ CHI,L,44.0,78.0,0.564,12.0,33.0,0.364,18.0,24.0,0.75,7.0,28.0,35.0,27.0,4.0,4.0,14.0,17.0,118.0,-15,1,Regular Season,00,Chicago,46,15,13,25,0,0,0,8,7,10,Houston,64,12,17,0,0,14,6,24,21150.0,2:06,1
365,22021,1610612738,BOS,Boston Celtics,0022100457,2021-12-20 00:00:00,BOS vs. PHI,L,240,38.0,82.0,0.463,7.0,27.0,0.259,20.0,25.0,0.8,11.0,31.0,42.0,16.0,9.0,5.0,18.0,23.0,103.0,-5,1,1610612755,PHI,Philadelphia 76ers,PHI @ BOS,W,36.0,72.0,0.5,10.0,25.0,0.4,26.0,31.0,0.839,2.0,32.0,34.0,20.0,11.0,7.0,17.0,23.0,108.0,5,1,Regular Season,00,Philadelphia,22,5,9,9,6,7,2,17,7,19,Boston,46,13,10,7,0,18,7,18,19156.0,2:22,0
366,22021,1610612762,UTA,Utah Jazz,0022100461,2021-12-20 00:00:00,UTA vs. CHA,W,240,34.0,96.0,0.354,16.0,53.0,0.302,28.0,37.0,0.757,22.0,46.0,68.0,21.0,4.0,6.0,17.0,14.0,112.0,10,1,1610612766,CHA,Charlotte Hornets,CHA @ UTA,L,39.0,101.0,0.386,15.0,43.0,0.349,9.0,9.0,1.0,11.0,40.0,51.0,27.0,7.0,4.0,13.0,25.0,102.0,-10,1,Regular Season,00,Charlotte,42,16,15,2,3,0,0,13,6,18,Utah,34,22,13,22,0,17,8,19,18306.0,2:10,1
367,22021,1610612763,MEM,Memphis Grizzlies,0022100460,2021-12-20 00:00:00,MEM vs. OKC,L,240,39.0,101.0,0.386,11.0,32.0,0.344,10.0,13.0,0.769,17.0,34.0,51.0,24.0,9.0,2.0,12.0,21.0,99.0,-3,1,1610612760,OKC,Oklahoma City Thunder,OKC @ MEM,W,36.0,84.0,0.429,11.0,38.0,0.289,19.0,28.0,0.679,9.0,38.0,47.0,24.0,7.0,7.0,14.0,17.0,102.0,3,1,Regular Season,00,Memphis,54,22,12,16,13,6,0,12,9,10,Oklahoma City,36,15,16,10,0,14,15,21,15721.0,2:18,0
368,22021,1610612742,DAL,Dallas Mavericks,0022100468,2021-12-21 00:00:00,DAL vs. MIN,W,240,42.0,86.0,0.488,11.0,34.0,0.324,19.0,23.0,0.826,10.0,34.0,44.0,30.0,11.0,3.0,11.0,22.0,114.0,12,1,1610612750,MIN,Minnesota Timberwolves,MIN @ DAL,L,36.0,79.0,0.456,13.0,40.0,0.325,17.0,20.0,0.85,9.0,30.0,39.0,26.0,4.0,5.0,17.0,22.0,102.0,-12,1,Regular Season,00,Minnesota,40,5,12,3,21,13,0,17,3,19,Dallas,50,12,11,17,1,11,8,17,20056.0,2:17,1
369,22021,1610612747,LAL,Los Angeles Lakers,0022100469,2021-12-21 00:00:00,LAL vs. PHX,L,240,34.0,87.0,0.391,7.0,35.0,0.2,15.0,23.0,0.652,6.0,41.0,47.0,14.0,9.0,3.0,15.0,18.0,90.0,-18,1,1610612756,PHX,Phoenix Suns,PHX @ LAL,W,41.0,93.0,0.441,12.0,41.0,0.293,14.0,15.0,0.933,8.0,45.0,53.0,29.0,11.0,4.0,16.0,18.0,108.0,18,1,Regular Season,00,Los Angeles,44,9,15,10,3,4,1,15,10,22,Phoenix,52,7,20,22,0,16,4,6,18997.0,2:18,0
370,22021,1610612748,MIA,Miami Heat,0022100465,2021-12-21 00:00:00,MIA vs. IND,W,240,47.0,95.0,0.495,22.0,49.0,0.449,9.0,11.0,0.818,15.0,38.0,53.0,30.0,5.0,5.0,11.0,21.0,125.0,29,1,1610612754,IND,Indiana Pacers,IND @ MIA,L,31.0,87.0,0.356,11.0,31.0,0.355,23.0,28.0,0.821,11.0,31.0,42.0,22.0,6.0,3.0,12.0,13.0,96.0,-29,1,Regular Season,00,Indiana,34,10,11,5,5,0,1,12,12,9,Miami,46,19,12,33,0,11,4,8,19600.0,2:14,1
371,22021,1610612752,NYK,New York Knicks,0022100466,2021-12-21 00:00:00,NYK vs. DET,W,240,40.0,90.0,0.444,11.0,33.0,0.333,14.0,19.0,0.737,13.0,39.0,52.0,22.0,5.0,7.0,13.0,19.0,105.0,14,1,1610612765,DET,Detroit Pistons,DET @ NYK,L,34.0,94.0,0.362,8.0,33.0,0.242,15.0,19.0,0.789,10.0,38.0,48.0,22.0,9.0,4.0,14.0,18.0,91.0,-14,1,Regular Season,00,New York,44,23,5,22,3,2,1,13,7,18,Detroit,48,12,17,5,2,14,12,14,17906.0,2:07,1
372,22021,1610612740,NOP,New Orleans Pelicans,0022100467,2021-12-21 00:00:00,NOP vs. POR,W,240,42.0,80.0,0.525,12.0,33.0,0.364,15.0,18.0,0.833,8.0,36.0,44.0,27.0,5.0,3.0,16.0,19.0,111.0,14,1,1610612757,POR,Portland Trail Blazers,POR @ NOP,L,35.0,78.0,0.449,13.0,34.0,0.382,14.0,19.0,0.737,7.0,24.0,31.0,18.0,12.0,4.0,11.0,17.0,97.0,-14,1,Regular Season,00,New Orleans,48,12,7,14,13,4,1,16,8,13,Portland,38,13,4,5,1,11,6,19,15272.0,2:08,1
373,22021,1610612758,SAC,Sacramento Kings,0022100475,2021-12-22 00:00:00,SAC vs. LAC,L,240,34.0,85.0,0.4,12.0,38.0,0.316,9.0,12.0,0.75,7.0,33.0,40.0,24.0,7.0,5.0,19.0,15.0,89.0,-16,1,1610612746,LAC,LA Clippers,LAC @ SAC,W,42.0,82.0,0.512,7.0,24.0,0.292,14.0,16.0,0.875,6.0,37.0,43.0,26.0,10.0,3.0,13.0,15.0,105.0,16,1,Regular Season,00,LA,56,5,29,19,0,0,1,13,6,11,Sacramento,36,12,6,0,3,19,7,18,15386.0,2:05,0
374,22021,1610612738,BOS,Boston Celtics,0022100471,2021-12-22 00:00:00,BOS vs. CLE,W,240,43.0,92.0,0.467,11.0,30.0,0.367,14.0,18.0,0.778,12.0,36.0,48.0,24.0,12.0,5.0,13.0,24.0,111.0,10,1,1610612739,CLE,Cleveland Cavaliers,CLE @ BOS,L,36.0,92.0,0.391,9.0,38.0,0.237,20.0,24.0,0.833,15.0,38.0,53.0,17.0,8.0,3.0,16.0,15.0,101.0,-10,1,Regular Season,00,Boston,46,21,8,23,2,2,0,13,5,18,Cleveland,48,13,19,1,1,16,7,19,19156.0,2:13,1
375,22021,1610612737,ATL,Atlanta Hawks,0022100470,2021-12-22 00:00:00,ATL vs. ORL,L,240,32.0,80.0,0.4,12.0,31.0,0.387,22.0,29.0,0.759,13.0,36.0,49.0,21.0,4.0,8.0,14.0,19.0,98.0,-6,1,1610612753,ORL,Orlando Magic,ORL @ ATL,W,38.0,85.0,0.447,11.0,37.0,0.297,17.0,23.0,0.739,8.0,32.0,40.0,27.0,11.0,5.0,10.0,24.0,104.0,6,1,Regular Season,00,Atlanta,36,19,2,5,3,0,0,14,9,18,Orlando,46,10,4,20,0,10,10,9,15299.0,2:17,0
376,22021,1610612760,OKC,Oklahoma City Thunder,0022100474,2021-12-22 00:00:00,OKC vs. DEN,W,240,42.0,94.0,0.447,8.0,34.0,0.235,16.0,19.0,0.842,15.0,45.0,60.0,22.0,7.0,4.0,11.0,25.0,108.0,14,1,1610612743,DEN,Denver Nuggets,DEN @ OKC,L,33.0,84.0,0.393,13.0,44.0,0.295,15.0,26.0,0.577,4.0,35.0,39.0,21.0,7.0,5.0,11.0,18.0,94.0,-14,1,Regular Season,00,Denver,36,7,9,5,2,4,0,11,12,14,Oklahoma City,62,16,11,23,0,11,6,13,14932.0,2:09,1
377,22021,1610612749,MIL,Milwaukee Bucks,0022100473,2021-12-22 00:00:00,MIL vs. HOU,W,240,45.0,103.0,0.437,17.0,46.0,0.37,19.0,21.0,0.905,14.0,34.0,48.0,25.0,8.0,2.0,7.0,24.0,126.0,20,1,1610612745,HOU,Houston Rockets,HOU @ MIL,L,36.0,86.0,0.419,13.0,45.0,0.289,21.0,31.0,0.677,13.0,39.0,52.0,23.0,0.0,7.0,15.0,21.0,106.0,-20,1,Regular Season,00,Houston,46,12,14,8,2,5,0,15,9,15,Milwaukee,46,18,16,23,2,7,11,5,17341.0,2:21,1
378,22021,1610612752,NYK,New York Knicks,0022100480,2021-12-23 00:00:00,NYK vs. WAS,L,240,42.0,93.0,0.452,13.0,42.0,0.31,20.0,23.0,0.87,14.0,30.0,44.0,17.0,2.0,1.0,7.0,21.0,117.0,-7,1,1610612764,WAS,Washington Wizards,WAS @ NYK,W,42.0,75.0,0.56,16.0,37.0,0.432,24.0,32.0,0.75,5.0,33.0,38.0,30.0,4.0,6.0,11.0,18.0,124.0,7,1,Regular Season,00,Washington,48,7,8,8,9,2,0,11,5,11,New York,48,19,0,8,0,7,8,14,18208.0,2:16,0
379,22021,1610612747,LAL,Los Angeles Lakers,0022100487,2021-12-23 00:00:00,LAL vs. SAS,L,240,44.0,94.0,0.468,5.0,27.0,0.185,17.0,30.0,0.567,14.0,34.0,48.0,21.0,4.0,6.0,14.0,20.0,110.0,-28,1,1610612759,SAS,San Antonio Spurs,SAS @ LAL,W,46.0,95.0,0.484,18.0,39.0,0.462,28.0,33.0,0.848,12.0,38.0,50.0,33.0,7.0,5.0,6.0,21.0,138.0,28,1,Regular Season,00,Los Angeles,68,19,12,2,4,3,0,14,14,21,San Antonio,50,13,10,28,0,6,5,10,18997.0,2:25,0
380,22021,1610612743,DEN,Denver Nuggets,0022100482,2021-12-23 00:00:00,DEN vs. CHA,L,240,40.0,96.0,0.417,14.0,40.0,0.35,13.0,17.0,0.765,10.0,44.0,54.0,23.0,7.0,2.0,15.0,22.0,107.0,-8,1,1610612766,CHA,Charlotte Hornets,CHA @ DEN,W,39.0,94.0,0.415,16.0,47.0,0.34,21.0,24.0,0.875,12.0,38.0,50.0,28.0,10.0,8.0,11.0,21.0,115.0,8,1,Regular Season,00,Denver,50,20,24,19,6,6,0,15,11,17,Charlotte,44,13,6,11,0,11,3,16,17003.0,2:12,0
381,22021,1610612755,PHI,Philadelphia 76ers,0022100478,2021-12-23 00:00:00,PHI vs. ATL,L,240,33.0,80.0,0.413,6.0,27.0,0.222,24.0,26.0,0.923,8.0,30.0,38.0,20.0,8.0,7.0,8.0,13.0,96.0,-2,1,1610612737,ATL,Atlanta Hawks,ATL @ PHI,W,37.0,82.0,0.451,7.0,24.0,0.292,17.0,19.0,0.895,11.0,35.0,46.0,20.0,5.0,4.0,16.0,19.0,98.0,2,1,Regular Season,00,Atlanta,40,11,8,19,8,5,6,16,8,17,Philadelphia,46,12,17,4,0,8,4,6,20408.0,2:15,0
382,22021,1610612753,ORL,Orlando Magic,0022100477,2021-12-23 00:00:00,ORL vs. NOP,L,240,38.0,88.0,0.432,9.0,32.0,0.281,19.0,21.0,0.905,10.0,34.0,44.0,19.0,6.0,11.0,9.0,26.0,104.0,-6,1,1610612740,NOP,New Orleans Pelicans,NOP @ ORL,W,37.0,86.0,0.43,13.0,30.0,0.433,23.0,26.0,0.885,12.0,34.0,46.0,21.0,4.0,2.0,10.0,13.0,110.0,6,1,Regular Season,00,Orlando,50,18,13,2,1,2,1,9,7,15,New Orleans,28,18,6,20,0,10,7,8,13954.0,2:17,0
383,22021,1610612756,PHX,Phoenix Suns,0022100483,2021-12-23 00:00:00,PHX vs. OKC,W,240,45.0,93.0,0.484,15.0,39.0,0.385,8.0,13.0,0.615,11.0,41.0,52.0,26.0,9.0,8.0,14.0,22.0,113.0,12,1,1610612760,OKC,Oklahoma City Thunder,OKC @ PHX,L,37.0,96.0,0.385,11.0,41.0,0.268,16.0,21.0,0.762,11.0,33.0,44.0,17.0,6.0,5.0,13.0,10.0,101.0,-12,1,Regular Season,00,Phoenix,34,16,6,16,2,2,1,14,7,9,Oklahoma City,48,14,1,6,1,13,14,22,17071.0,2:06,1
384,22021,1610612748,MIA,Miami Heat,0022100479,2021-12-23 00:00:00,MIA vs. DET,W,240,43.0,88.0,0.489,12.0,32.0,0.375,17.0,19.0,0.895,6.0,37.0,43.0,23.0,4.0,0.0,13.0,25.0,115.0,3,1,1610612765,DET,Detroit Pistons,DET @ MIA,L,36.0,80.0,0.45,18.0,40.0,0.45,22.0,25.0,0.88,6.0,37.0,43.0,23.0,9.0,5.0,16.0,25.0,112.0,-3,1,Regular Season,00,Detroit,28,8,12,14,17,11,0,16,3,18,Miami,54,10,4,5,0,13,5,13,19600.0,2:17,1
385,22021,1610612742,DAL,Dallas Mavericks,0022100481,2021-12-23 00:00:00,DAL vs. MIL,L,240,35.0,86.0,0.407,12.0,45.0,0.267,13.0,17.0,0.765,8.0,35.0,43.0,25.0,6.0,2.0,11.0,21.0,95.0,-7,1,1610612749,MIL,Milwaukee Bucks,MIL @ DAL,W,37.0,82.0,0.451,10.0,36.0,0.278,18.0,22.0,0.818,6.0,41.0,47.0,26.0,7.0,5.0,12.0,16.0,102.0,7,1,Regular Season,00,Milwaukee,46,10,11,10,8,7,0,12,7,14,Dallas,40,11,12,10,0,11,7,12,19654.0,2:13,0
386,22021,1610612762,UTA,Utah Jazz,0022100484,2021-12-23 00:00:00,UTA vs. MIN,W,240,48.0,90.0,0.533,16.0,39.0,0.41,16.0,22.0,0.727,10.0,35.0,45.0,31.0,7.0,7.0,15.0,17.0,128.0,12,1,1610612750,MIN,Minnesota Timberwolves,MIN @ UTA,L,45.0,101.0,0.446,17.0,45.0,0.378,9.0,12.0,0.75,15.0,29.0,44.0,29.0,7.0,4.0,14.0,19.0,116.0,-12,1,Regular Season,00,Minnesota,46,21,18,3,8,7,0,14,7,15,Utah,60,16,9,15,0,15,11,22,18306.0,2:09,1
387,22021,1610612762,UTA,Utah Jazz,0022100492,2021-12-25 00:00:00,UTA vs. DAL,W,240,40.0,90.0,0.444,12.0,36.0,0.333,28.0,37.0,0.757,13.0,36.0,49.0,24.0,9.0,6.0,14.0,24.0,120.0,4,1,1610612742,DAL,Dallas Mavericks,DAL @ UTA,L,38.0,89.0,0.427,10.0,30.0,0.333,30.0,35.0,0.857,8.0,35.0,43.0,19.0,7.0,3.0,14.0,31.0,116.0,-4,1,Regular Season,00,Utah,54,18,14,10,11,9,0,14,10,18,Dallas,34,10,7,16,1,14,13,24,18306.0,2:39,1
388,22021,1610612752,NYK,New York Knicks,0022100488,2021-12-25 00:00:00,NYK vs. ATL,W,240,38.0,85.0,0.447,20.0,50.0,0.4,5.0,12.0,0.417,9.0,41.0,50.0,28.0,6.0,6.0,10.0,13.0,101.0,14,1,1610612737,ATL,Atlanta Hawks,ATL @ NYK,L,33.0,87.0,0.379,13.0,38.0,0.342,8.0,14.0,0.571,8.0,38.0,46.0,23.0,8.0,5.0,12.0,12.0,87.0,-14,1,Regular Season,00,New York,28,9,13,21,0,0,0,10,7,7,Atlanta,36,13,2,0,0,12,11,21,19812.0,2:10,1
389,22021,1610612747,LAL,Los Angeles Lakers,0022100491,2021-12-25 00:00:00,LAL vs. BKN,L,240,40.0,96.0,0.417,10.0,35.0,0.286,25.0,28.0,0.893,12.0,35.0,47.0,29.0,8.0,5.0,14.0,23.0,115.0,-7,1,1610612751,BKN,Brooklyn Nets,BKN @ LAL,W,43.0,89.0,0.483,14.0,32.0,0.438,22.0,27.0,0.815,6.0,35.0,41.0,31.0,6.0,9.0,12.0,25.0,122.0,7,1,Regular Season,00,Brooklyn,56,7,11,23,3,6,2,12,8,17,Los Angeles,54,20,21,2,1,14,14,17,18997.0,2:35,0
390,22021,1610612764,WAS,Washington Wizards,0022100495,2021-12-26 00:00:00,WAS vs. PHI,L,240,35.0,90.0,0.389,8.0,33.0,0.242,18.0,28.0,0.643,14.0,29.0,43.0,22.0,6.0,1.0,8.0,18.0,96.0,-21,1,1610612755,PHI,Philadelphia 76ers,PHI @ WAS,W,43.0,86.0,0.5,12.0,31.0,0.387,19.0,22.0,0.864,10.0,40.0,50.0,25.0,6.0,8.0,13.0,23.0,117.0,21,1,Regular Season,00,Washington,44,13,7,7,4,9,0,8,10,9,Philadelphia,38,18,8,26,1,13,8,8,16767.0,2:21,0
391,22021,1610612759,SAS,San Antonio Spurs,0022100498,2021-12-26 00:00:00,SAS vs. DET,W,240,51.0,91.0,0.56,13.0,27.0,0.481,29.0,37.0,0.784,9.0,43.0,52.0,39.0,6.0,5.0,19.0,28.0,144.0,35,1,1610612765,DET,Detroit Pistons,DET @ SAS,L,38.0,98.0,0.388,8.0,32.0,0.25,25.0,34.0,0.735,14.0,28.0,42.0,16.0,10.0,5.0,14.0,30.0,109.0,-35,1,Regular Season,00,Detroit,48,20,14,1,10,1,0,14,9,17,San Antonio,72,14,18,39,1,19,14,20,14715.0,2:27,1
392,22021,1610612741,CHI,Chicago Bulls,0022100499,2021-12-26 00:00:00,CHI vs. IND,W,240,43.0,76.0,0.566,11.0,23.0,0.478,16.0,22.0,0.727,2.0,38.0,40.0,17.0,5.0,6.0,15.0,20.0,113.0,8,1,1610612754,IND,Indiana Pacers,IND @ CHI,L,41.0,94.0,0.436,8.0,30.0,0.267,15.0,21.0,0.714,14.0,31.0,45.0,23.0,9.0,5.0,9.0,16.0,105.0,-8,1,Regular Season,00,Chicago,44,6,7,18,4,1,0,15,9,15,Indiana,62,13,22,1,0,9,4,12,20475.0,2:10,1
393,22021,1610612748,MIA,Miami Heat,0022100493,2021-12-26 00:00:00,MIA vs. ORL,W,240,36.0,89.0,0.404,10.0,34.0,0.294,11.0,18.0,0.611,20.0,31.0,51.0,28.0,7.0,1.0,14.0,19.0,93.0,10,1,1610612753,ORL,Orlando Magic,ORL @ MIA,L,31.0,72.0,0.431,10.0,32.0,0.313,11.0,17.0,0.647,8.0,35.0,43.0,17.0,6.0,4.0,19.0,19.0,83.0,-10,1,Regular Season,00,Miami,46,20,13,18,3,4,1,14,5,19,Orlando,34,10,6,9,1,19,8,22,19600.0,2:05,1
394,22021,1610612760,OKC,Oklahoma City Thunder,0022100497,2021-12-26 00:00:00,OKC vs. NOP,W,240,41.0,86.0,0.477,13.0,36.0,0.361,22.0,31.0,0.71,7.0,40.0,47.0,24.0,8.0,5.0,12.0,23.0,117.0,5,1,1610612740,NOP,New Orleans Pelicans,NOP @ OKC,L,39.0,94.0,0.415,10.0,41.0,0.244,24.0,28.0,0.857,11.0,38.0,49.0,26.0,10.0,4.0,11.0,19.0,112.0,-5,1,Regular Season,00,New Orleans,54,11,17,1,4,0,1,11,7,14,Oklahoma City,48,12,9,17,0,12,10,20,15608.0,2:19,1
395,22021,1610612758,SAC,Sacramento Kings,0022100496,2021-12-26 00:00:00,SAC vs. MEM,L,240,34.0,81.0,0.42,10.0,29.0,0.345,24.0,27.0,0.889,9.0,29.0,38.0,22.0,7.0,9.0,18.0,23.0,102.0,-25,1,1610612763,MEM,Memphis Grizzlies,MEM @ SAC,W,47.0,100.0,0.47,9.0,30.0,0.3,24.0,30.0,0.8,19.0,34.0,53.0,33.0,11.0,6.0,12.0,19.0,127.0,25,1,Regular Season,00,Memphis,72,35,16,30,8,3,1,12,11,6,Sacramento,36,14,13,7,0,18,7,19,15685.0,2:16,0
396,22021,1610612746,LAC,LA Clippers,0022100500,2021-12-26 00:00:00,LAC vs. DEN,L,240,40.0,86.0,0.465,8.0,26.0,0.308,12.0,18.0,0.667,8.0,38.0,46.0,26.0,8.0,7.0,14.0,22.0,100.0,-3,1,1610612743,DEN,Denver Nuggets,DEN @ LAC,W,39.0,95.0,0.411,15.0,41.0,0.366,10.0,11.0,0.909,10.0,38.0,48.0,29.0,7.0,4.0,14.0,20.0,103.0,3,1,Regular Season,00,Denver,40,18,11,17,5,4,0,14,6,16,LA,50,12,11,9,0,14,9,7,17759.0,2:10,0
397,22021,1610612739,CLE,Cleveland Cavaliers,0022100494,2021-12-26 00:00:00,CLE vs. TOR,W,240,56.0,106.0,0.528,22.0,52.0,0.423,10.0,12.0,0.833,13.0,39.0,52.0,39.0,12.0,5.0,15.0,17.0,144.0,45,1,1610612761,TOR,Toronto Raptors,TOR @ CLE,L,37.0,89.0,0.416,9.0,36.0,0.25,16.0,23.0,0.696,11.0,32.0,43.0,24.0,11.0,3.0,21.0,13.0,99.0,-45,1,Regular Season,00,Toronto,40,15,9,5,8,7,0,21,6,34,Cleveland,54,19,8,47,3,15,10,13,19432.0,1:57,1
398,22021,1610612757,POR,Portland Trail Blazers,0022100506,2021-12-27 00:00:00,POR vs. DAL,L,240,35.0,82.0,0.427,12.0,40.0,0.3,35.0,42.0,0.833,8.0,25.0,33.0,19.0,4.0,5.0,11.0,28.0,117.0,-15,1,1610612742,DAL,Dallas Mavericks,DAL @ POR,W,48.0,84.0,0.571,12.0,33.0,0.364,24.0,33.0,0.727,10.0,31.0,41.0,38.0,6.0,4.0,13.0,31.0,132.0,15,1,Regular Season,00,Dallas,68,17,13,29,2,1,0,13,14,23,Portland,30,17,14,1,0,11,11,18,18430.0,2:25,0
399,22021,1610612746,LAC,LA Clippers,0022100507,2021-12-27 00:00:00,LAC vs. BKN,L,240,37.0,97.0,0.381,14.0,37.0,0.378,20.0,27.0,0.741,17.0,28.0,45.0,25.0,7.0,4.0,12.0,17.0,108.0,-16,1,1610612751,BKN,Brooklyn Nets,BKN @ LAC,W,50.0,88.0,0.568,13.0,34.0,0.382,11.0,16.0,0.688,7.0,40.0,47.0,31.0,7.0,8.0,15.0,25.0,124.0,16,1,Regular Season,00,Brooklyn,74,7,23,22,1,1,2,15,9,11,LA,38,16,10,8,1,12,9,12,17128.0,2:10,0
400,22021,1610612737,ATL,Atlanta Hawks,0022100502,2021-12-27 00:00:00,ATL vs. CHI,L,240,40.0,89.0,0.449,15.0,34.0,0.441,23.0,26.0,0.885,11.0,34.0,45.0,22.0,3.0,5.0,10.0,14.0,118.0,-12,1,1610612741,CHI,Chicago Bulls,CHI @ ATL,W,51.0,94.0,0.543,18.0,37.0,0.486,10.0,14.0,0.714,9.0,35.0,44.0,29.0,5.0,6.0,10.0,19.0,130.0,12,1,Regular Season,00,Chicago,42,14,8,16,4,5,3,10,5,9,Atlanta,38,14,4,9,0,10,5,13,17049.0,2:06,0
401,22021,1610612750,MIN,Minnesota Timberwolves,0022100503,2021-12-27 00:00:00,MIN vs. BOS,W,240,40.0,90.0,0.444,14.0,34.0,0.412,14.0,19.0,0.737,11.0,42.0,53.0,30.0,7.0,5.0,14.0,17.0,108.0,5,1,1610612738,BOS,Boston Celtics,BOS @ MIN,L,33.0,89.0,0.371,16.0,47.0,0.34,21.0,28.0,0.75,15.0,38.0,53.0,23.0,8.0,10.0,14.0,16.0,103.0,-5,1,Regular Season,00,Minnesota,50,15,19,10,5,9,0,14,6,11,Boston,26,11,3,12,0,14,6,10,15962.0,2:10,1
402,22021,1610612745,HOU,Houston Rockets,0022100511,2021-12-28 00:00:00,HOU vs. LAL,L,240,44.0,83.0,0.53,16.0,35.0,0.457,19.0,25.0,0.76,4.0,26.0,30.0,24.0,10.0,7.0,14.0,20.0,123.0,-9,1,1610612747,LAL,Los Angeles Lakers,LAL @ HOU,W,48.0,92.0,0.522,14.0,34.0,0.412,22.0,29.0,0.759,14.0,34.0,48.0,27.0,8.0,6.0,12.0,23.0,132.0,9,1,Regular Season,00,Los Angeles,56,10,16,11,9,15,0,12,7,18,Houston,56,8,16,4,0,14,11,13,18104.0,2:20,0
403,22021,1610612758,SAC,Sacramento Kings,0022100515,2021-12-28 00:00:00,SAC vs. OKC,W,240,40.0,95.0,0.421,17.0,39.0,0.436,20.0,27.0,0.741,11.0,46.0,57.0,25.0,3.0,9.0,10.0,22.0,117.0,6,1,1610612760,OKC,Oklahoma City Thunder,OKC @ SAC,L,35.0,90.0,0.389,11.0,33.0,0.333,30.0,36.0,0.833,8.0,37.0,45.0,16.0,6.0,6.0,9.0,21.0,111.0,-6,1,Regular Season,00,Oklahoma City,40,10,11,4,10,7,0,9,10,14,Sacramento,38,16,16,17,0,10,11,14,14750.0,2:16,1
404,22021,1610612750,MIN,Minnesota Timberwolves,0022100512,2021-12-28 00:00:00,MIN vs. NYK,L,240,34.0,85.0,0.4,7.0,38.0,0.184,13.0,20.0,0.65,10.0,35.0,45.0,22.0,6.0,11.0,11.0,22.0,88.0,-8,1,1610612752,NYK,New York Knicks,NYK @ MIN,W,37.0,90.0,0.411,16.0,40.0,0.4,6.0,16.0,0.375,15.0,39.0,54.0,20.0,5.0,4.0,16.0,20.0,96.0,8,1,Regular Season,00,Minnesota,50,11,11,2,5,3,1,11,9,9,New York,40,23,8,17,1,16,13,18,16339.0,2:14,0
405,22021,1610612740,NOP,New Orleans Pelicans,0022100513,2021-12-28 00:00:00,NOP vs. CLE,W,240,36.0,80.0,0.45,16.0,36.0,0.444,20.0,26.0,0.769,8.0,36.0,44.0,24.0,3.0,8.0,13.0,16.0,108.0,4,1,1610612739,CLE,Cleveland Cavaliers,CLE @ NOP,L,37.0,88.0,0.42,14.0,41.0,0.341,16.0,19.0,0.842,11.0,31.0,42.0,27.0,6.0,3.0,8.0,19.0,104.0,-4,1,Regular Season,00,New Orleans,34,13,21,5,1,0,1,13,12,12,Cleveland,40,8,8,23,1,8,6,6,15835.0,2:12,1
406,22021,1610612753,ORL,Orlando Magic,0022100508,2021-12-28 00:00:00,ORL vs. MIL,L,240,38.0,83.0,0.458,12.0,39.0,0.308,22.0,26.0,0.846,7.0,30.0,37.0,24.0,7.0,4.0,13.0,25.0,110.0,-17,1,1610612749,MIL,Milwaukee Bucks,MIL @ ORL,W,47.0,85.0,0.553,17.0,37.0,0.459,16.0,22.0,0.727,7.0,33.0,40.0,31.0,4.0,3.0,13.0,20.0,127.0,17,1,Regular Season,00,Orlando,50,13,11,5,3,5,0,13,8,19,Milwaukee,48,9,8,29,1,13,8,19,16696.0,2:17,0
407,22021,1610612738,BOS,Boston Celtics,0022100518,2021-12-29 00:00:00,BOS vs. LAC,L,240,35.0,101.0,0.347,4.0,42.0,0.095,8.0,11.0,0.727,21.0,29.0,50.0,19.0,8.0,8.0,8.0,16.0,82.0,-9,1,1610612746,LAC,LA Clippers,LAC @ BOS,W,33.0,81.0,0.407,11.0,28.0,0.393,14.0,17.0,0.824,9.0,40.0,49.0,17.0,5.0,4.0,16.0,12.0,91.0,9,1,Regular Season,00,LA,26,8,10,10,9,3,2,16,13,20,Boston,54,28,13,6,0,8,8,14,19156.0,2:07,0
408,22021,1610612757,POR,Portland Trail Blazers,0022100523,2021-12-29 00:00:00,POR vs. UTA,L,240,37.0,88.0,0.42,14.0,40.0,0.35,17.0,24.0,0.708,11.0,34.0,45.0,23.0,6.0,3.0,11.0,28.0,105.0,-15,1,1610612762,UTA,Utah Jazz,UTA @ POR,W,46.0,87.0,0.529,8.0,29.0,0.276,20.0,32.0,0.625,13.0,33.0,46.0,22.0,6.0,3.0,11.0,20.0,120.0,15,1,Regular Season,00,Portland,30,10,22,0,0,0,1,11,9,11,Utah,74,18,13,22,0,11,11,18,17828.0,2:16,0
409,22021,1610612756,PHX,Phoenix Suns,0022100522,2021-12-29 00:00:00,PHX vs. OKC,W,240,41.0,89.0,0.461,12.0,34.0,0.353,21.0,28.0,0.75,18.0,38.0,56.0,22.0,7.0,7.0,15.0,15.0,115.0,18,1,1610612760,OKC,Oklahoma City Thunder,OKC @ PHX,L,38.0,96.0,0.396,7.0,35.0,0.2,14.0,16.0,0.875,14.0,31.0,45.0,19.0,6.0,1.0,12.0,24.0,97.0,-18,1,Regular Season,00,Phoenix,40,17,8,18,14,4,1,15,6,16,Oklahoma City,50,15,10,3,1,12,8,12,17071.0,2:09,1
410,22021,1610612763,MEM,Memphis Grizzlies,0022100520,2021-12-29 00:00:00,MEM vs. LAL,W,240,35.0,85.0,0.412,10.0,30.0,0.333,24.0,29.0,0.828,13.0,30.0,43.0,18.0,13.0,5.0,13.0,11.0,104.0,5,1,1610612747,LAL,Los Angeles Lakers,LAL @ MEM,L,39.0,86.0,0.453,15.0,41.0,0.366,6.0,8.0,0.75,7.0,32.0,39.0,24.0,5.0,5.0,18.0,25.0,99.0,-5,1,Regular Season,00,Memphis,46,19,12,7,2,1,1,13,9,14,Los Angeles,36,8,15,14,0,18,13,21,17794.0,2:19,1
411,22021,1610612741,CHI,Chicago Bulls,0022100519,2021-12-29 00:00:00,CHI vs. ATL,W,240,52.0,84.0,0.619,10.0,22.0,0.455,17.0,22.0,0.773,6.0,35.0,41.0,38.0,9.0,6.0,15.0,18.0,131.0,14,1,1610612737,ATL,Atlanta Hawks,ATL @ CHI,L,44.0,92.0,0.478,11.0,26.0,0.423,18.0,26.0,0.692,10.0,27.0,37.0,26.0,6.0,3.0,11.0,17.0,117.0,-14,1,Regular Season,00,Atlanta,54,22,14,2,1,7,0,11,9,17,Chicago,62,8,31,27,2,15,6,20,21372.0,2:09,1
412,22021,1610612754,IND,Indiana Pacers,0022100517,2021-12-29 00:00:00,IND vs. CHA,L,240,36.0,86.0,0.419,17.0,45.0,0.378,19.0,29.0,0.655,10.0,35.0,45.0,25.0,8.0,6.0,18.0,20.0,108.0,-8,1,1610612766,CHA,Charlotte Hornets,CHA @ IND,W,44.0,85.0,0.518,9.0,26.0,0.346,19.0,32.0,0.594,8.0,40.0,48.0,27.0,12.0,5.0,14.0,20.0,116.0,8,1,Regular Season,00,Charlotte,54,13,19,18,4,2,1,14,9,13,Indiana,32,18,19,4,0,18,12,10,17608.0,2:21,0
413,22021,1610612765,DET,Detroit Pistons,0022100516,2021-12-29 00:00:00,DET vs. NYK,L,240,30.0,81.0,0.37,12.0,35.0,0.343,13.0,17.0,0.765,8.0,35.0,43.0,19.0,11.0,5.0,17.0,23.0,85.0,-9,1,1610612752,NYK,New York Knicks,NYK @ DET,W,31.0,81.0,0.383,8.0,31.0,0.258,24.0,27.0,0.889,11.0,37.0,48.0,19.0,11.0,5.0,17.0,14.0,94.0,9,1,Regular Season,00,New York,46,9,15,13,4,1,1,17,8,21,Detroit,28,10,9,14,0,17,9,17,18312.0,2:14,0
414,22021,1610612753,ORL,Orlando Magic,0022100526,2021-12-30 00:00:00,ORL vs. MIL,L,240,42.0,87.0,0.483,13.0,36.0,0.361,21.0,27.0,0.778,6.0,27.0,33.0,26.0,5.0,1.0,10.0,26.0,118.0,-18,1,1610612749,MIL,Milwaukee Bucks,MIL @ ORL,W,45.0,91.0,0.495,13.0,33.0,0.394,33.0,36.0,0.917,14.0,36.0,50.0,24.0,7.0,6.0,13.0,19.0,136.0,18,1,Regular Season,00,Orlando,50,11,11,2,8,4,0,10,7,9,Milwaukee,56,24,23,20,0,13,10,9,15855.0,2:15,0
415,22021,1610612751,BKN,Brooklyn Nets,0022100525,2021-12-30 00:00:00,BKN vs. PHI,L,240,37.0,81.0,0.457,7.0,27.0,0.259,21.0,27.0,0.778,12.0,40.0,52.0,21.0,4.0,9.0,18.0,22.0,102.0,-8,1,1610612755,PHI,Philadelphia 76ers,PHI @ BKN,W,42.0,100.0,0.42,13.0,32.0,0.406,13.0,20.0,0.65,14.0,29.0,43.0,22.0,10.0,4.0,8.0,20.0,110.0,8,1,Regular Season,00,Brooklyn,44,18,8,7,19,11,1,18,8,15,Philadelphia,44,19,14,11,1,8,12,8,17920.0,2:11,0
416,22021,1610612764,WAS,Washington Wizards,0022100527,2021-12-30 00:00:00,WAS vs. CLE,W,240,45.0,90.0,0.5,9.0,29.0,0.31,11.0,17.0,0.647,10.0,37.0,47.0,27.0,7.0,8.0,8.0,19.0,110.0,17,1,1610612739,CLE,Cleveland Cavaliers,CLE @ WAS,L,35.0,83.0,0.422,8.0,28.0,0.286,15.0,23.0,0.652,8.0,36.0,44.0,20.0,4.0,3.0,13.0,17.0,93.0,-17,1,Regular Season,00,Washington,70,10,8,21,8,7,1,8,8,5,Cleveland,44,6,6,4,1,13,8,13,15637.0,2:04,1
417,22021,1610612745,HOU,Houston Rockets,0022100532,2021-12-31 00:00:00,HOU vs. MIA,L,240,41.0,93.0,0.441,14.0,42.0,0.333,14.0,17.0,0.824,15.0,31.0,46.0,21.0,9.0,4.0,18.0,27.0,110.0,-10,1,1610612748,MIA,Miami Heat,MIA @ HOU,W,40.0,86.0,0.465,14.0,33.0,0.424,26.0,31.0,0.839,11.0,32.0,43.0,21.0,7.0,6.0,14.0,16.0,120.0,10,1,Regular Season,00,Houston,50,21,6,4,6,5,0,18,8,23,Miami,48,5,15,25,0,14,9,13,16197.0,2:16,0
418,22021,1610612761,TOR,Toronto Raptors,0022100534,2021-12-31 00:00:00,TOR vs. LAC,W,240,40.0,96.0,0.417,11.0,35.0,0.314,25.0,33.0,0.758,18.0,36.0,54.0,19.0,8.0,4.0,7.0,18.0,116.0,8,1,1610612746,LAC,LA Clippers,LAC @ TOR,L,38.0,78.0,0.487,15.0,34.0,0.441,17.0,19.0,0.895,3.0,34.0,37.0,27.0,6.0,7.0,13.0,24.0,108.0,-8,1,Regular Season,00,Toronto,46,21,7,15,10,10,0,7,11,6,LA,36,3,14,7,1,13,4,12,,2:13,1
419,22021,1610612758,SAC,Sacramento Kings,0022100531,2021-12-31 00:00:00,SAC vs. DAL,L,240,38.0,91.0,0.418,10.0,29.0,0.345,10.0,12.0,0.833,8.0,25.0,33.0,25.0,7.0,4.0,10.0,16.0,96.0,-16,1,1610612742,DAL,Dallas Mavericks,DAL @ SAC,W,42.0,81.0,0.519,9.0,22.0,0.409,19.0,22.0,0.864,10.0,37.0,47.0,30.0,5.0,7.0,13.0,14.0,112.0,16,1,Regular Season,00,Sacramento,44,13,14,10,7,5,0,10,10,12,Dallas,46,9,11,27,2,13,7,16,15833.0,2:02,0
420,22021,1610612760,OKC,Oklahoma City Thunder,0022100536,2021-12-31 00:00:00,OKC vs. NYK,W,240,36.0,87.0,0.414,18.0,43.0,0.419,5.0,7.0,0.714,7.0,42.0,49.0,21.0,6.0,3.0,10.0,17.0,95.0,15,1,1610612752,NYK,New York Knicks,NYK @ OKC,L,30.0,81.0,0.37,8.0,41.0,0.195,12.0,22.0,0.545,5.0,43.0,48.0,12.0,6.0,3.0,10.0,12.0,80.0,-15,1,Regular Season,00,Oklahoma City,32,13,3,17,1,3,1,10,6,8,New York,38,3,4,9,0,10,11,10,16451.0,1:54,1
421,22021,1610612738,BOS,Boston Celtics,0022100529,2021-12-31 00:00:00,BOS vs. PHX,W,240,45.0,83.0,0.542,10.0,27.0,0.37,23.0,26.0,0.885,13.0,38.0,51.0,28.0,6.0,7.0,18.0,18.0,123.0,15,1,1610612756,PHX,Phoenix Suns,PHX @ BOS,L,41.0,100.0,0.41,11.0,35.0,0.314,15.0,16.0,0.938,15.0,22.0,37.0,20.0,10.0,2.0,10.0,21.0,108.0,-15,1,Regular Season,00,Boston,64,20,3,30,8,3,1,18,6,21,Phoenix,46,19,21,3,1,10,7,16,19156.0,2:18,1
422,22021,1610612739,CLE,Cleveland Cavaliers,0022100533,2021-12-31 00:00:00,CLE vs. ATL,L,240,48.0,84.0,0.571,8.0,25.0,0.32,14.0,24.0,0.583,8.0,38.0,46.0,27.0,1.0,8.0,9.0,18.0,118.0,-3,1,1610612737,ATL,Atlanta Hawks,ATL @ CLE,W,43.0,97.0,0.443,16.0,38.0,0.421,19.0,21.0,0.905,14.0,30.0,44.0,23.0,8.0,4.0,2.0,23.0,121.0,3,1,Regular Season,00,Cleveland,68,6,7,16,2,3,0,9,10,12,Atlanta,40,18,10,8,0,2,2,5,17745.0,2:17,0
423,22021,1610612763,MEM,Memphis Grizzlies,0022100535,2021-12-31 00:00:00,MEM vs. SAS,W,240,49.0,102.0,0.48,10.0,26.0,0.385,10.0,16.0,0.625,16.0,42.0,58.0,28.0,7.0,11.0,10.0,18.0,118.0,13,1,1610612759,SAS,San Antonio Spurs,SAS @ MEM,L,39.0,90.0,0.433,12.0,35.0,0.343,15.0,24.0,0.625,11.0,36.0,47.0,24.0,3.0,8.0,11.0,15.0,105.0,-13,1,Regular Season,00,San Antonio,48,12,16,5,12,8,0,11,7,13,Memphis,72,18,14,19,1,10,7,8,15412.0,2:07,1
424,22021,1610612747,LAL,Los Angeles Lakers,0022100538,2021-12-31 00:00:00,LAL vs. POR,W,240,47.0,85.0,0.553,19.0,41.0,0.463,26.0,30.0,0.867,5.0,42.0,47.0,27.0,6.0,9.0,7.0,21.0,139.0,33,1,1610612757,POR,Portland Trail Blazers,POR @ LAL,L,36.0,102.0,0.353,12.0,42.0,0.286,22.0,27.0,0.815,21.0,33.0,54.0,19.0,4.0,2.0,9.0,22.0,106.0,-33,1,Regular Season,00,Los Angeles,50,2,16,35,0,0,0,7,4,11,Portland,42,27,18,0,0,9,8,11,18997.0,2:11,1
425,22021,1610612762,UTA,Utah Jazz,0022100537,2021-12-31 00:00:00,UTA vs. MIN,W,240,37.0,78.0,0.474,11.0,29.0,0.379,35.0,41.0,0.854,10.0,39.0,49.0,18.0,4.0,5.0,18.0,20.0,120.0,12,1,1610612750,MIN,Minnesota Timberwolves,MIN @ UTA,L,40.0,93.0,0.43,14.0,41.0,0.341,14.0,22.0,0.636,11.0,30.0,41.0,23.0,9.0,5.0,10.0,30.0,108.0,-12,1,Regular Season,00,Minnesota,42,10,7,3,13,6,0,10,6,8,Utah,46,17,4,21,1,18,12,21,18306.0,2:19,1
426,22021,1610612745,HOU,Houston Rockets,0022100543,2022-01-01 00:00:00,HOU vs. DEN,L,240,37.0,85.0,0.435,16.0,42.0,0.381,21.0,24.0,0.875,13.0,23.0,36.0,20.0,10.0,4.0,18.0,24.0,111.0,-13,1,1610612743,DEN,Denver Nuggets,DEN @ HOU,W,46.0,86.0,0.535,10.0,32.0,0.313,22.0,27.0,0.815,13.0,33.0,46.0,33.0,10.0,6.0,18.0,23.0,124.0,13,1,Regular Season,00,Houston,42,14,4,11,1,1,1,18,5,26,Denver,62,18,15,31,0,18,9,16,18055.0,2:19,0
427,22021,1610612749,MIL,Milwaukee Bucks,0022100539,2022-01-01 00:00:00,MIL vs. NOP,W,240,49.0,92.0,0.533,23.0,48.0,0.479,15.0,18.0,0.833,4.0,44.0,48.0,27.0,10.0,4.0,14.0,20.0,136.0,23,1,1610612740,NOP,New Orleans Pelicans,NOP @ MIL,L,39.0,95.0,0.411,16.0,51.0,0.314,19.0,30.0,0.633,14.0,36.0,50.0,28.0,10.0,5.0,15.0,16.0,113.0,-23,1,Regular Season,00,New Orleans,44,19,22,7,6,6,0,15,8,18,Milwaukee,42,11,20,25,1,14,7,18,17341.0,2:17,1
428,22021,1610612751,BKN,Brooklyn Nets,0022100542,2022-01-01 00:00:00,BKN vs. LAC,L,240,42.0,97.0,0.433,11.0,33.0,0.333,21.0,25.0,0.84,17.0,40.0,57.0,26.0,9.0,2.0,15.0,20.0,116.0,-4,1,1610612746,LAC,LA Clippers,LAC @ BKN,W,42.0,86.0,0.488,14.0,36.0,0.389,22.0,31.0,0.71,7.0,33.0,40.0,23.0,7.0,6.0,11.0,19.0,120.0,4,1,Regular Season,00,LA,44,9,21,10,10,6,1,11,9,9,Brooklyn,44,15,5,13,1,15,6,17,17732.0,2:25,0
429,22021,1610612766,CHA,Charlotte Hornets,0022100549,2022-01-02 00:00:00,CHA vs. PHX,L,240,39.0,85.0,0.459,9.0,35.0,0.257,12.0,21.0,0.571,5.0,29.0,34.0,27.0,10.0,9.0,18.0,15.0,99.0,-34,1,1610612756,PHX,Phoenix Suns,PHX @ CHA,W,52.0,103.0,0.505,17.0,41.0,0.415,12.0,12.0,1.0,14.0,39.0,53.0,36.0,15.0,4.0,17.0,21.0,133.0,34,1,Regular Season,00,Charlotte,56,7,16,0,0,3,1,18,10,22,Phoenix,58,24,21,43,0,17,9,15,19088.0,2:05,0
430,22021,1610612739,CLE,Cleveland Cavaliers,0022100547,2022-01-02 00:00:00,CLE vs. IND,W,240,41.0,88.0,0.466,6.0,26.0,0.231,20.0,28.0,0.714,12.0,36.0,48.0,26.0,6.0,4.0,11.0,11.0,108.0,4,1,1610612754,IND,Indiana Pacers,IND @ CLE,L,37.0,83.0,0.446,19.0,46.0,0.413,11.0,14.0,0.786,9.0,30.0,39.0,24.0,6.0,6.0,14.0,24.0,104.0,-4,1,Regular Season,00,Indiana,26,7,4,11,16,15,0,14,7,14,Cleveland,58,5,0,9,3,11,10,12,17808.0,2:17,1
431,22021,1610612758,SAC,Sacramento Kings,0022100548,2022-01-02 00:00:00,SAC vs. MIA,W,240,40.0,78.0,0.513,13.0,34.0,0.382,22.0,27.0,0.815,7.0,32.0,39.0,31.0,3.0,2.0,16.0,18.0,115.0,2,1,1610612748,MIA,Miami Heat,MIA @ SAC,L,46.0,105.0,0.438,9.0,33.0,0.273,12.0,12.0,1.0,18.0,31.0,49.0,26.0,4.0,3.0,9.0,18.0,113.0,-2,1,Regular Season,00,Sacramento,46,11,11,11,14,7,0,16,8,20,Miami,54,18,6,8,0,9,6,12,13699.0,2:09,1
432,22021,1610612760,OKC,Oklahoma City Thunder,0022100550,2022-01-02 00:00:00,OKC vs. DAL,L,240,35.0,85.0,0.412,10.0,30.0,0.333,6.0,9.0,0.667,7.0,34.0,41.0,20.0,11.0,4.0,11.0,16.0,86.0,-9,1,1610612742,DAL,Dallas Mavericks,DAL @ OKC,W,38.0,85.0,0.447,14.0,39.0,0.359,5.0,7.0,0.714,7.0,41.0,48.0,28.0,9.0,3.0,16.0,12.0,95.0,9,1,Regular Season,00,Dallas,40,6,4,15,4,3,0,16,10,14,Oklahoma City,46,9,14,6,0,11,3,9,14751.0,1:57,0
433,22021,1610612761,TOR,Toronto Raptors,0022100545,2022-01-02 00:00:00,TOR vs. NYK,W,240,41.0,86.0,0.477,13.0,34.0,0.382,25.0,30.0,0.833,11.0,33.0,44.0,21.0,9.0,5.0,17.0,27.0,120.0,15,1,1610612752,NYK,New York Knicks,NYK @ TOR,L,35.0,78.0,0.449,12.0,36.0,0.333,23.0,28.0,0.821,7.0,23.0,30.0,22.0,11.0,4.0,18.0,26.0,105.0,-15,1,Regular Season,00,New York,36,12,8,1,2,1,1,18,10,27,Toronto,52,13,20,25,1,17,14,18,0.0,2:12,1
434,22021,1610612738,BOS,Boston Celtics,0022100546,2022-01-02 00:00:00,BOS vs. ORL,W,265,39.0,86.0,0.453,13.0,36.0,0.361,25.0,28.0,0.893,9.0,37.0,46.0,25.0,5.0,10.0,22.0,23.0,116.0,5,1,1610612753,ORL,Orlando Magic,ORL @ BOS,L,40.0,95.0,0.421,9.0,27.0,0.333,22.0,27.0,0.815,10.0,35.0,45.0,17.0,12.0,3.0,16.0,24.0,111.0,-5,1,Regular Season,00,Orlando,54,11,5,14,4,8,2,16,11,20,Boston,48,11,20,14,1,22,8,21,19156.0,2:41,1
435,22021,1610612764,WAS,Washington Wizards,0022100553,2022-01-03 00:00:00,WAS vs. CHA,W,240,40.0,87.0,0.46,16.0,38.0,0.421,28.0,31.0,0.903,10.0,41.0,51.0,26.0,5.0,4.0,15.0,12.0,124.0,3,1,1610612766,CHA,Charlotte Hornets,CHA @ WAS,L,50.0,104.0,0.481,14.0,38.0,0.368,7.0,13.0,0.538,13.0,32.0,45.0,28.0,14.0,5.0,9.0,22.0,121.0,-3,1,Regular Season,00,Washington,46,13,4,13,11,6,0,15,7,28,Charlotte,56,21,10,14,1,9,7,8,8902.0,2:15,1
436,22021,1610612751,BKN,Brooklyn Nets,0022100554,2022-01-03 00:00:00,BKN vs. MEM,L,240,37.0,82.0,0.451,9.0,31.0,0.29,21.0,26.0,0.808,8.0,25.0,33.0,28.0,10.0,10.0,13.0,20.0,104.0,-14,1,1610612763,MEM,Memphis Grizzlies,MEM @ BKN,W,48.0,102.0,0.471,10.0,35.0,0.286,12.0,21.0,0.571,23.0,38.0,61.0,24.0,11.0,5.0,13.0,21.0,118.0,14,1,Regular Season,00,Memphis,64,29,13,28,0,0,1,13,10,13,Brooklyn,52,8,21,0,1,13,9,18,17089.0,2:14,0
437,22021,1610612749,MIL,Milwaukee Bucks,0022100556,2022-01-03 00:00:00,MIL vs. DET,L,240,39.0,92.0,0.424,11.0,46.0,0.239,17.0,22.0,0.773,11.0,36.0,47.0,21.0,9.0,2.0,8.0,12.0,106.0,-9,1,1610612765,DET,Detroit Pistons,DET @ MIL,W,44.0,91.0,0.484,18.0,43.0,0.419,9.0,14.0,0.643,9.0,38.0,47.0,31.0,6.0,1.0,14.0,21.0,115.0,9,1,Regular Season,00,Milwaukee,52,11,11,6,12,9,0,8,6,14,Detroit,44,21,16,13,1,14,10,16,17341.0,2:15,0
438,22021,1610612741,CHI,Chicago Bulls,0022100555,2022-01-03 00:00:00,CHI vs. ORL,W,240,37.0,86.0,0.43,11.0,31.0,0.355,17.0,23.0,0.739,10.0,39.0,49.0,17.0,10.0,4.0,13.0,16.0,102.0,4,1,1610612753,ORL,Orlando Magic,ORL @ CHI,L,36.0,85.0,0.424,10.0,27.0,0.37,16.0,18.0,0.889,5.0,39.0,44.0,24.0,5.0,2.0,13.0,17.0,98.0,-4,1,Regular Season,00,Orlando,42,10,8,11,3,2,0,13,6,17,Chicago,34,16,8,9,0,13,7,13,20502.0,2:17,1
439,22021,1610612740,NOP,New Orleans Pelicans,0022100557,2022-01-03 00:00:00,NOP vs. UTA,L,240,39.0,97.0,0.402,12.0,46.0,0.261,14.0,22.0,0.636,17.0,30.0,47.0,21.0,7.0,5.0,10.0,21.0,104.0,-11,1,1610612762,UTA,Utah Jazz,UTA @ NOP,W,41.0,85.0,0.482,19.0,39.0,0.487,14.0,17.0,0.824,10.0,33.0,43.0,22.0,6.0,4.0,15.0,24.0,115.0,11,1,Regular Season,00,Utah,38,9,0,15,6,8,1,15,11,19,New Orleans,50,29,8,6,0,10,12,14,15057.0,2:24,0
440,22021,1610612742,DAL,Dallas Mavericks,0022100558,2022-01-03 00:00:00,DAL vs. DEN,W,240,35.0,78.0,0.449,14.0,37.0,0.378,19.0,21.0,0.905,5.0,23.0,28.0,23.0,12.0,5.0,11.0,21.0,103.0,14,1,1610612743,DEN,Denver Nuggets,DEN @ DAL,L,31.0,67.0,0.463,6.0,25.0,0.24,21.0,29.0,0.724,11.0,36.0,47.0,21.0,6.0,1.0,26.0,24.0,89.0,-14,1,Regular Season,00,Denver,44,12,10,2,4,0,1,26,12,28,Dallas,34,2,2,17,0,11,2,14,19767.0,2:11,1
441,22021,1610612740,NOP,New Orleans Pelicans,0022100565,2022-01-04 00:00:00,NOP vs. PHX,L,240,36.0,89.0,0.404,10.0,33.0,0.303,28.0,32.0,0.875,15.0,33.0,48.0,28.0,7.0,3.0,12.0,21.0,110.0,-13,1,1610612756,PHX,Phoenix Suns,PHX @ NOP,W,46.0,85.0,0.541,17.0,31.0,0.548,14.0,20.0,0.7,5.0,37.0,42.0,32.0,7.0,5.0,11.0,24.0,123.0,13,1,Regular Season,00,New Orleans,50,26,17,0,0,0,0,12,6,14,Phoenix,34,7,15,16,1,11,6,10,15158.0,2:12,0
442,22021,1610612761,TOR,Toronto Raptors,0022100563,2022-01-04 00:00:00,TOR vs. SAS,W,240,45.0,96.0,0.469,18.0,44.0,0.409,21.0,29.0,0.724,16.0,36.0,52.0,30.0,13.0,8.0,12.0,20.0,129.0,25,1,1610612759,SAS,San Antonio Spurs,SAS @ TOR,L,41.0,95.0,0.432,9.0,35.0,0.257,13.0,19.0,0.684,17.0,33.0,50.0,27.0,6.0,3.0,20.0,23.0,104.0,-25,1,Regular Season,00,San Antonio,60,20,10,7,1,6,0,20,12,26,Toronto,42,26,25,31,0,12,5,13,,2:03,1
443,22021,1610612739,CLE,Cleveland Cavaliers,0022100562,2022-01-04 00:00:00,CLE vs. MEM,L,240,40.0,92.0,0.435,10.0,34.0,0.294,16.0,21.0,0.762,14.0,35.0,49.0,28.0,2.0,6.0,13.0,14.0,106.0,-4,1,1610612763,MEM,Memphis Grizzlies,MEM @ CLE,W,42.0,90.0,0.467,9.0,27.0,0.333,17.0,22.0,0.773,12.0,33.0,45.0,21.0,6.0,8.0,9.0,18.0,110.0,4,1,Regular Season,00,Memphis,58,14,17,6,11,11,0,9,7,14,Cleveland,56,18,7,11,2,13,9,14,18178.0,2:10,0
444,22021,1610612747,LAL,Los Angeles Lakers,0022100566,2022-01-04 00:00:00,LAL vs. SAC,W,240,49.0,99.0,0.495,11.0,32.0,0.344,13.0,20.0,0.65,14.0,30.0,44.0,24.0,6.0,5.0,5.0,16.0,122.0,8,1,1610612758,SAC,Sacramento Kings,SAC @ LAL,L,43.0,83.0,0.518,14.0,34.0,0.412,14.0,18.0,0.778,9.0,36.0,45.0,31.0,2.0,3.0,18.0,18.0,114.0,-8,1,Regular Season,00,Los Angeles,62,18,7,8,23,12,0,5,7,10,Sacramento,46,11,6,7,0,18,5,21,17919.0,2:13,1
445,22021,1610612752,NYK,New York Knicks,0022100564,2022-01-04 00:00:00,NYK vs. IND,W,240,39.0,80.0,0.488,6.0,28.0,0.214,20.0,28.0,0.714,14.0,37.0,51.0,17.0,6.0,0.0,10.0,23.0,104.0,10,1,1610612754,IND,Indiana Pacers,IND @ NYK,L,32.0,76.0,0.421,9.0,38.0,0.237,21.0,32.0,0.656,9.0,26.0,35.0,22.0,3.0,3.0,12.0,20.0,94.0,-10,1,Regular Season,00,New York,54,7,2,12,6,7,1,10,8,13,Indiana,38,9,5,8,2,12,10,14,18449.0,2:18,1
446,22021,1610612738,BOS,Boston Celtics,0022100570,2022-01-05 00:00:00,BOS vs. SAS,L,240,40.0,90.0,0.444,9.0,28.0,0.321,8.0,9.0,0.889,13.0,28.0,41.0,19.0,10.0,9.0,10.0,12.0,97.0,-2,1,1610612759,SAS,San Antonio Spurs,SAS @ BOS,W,42.0,88.0,0.477,10.0,26.0,0.385,5.0,5.0,1.0,12.0,36.0,48.0,20.0,6.0,5.0,18.0,13.0,99.0,2,1,Regular Season,00,San Antonio,40,10,10,6,11,9,1,18,4,8,Boston,48,13,6,4,2,10,4,11,19156.0,2:06,0
447,22021,1610612754,IND,Indiana Pacers,0022100571,2022-01-05 00:00:00,IND vs. BKN,L,240,41.0,82.0,0.5,13.0,39.0,0.333,26.0,28.0,0.929,7.0,26.0,33.0,26.0,3.0,5.0,17.0,19.0,121.0,-8,1,1610612751,BKN,Brooklyn Nets,BKN @ IND,W,49.0,86.0,0.57,5.0,21.0,0.238,26.0,29.0,0.897,9.0,29.0,38.0,28.0,13.0,4.0,12.0,20.0,129.0,8,1,Regular Season,00,Brooklyn,60,17,17,12,7,3,1,12,4,12,Indiana,46,10,13,19,2,17,8,21,14176.0,2:24,0
448,22021,1610612749,MIL,Milwaukee Bucks,0022100573,2022-01-05 00:00:00,MIL vs. TOR,L,240,38.0,85.0,0.447,17.0,39.0,0.436,18.0,26.0,0.692,9.0,36.0,45.0,22.0,10.0,8.0,18.0,18.0,111.0,-6,1,1610612761,TOR,Toronto Raptors,TOR @ MIL,W,42.0,89.0,0.472,16.0,36.0,0.444,17.0,25.0,0.68,10.0,34.0,44.0,24.0,8.0,4.0,15.0,20.0,117.0,6,1,Regular Season,00,Milwaukee,32,18,1,14,3,4,1,18,11,22,Toronto,32,21,13,15,1,15,10,14,17341.0,2:15,0
449,22021,1610612750,MIN,Minnesota Timberwolves,0022100574,2022-01-05 00:00:00,MIN vs. OKC,W,240,36.0,90.0,0.4,12.0,44.0,0.273,14.0,20.0,0.7,15.0,40.0,55.0,23.0,11.0,7.0,16.0,16.0,98.0,8,1,1610612760,OKC,Oklahoma City Thunder,OKC @ MIN,L,33.0,90.0,0.367,9.0,35.0,0.257,15.0,18.0,0.833,14.0,38.0,52.0,21.0,11.0,7.0,18.0,18.0,90.0,-8,1,Regular Season,00,Oklahoma City,46,21,19,0,0,2,1,18,6,17,Minnesota,42,23,9,21,0,16,7,20,14375.0,2:05,1
450,22021,1610612743,DEN,Denver Nuggets,0022100575,2022-01-05 00:00:00,DEN vs. UTA,L,240,42.0,88.0,0.477,11.0,36.0,0.306,14.0,15.0,0.933,6.0,36.0,42.0,27.0,2.0,4.0,12.0,21.0,109.0,-6,1,1610612762,UTA,Utah Jazz,UTA @ DEN,W,43.0,92.0,0.467,14.0,41.0,0.341,15.0,18.0,0.833,8.0,36.0,44.0,22.0,7.0,4.0,7.0,18.0,115.0,6,1,Regular Season,00,Denver,56,8,6,3,8,5,0,12,8,12,Utah,58,8,4,13,0,7,5,6,14056.0,2:11,0
451,22021,1610612766,CHA,Charlotte Hornets,0022100567,2022-01-05 00:00:00,CHA vs. DET,W,240,48.0,81.0,0.593,24.0,42.0,0.571,20.0,29.0,0.69,8.0,41.0,49.0,39.0,6.0,3.0,17.0,21.0,140.0,29,1,1610612765,DET,Detroit Pistons,DET @ CHA,L,43.0,92.0,0.467,14.0,42.0,0.333,11.0,20.0,0.55,9.0,27.0,36.0,26.0,12.0,3.0,13.0,21.0,111.0,-29,1,Regular Season,00,Charlotte,46,7,22,36,0,2,0,17,6,23,Detroit,48,16,20,0,0,13,9,27,14427.0,2:06,1
452,22021,1610612753,ORL,Orlando Magic,0022100568,2022-01-05 00:00:00,ORL vs. PHI,L,240,40.0,90.0,0.444,12.0,39.0,0.308,14.0,20.0,0.7,14.0,33.0,47.0,22.0,9.0,3.0,19.0,30.0,106.0,-10,1,1610612755,PHI,Philadelphia 76ers,PHI @ ORL,W,43.0,85.0,0.506,12.0,28.0,0.429,18.0,24.0,0.75,10.0,32.0,42.0,26.0,8.0,4.0,17.0,16.0,116.0,10,1,Regular Season,00,Orlando,44,14,13,11,9,3,0,19,9,28,Philadelphia,50,9,12,11,2,17,6,18,13116.0,2:21,0
453,22021,1610612757,POR,Portland Trail Blazers,0022100576,2022-01-05 00:00:00,POR vs. MIA,L,240,33.0,78.0,0.423,15.0,38.0,0.395,28.0,36.0,0.778,8.0,28.0,36.0,18.0,8.0,4.0,6.0,23.0,109.0,-6,1,1610612748,MIA,Miami Heat,MIA @ POR,W,37.0,82.0,0.451,19.0,41.0,0.463,22.0,29.0,0.759,14.0,36.0,50.0,29.0,3.0,3.0,11.0,21.0,115.0,6,1,Regular Season,00,Portland,32,16,12,2,3,2,1,6,9,8,Miami,34,21,11,19,0,11,10,12,15773.0,2:29,0
454,22021,1610612764,WAS,Washington Wizards,0022100569,2022-01-05 00:00:00,WAS vs. HOU,L,240,40.0,91.0,0.44,10.0,39.0,0.256,21.0,26.0,0.808,9.0,32.0,41.0,18.0,9.0,6.0,15.0,27.0,111.0,-3,1,1610612745,HOU,Houston Rockets,HOU @ WAS,W,40.0,85.0,0.471,9.0,26.0,0.346,25.0,32.0,0.781,10.0,38.0,48.0,15.0,10.0,2.0,21.0,24.0,114.0,3,1,Regular Season,00,Houston,62,17,4,12,6,6,1,21,10,24,Washington,52,15,4,4,0,15,9,9,13014.0,2:25,0
455,22021,1610612752,NYK,New York Knicks,0022100578,2022-01-06 00:00:00,NYK vs. BOS,W,240,40.0,90.0,0.444,18.0,36.0,0.5,10.0,15.0,0.667,11.0,31.0,42.0,23.0,8.0,1.0,11.0,17.0,108.0,3,1,1610612738,BOS,Boston Celtics,BOS @ NYK,L,38.0,80.0,0.475,17.0,45.0,0.378,12.0,13.0,0.923,8.0,30.0,38.0,22.0,5.0,10.0,13.0,16.0,105.0,-3,1,Regular Season,00,Boston,32,8,12,25,3,3,1,13,6,17,New York,32,21,7,3,3,11,12,18,17529.0,2:21,1
456,22021,1610612756,PHX,Phoenix Suns,0022100581,2022-01-06 00:00:00,PHX vs. LAC,W,240,44.0,107.0,0.411,10.0,31.0,0.323,8.0,10.0,0.8,21.0,42.0,63.0,22.0,5.0,7.0,8.0,20.0,106.0,17,1,1610612746,LAC,LA Clippers,LAC @ PHX,L,31.0,86.0,0.36,6.0,28.0,0.214,21.0,25.0,0.84,8.0,41.0,49.0,20.0,5.0,7.0,13.0,16.0,89.0,-17,1,Regular Season,00,Phoenix,52,28,7,19,5,1,0,8,3,4,LA,28,8,12,7,1,13,9,18,17071.0,2:12,1
457,22021,1610612763,MEM,Memphis Grizzlies,0022100579,2022-01-06 00:00:00,MEM vs. DET,W,240,48.0,98.0,0.49,10.0,32.0,0.313,12.0,19.0,0.632,18.0,43.0,61.0,31.0,8.0,9.0,19.0,18.0,118.0,30,1,1610612765,DET,Detroit Pistons,DET @ MEM,L,34.0,99.0,0.343,10.0,44.0,0.227,10.0,13.0,0.769,10.0,29.0,39.0,23.0,7.0,3.0,13.0,14.0,88.0,-30,1,Regular Season,00,Detroit,42,13,11,2,2,4,2,13,7,15,Memphis,70,17,21,31,1,19,18,21,12983.0,2:07,1
458,22021,1610612747,LAL,Los Angeles Lakers,0022100589,2022-01-07 00:00:00,LAL vs. ATL,W,240,50.0,101.0,0.495,17.0,41.0,0.415,17.0,19.0,0.895,8.0,39.0,47.0,37.0,14.0,4.0,8.0,26.0,134.0,16,1,1610612737,ATL,Atlanta Hawks,ATL @ LAL,L,43.0,96.0,0.448,13.0,36.0,0.361,19.0,27.0,0.704,13.0,41.0,54.0,29.0,3.0,0.0,15.0,18.0,118.0,-16,1,Regular Season,00,Los Angeles,54,4,24,21,2,0,0,8,5,13,Atlanta,56,13,10,1,0,15,8,28,18997.0,2:20,1
459,22021,1610612755,PHI,Philadelphia 76ers,0022100582,2022-01-07 00:00:00,PHI vs. SAS,W,240,45.0,87.0,0.517,8.0,23.0,0.348,21.0,27.0,0.778,12.0,37.0,49.0,28.0,7.0,4.0,13.0,18.0,119.0,19,1,1610612759,SAS,San Antonio Spurs,SAS @ PHI,L,38.0,92.0,0.413,9.0,30.0,0.3,15.0,20.0,0.75,11.0,28.0,39.0,22.0,6.0,6.0,12.0,21.0,100.0,-19,1,Regular Season,00,Philadelphia,58,23,18,21,0,0,0,13,7,11,San Antonio,46,6,6,0,0,12,12,16,20265.0,2:10,1
460,22021,1610612743,DEN,Denver Nuggets,0022100588,2022-01-07 00:00:00,DEN vs. SAC,W,240,47.0,85.0,0.553,12.0,34.0,0.353,15.0,24.0,0.625,5.0,36.0,41.0,32.0,5.0,7.0,8.0,20.0,121.0,10,1,1610612758,SAC,Sacramento Kings,SAC @ DEN,L,40.0,92.0,0.435,11.0,29.0,0.379,20.0,24.0,0.833,12.0,35.0,47.0,21.0,6.0,3.0,12.0,19.0,111.0,-10,1,Regular Season,00,Denver,70,5,16,21,3,2,1,8,8,16,Sacramento,44,11,10,4,1,12,7,18,15966.0,2:11,1
461,22021,1610612751,BKN,Brooklyn Nets,0022100583,2022-01-07 00:00:00,BKN vs. MIL,L,240,42.0,92.0,0.457,6.0,27.0,0.222,19.0,20.0,0.95,14.0,35.0,49.0,23.0,8.0,5.0,11.0,16.0,109.0,-12,1,1610612749,MIL,Milwaukee Bucks,MIL @ BKN,W,44.0,96.0,0.458,16.0,45.0,0.356,17.0,21.0,0.81,13.0,32.0,45.0,21.0,6.0,3.0,11.0,20.0,121.0,12,1,Regular Season,00,Milwaukee,42,27,12,24,0,2,1,11,10,12,Brooklyn,62,16,14,0,1,11,3,6,17732.0,2:12,0
462,22021,1610612760,OKC,Oklahoma City Thunder,0022100587,2022-01-07 00:00:00,OKC vs. MIN,L,240,36.0,89.0,0.404,15.0,44.0,0.341,18.0,23.0,0.783,13.0,32.0,45.0,26.0,10.0,4.0,20.0,23.0,105.0,-30,1,1610612750,MIN,Minnesota Timberwolves,MIN @ OKC,W,50.0,90.0,0.556,17.0,41.0,0.415,18.0,25.0,0.72,8.0,37.0,45.0,39.0,12.0,8.0,15.0,18.0,135.0,30,1,Regular Season,00,Oklahoma City,38,17,8,4,11,3,1,20,6,34,Minnesota,56,13,12,41,0,15,9,20,14874.0,2:15,0
463,22021,1610612741,CHI,Chicago Bulls,0022100585,2022-01-07 00:00:00,CHI vs. WAS,W,240,48.0,91.0,0.527,15.0,33.0,0.455,19.0,21.0,0.905,10.0,31.0,41.0,34.0,11.0,3.0,15.0,21.0,130.0,8,1,1610612764,WAS,Washington Wizards,WAS @ CHI,L,45.0,88.0,0.511,7.0,24.0,0.292,25.0,26.0,0.962,10.0,31.0,41.0,28.0,8.0,5.0,15.0,15.0,122.0,-8,1,Regular Season,00,Chicago,48,16,24,19,10,6,0,15,4,19,Washington,60,17,25,3,0,15,3,20,21700.0,2:10,1
464,22021,1610612757,POR,Portland Trail Blazers,0022100590,2022-01-07 00:00:00,POR vs. CLE,L,240,37.0,92.0,0.402,16.0,35.0,0.457,11.0,19.0,0.579,16.0,35.0,51.0,22.0,8.0,5.0,12.0,19.0,101.0,-13,1,1610612739,CLE,Cleveland Cavaliers,CLE @ POR,W,39.0,80.0,0.488,17.0,39.0,0.436,19.0,29.0,0.655,8.0,35.0,43.0,22.0,7.0,3.0,9.0,15.0,114.0,13,1,Regular Season,00,Portland,38,21,12,3,7,5,1,12,9,19,Cleveland,38,10,12,15,1,9,11,11,16708.0,2:08,0
465,22021,1610612761,TOR,Toronto Raptors,0022100584,2022-01-07 00:00:00,TOR vs. UTA,W,240,45.0,100.0,0.45,12.0,41.0,0.293,20.0,25.0,0.8,19.0,29.0,48.0,26.0,11.0,7.0,9.0,17.0,122.0,14,1,1610612762,UTA,Utah Jazz,UTA @ TOR,L,39.0,81.0,0.481,17.0,38.0,0.447,13.0,18.0,0.722,7.0,33.0,40.0,23.0,3.0,4.0,21.0,21.0,108.0,-14,1,Regular Season,00,Utah,38,17,13,17,6,2,0,21,10,28,Toronto,52,26,21,16,2,9,9,9,,2:07,1
466,22021,1610612746,LAC,LA Clippers,0022100591,2022-01-08 00:00:00,LAC vs. MEM,L,240,39.0,96.0,0.406,10.0,32.0,0.313,20.0,24.0,0.833,14.0,35.0,49.0,16.0,7.0,6.0,13.0,23.0,108.0,-15,1,1610612763,MEM,Memphis Grizzlies,MEM @ LAC,W,44.0,100.0,0.44,12.0,38.0,0.316,23.0,31.0,0.742,16.0,40.0,56.0,26.0,9.0,11.0,10.0,21.0,123.0,15,1,Regular Season,00,Memphis,58,21,15,25,6,3,1,10,13,9,LA,46,12,17,12,1,13,7,23,17936.0,2:16,0
467,22021,1610612756,PHX,Phoenix Suns,0022100596,2022-01-08 00:00:00,PHX vs. MIA,L,240,30.0,79.0,0.38,14.0,34.0,0.412,26.0,29.0,0.897,6.0,29.0,35.0,24.0,10.0,1.0,16.0,14.0,100.0,-23,1,1610612748,MIA,Miami Heat,MIA @ PHX,W,44.0,88.0,0.5,22.0,44.0,0.5,13.0,15.0,0.867,11.0,38.0,49.0,33.0,9.0,1.0,16.0,18.0,123.0,23,1,Regular Season,00,Phoenix,28,6,17,6,3,3,1,16,9,17,Miami,38,21,11,27,2,16,5,24,17071.0,2:11,0
468,22021,1610612738,BOS,Boston Celtics,0022100595,2022-01-08 00:00:00,BOS vs. NYK,W,240,36.0,76.0,0.474,12.0,29.0,0.414,15.0,17.0,0.882,9.0,36.0,45.0,26.0,8.0,8.0,12.0,15.0,99.0,24,1,1610612752,NYK,New York Knicks,NYK @ BOS,L,29.0,79.0,0.367,11.0,31.0,0.355,6.0,15.0,0.4,11.0,29.0,40.0,13.0,8.0,4.0,14.0,15.0,75.0,-24,1,Regular Season,00,Boston,42,7,7,24,4,6,2,12,5,13,New York,24,23,3,10,2,14,11,21,19156.0,2:01,1
469,22021,1610612766,CHA,Charlotte Hornets,0022100592,2022-01-08 00:00:00,CHA vs. MIL,W,240,44.0,99.0,0.444,16.0,48.0,0.333,10.0,17.0,0.588,13.0,36.0,49.0,29.0,10.0,3.0,11.0,25.0,114.0,8,1,1610612749,MIL,Milwaukee Bucks,MIL @ CHA,L,35.0,90.0,0.389,12.0,37.0,0.324,24.0,26.0,0.923,14.0,39.0,53.0,21.0,6.0,4.0,15.0,20.0,106.0,-8,1,Regular Season,00,Milwaukee,36,10,14,11,2,0,0,15,7,21,Charlotte,46,14,18,17,1,11,10,14,19139.0,2:24,1
470,22021,1610612765,DET,Detroit Pistons,0022100593,2022-01-08 00:00:00,DET vs. ORL,W,240,38.0,87.0,0.437,10.0,33.0,0.303,11.0,16.0,0.688,7.0,42.0,49.0,23.0,7.0,6.0,13.0,21.0,97.0,5,1,1610612753,ORL,Orlando Magic,ORL @ DET,L,29.0,86.0,0.337,14.0,46.0,0.304,20.0,23.0,0.87,8.0,36.0,44.0,25.0,6.0,9.0,13.0,20.0,92.0,-5,1,Regular Season,00,Orlando,28,8,9,3,4,3,1,13,12,13,Detroit,52,11,15,10,1,13,9,13,18644.0,2:18,1
471,22021,1610612754,IND,Indiana Pacers,0022100594,2022-01-08 00:00:00,IND vs. UTA,W,240,44.0,80.0,0.55,14.0,29.0,0.483,23.0,32.0,0.719,5.0,33.0,38.0,30.0,9.0,7.0,10.0,21.0,125.0,12,1,1610612762,UTA,Utah Jazz,UTA @ IND,L,40.0,84.0,0.476,15.0,35.0,0.429,18.0,19.0,0.947,9.0,30.0,39.0,20.0,6.0,3.0,15.0,25.0,113.0,-12,1,Regular Season,00,Utah,42,6,11,6,3,3,1,15,2,16,Indiana,46,10,14,16,0,10,11,14,13160.0,2:13,1
472,22021,1610612761,TOR,Toronto Raptors,0022100599,2022-01-09 00:00:00,TOR vs. NOP,W,240,36.0,85.0,0.424,14.0,34.0,0.412,19.0,20.0,0.95,15.0,31.0,46.0,18.0,8.0,3.0,13.0,20.0,105.0,4,1,1610612740,NOP,New Orleans Pelicans,NOP @ TOR,L,34.0,75.0,0.453,12.0,33.0,0.364,21.0,25.0,0.84,7.0,28.0,35.0,20.0,5.0,5.0,13.0,18.0,101.0,-4,1,Regular Season,00,New Orleans,36,6,14,3,10,7,0,13,10,14,Toronto,36,24,21,11,1,13,4,18,,2:12,1
473,22021,1610612747,LAL,Los Angeles Lakers,0022100606,2022-01-09 00:00:00,LAL vs. MEM,L,240,45.0,97.0,0.464,14.0,33.0,0.424,15.0,19.0,0.789,14.0,27.0,41.0,26.0,6.0,7.0,12.0,25.0,119.0,-8,1,1610612763,MEM,Memphis Grizzlies,MEM @ LAL,W,47.0,86.0,0.547,11.0,30.0,0.367,22.0,32.0,0.688,10.0,37.0,47.0,33.0,10.0,10.0,14.0,22.0,127.0,8,1,Regular Season,00,Memphis,62,17,25,29,5,6,2,14,10,11,Los Angeles,56,18,10,4,0,12,7,19,18288.0,2:13,0
474,22021,1610612757,POR,Portland Trail Blazers,0022100605,2022-01-09 00:00:00,POR vs. SAC,W,240,37.0,88.0,0.42,17.0,40.0,0.425,12.0,15.0,0.8,10.0,38.0,48.0,26.0,6.0,5.0,17.0,23.0,103.0,15,1,1610612758,SAC,Sacramento Kings,SAC @ POR,L,33.0,85.0,0.388,7.0,31.0,0.226,15.0,21.0,0.714,8.0,38.0,46.0,20.0,8.0,5.0,12.0,17.0,88.0,-15,1,Regular Season,00,Portland,34,13,12,20,0,0,1,17,11,10,Sacramento,42,7,14,0,0,12,7,14,16408.0,2:07,1
475,22021,1610612746,LAC,LA Clippers,0022100597,2022-01-09 00:00:00,LAC vs. ATL,W,240,44.0,92.0,0.478,12.0,33.0,0.364,6.0,7.0,0.857,13.0,34.0,47.0,24.0,5.0,4.0,13.0,18.0,106.0,13,1,1610612737,ATL,Atlanta Hawks,ATL @ LAC,L,35.0,78.0,0.449,7.0,26.0,0.269,16.0,19.0,0.842,6.0,33.0,39.0,19.0,6.0,2.0,13.0,14.0,93.0,-13,1,Regular Season,00,LA,50,6,10,19,3,1,1,13,5,9,Atlanta,40,9,16,6,0,13,4,12,14836.0,1:59,1
476,22021,1610612742,DAL,Dallas Mavericks,0022100603,2022-01-09 00:00:00,DAL vs. CHI,W,240,44.0,88.0,0.5,16.0,36.0,0.444,9.0,9.0,1.0,7.0,41.0,48.0,28.0,4.0,2.0,10.0,14.0,113.0,14,1,1610612741,CHI,Chicago Bulls,CHI @ DAL,L,39.0,90.0,0.433,11.0,33.0,0.333,10.0,13.0,0.769,8.0,31.0,39.0,23.0,8.0,3.0,7.0,15.0,99.0,-14,1,Regular Season,00,Chicago,42,12,11,11,14,7,0,7,8,11,Dallas,48,9,13,18,1,10,3,10,20041.0,1:54,1
477,22021,1610612751,BKN,Brooklyn Nets,0022100602,2022-01-09 00:00:00,BKN vs. SAS,W,265,47.0,98.0,0.48,8.0,28.0,0.286,19.0,22.0,0.864,13.0,42.0,55.0,26.0,8.0,8.0,22.0,18.0,121.0,2,1,1610612759,SAS,San Antonio Spurs,SAS @ BKN,L,46.0,107.0,0.43,13.0,32.0,0.406,14.0,18.0,0.778,12.0,32.0,44.0,33.0,12.0,8.0,15.0,19.0,119.0,-2,1,Regular Season,00,San Antonio,60,14,6,7,8,12,0,15,10,10,Brooklyn,64,22,20,14,1,22,10,29,15606.0,2:24,1
478,22021,1610612753,ORL,Orlando Magic,0022100598,2022-01-09 00:00:00,ORL vs. WAS,L,240,38.0,95.0,0.4,9.0,28.0,0.321,15.0,16.0,0.938,9.0,33.0,42.0,18.0,9.0,6.0,8.0,21.0,100.0,-2,1,1610612764,WAS,Washington Wizards,WAS @ ORL,W,36.0,88.0,0.409,11.0,29.0,0.379,19.0,24.0,0.792,12.0,42.0,54.0,23.0,1.0,6.0,13.0,21.0,102.0,2,1,Regular Season,00,Orlando,38,17,13,10,6,5,1,8,10,5,Washington,36,16,9,10,1,13,9,13,13223.0,2:17,0
479,22021,1610612760,OKC,Oklahoma City Thunder,0022100601,2022-01-09 00:00:00,OKC vs. DEN,L,240,38.0,88.0,0.432,9.0,38.0,0.237,10.0,12.0,0.833,11.0,30.0,41.0,29.0,9.0,7.0,9.0,13.0,95.0,-4,1,1610612743,DEN,Denver Nuggets,DEN @ OKC,W,37.0,89.0,0.416,13.0,36.0,0.361,12.0,16.0,0.75,18.0,35.0,53.0,28.0,7.0,2.0,15.0,14.0,99.0,4,1,Regular Season,00,Denver,46,14,7,18,4,5,0,15,9,14,Oklahoma City,52,16,13,5,0,9,5,8,14772.0,2:03,0
480,22021,1610612738,BOS,Boston Celtics,0022100609,2022-01-10 00:00:00,BOS vs. IND,W,265,35.0,88.0,0.398,8.0,28.0,0.286,23.0,28.0,0.821,12.0,41.0,53.0,17.0,10.0,6.0,20.0,19.0,101.0,3,1,1610612754,IND,Indiana Pacers,IND @ BOS,L,36.0,94.0,0.383,11.0,37.0,0.297,15.0,17.0,0.882,10.0,37.0,47.0,22.0,10.0,6.0,20.0,21.0,98.0,-3,1,Regular Season,00,Boston,48,15,15,12,8,7,0,20,6,18,Indiana,36,7,14,4,3,20,12,18,19156.0,2:40,1
481,22021,1610612758,SAC,Sacramento Kings,0022100611,2022-01-10 00:00:00,SAC vs. CLE,L,240,39.0,91.0,0.429,14.0,30.0,0.467,16.0,22.0,0.727,15.0,28.0,43.0,20.0,10.0,3.0,12.0,16.0,108.0,-1,1,1610612739,CLE,Cleveland Cavaliers,CLE @ SAC,W,43.0,87.0,0.494,10.0,34.0,0.294,13.0,15.0,0.867,14.0,34.0,48.0,29.0,6.0,8.0,17.0,18.0,109.0,1,1,Regular Season,00,Cleveland,48,14,8,13,4,4,1,17,4,18,Sacramento,44,16,8,5,2,12,9,16,12110.0,2:09,0
482,22021,1610612757,POR,Portland Trail Blazers,0022100486,2022-01-10 00:00:00,POR vs. BKN,W,240,40.0,86.0,0.465,15.0,38.0,0.395,19.0,26.0,0.731,11.0,36.0,47.0,23.0,8.0,9.0,15.0,17.0,114.0,6,1,1610612751,BKN,Brooklyn Nets,BKN @ POR,L,42.0,91.0,0.462,12.0,32.0,0.375,12.0,15.0,0.8,12.0,30.0,42.0,23.0,9.0,6.0,15.0,22.0,108.0,-6,1,Regular Season,00,Portland,38,14,15,9,16,6,2,15,10,16,Brooklyn,48,17,18,9,0,15,6,14,16379.0,2:14,1
483,22021,1610612766,CHA,Charlotte Hornets,0022100607,2022-01-10 00:00:00,CHA vs. MIL,W,240,38.0,96.0,0.396,13.0,44.0,0.295,14.0,16.0,0.875,13.0,35.0,48.0,23.0,12.0,3.0,14.0,16.0,103.0,4,1,1610612749,MIL,Milwaukee Bucks,MIL @ CHA,L,37.0,84.0,0.44,13.0,43.0,0.302,12.0,16.0,0.75,7.0,41.0,48.0,25.0,7.0,2.0,20.0,17.0,99.0,-4,1,Regular Season,00,Milwaukee,40,16,9,7,20,8,0,20,9,13,Charlotte,44,13,15,15,0,14,6,11,14253.0,2:17,1
484,22021,1610612752,NYK,New York Knicks,0022100610,2022-01-10 00:00:00,NYK vs. SAS,W,240,40.0,82.0,0.488,13.0,32.0,0.406,18.0,24.0,0.75,9.0,40.0,49.0,23.0,7.0,9.0,15.0,22.0,111.0,15,1,1610612759,SAS,San Antonio Spurs,SAS @ NYK,L,39.0,95.0,0.411,8.0,29.0,0.276,10.0,15.0,0.667,13.0,30.0,43.0,19.0,7.0,7.0,10.0,18.0,96.0,-15,1,Regular Season,00,New York,34,8,6,25,4,12,0,15,10,16,San Antonio,48,13,7,8,0,10,7,18,16569.0,2:03,1
485,22021,1610612745,HOU,Houston Rockets,0022100711,2022-01-10 00:00:00,HOU vs. PHI,L,240,30.0,77.0,0.39,13.0,42.0,0.31,18.0,27.0,0.667,7.0,32.0,39.0,18.0,8.0,7.0,21.0,11.0,91.0,-20,1,1610612755,PHI,Philadelphia 76ers,PHI @ HOU,W,43.0,94.0,0.457,10.0,35.0,0.286,15.0,18.0,0.833,14.0,33.0,47.0,23.0,14.0,7.0,15.0,21.0,111.0,20,1,Regular Season,00,Philadelphia,56,21,13,27,1,2,1,15,8,12,Houston,28,6,11,3,1,21,16,29,13593.0,2:07,0
486,22021,1610612765,DET,Detroit Pistons,0022100608,2022-01-10 00:00:00,DET vs. UTA,W,240,48.0,93.0,0.516,19.0,37.0,0.514,11.0,12.0,0.917,9.0,30.0,39.0,30.0,9.0,7.0,12.0,20.0,126.0,10,1,1610612762,UTA,Utah Jazz,UTA @ DET,L,44.0,86.0,0.512,11.0,33.0,0.333,17.0,22.0,0.773,10.0,30.0,40.0,23.0,9.0,4.0,16.0,16.0,116.0,-10,1,Regular Season,00,Detroit,44,13,9,10,5,5,1,12,5,12,Utah,64,14,8,22,0,16,9,27,17834.0,2:07,1
487,22021,1610612761,TOR,Toronto Raptors,0022100613,2022-01-11 00:00:00,TOR vs. PHX,L,240,36.0,89.0,0.404,8.0,37.0,0.216,15.0,25.0,0.6,22.0,25.0,47.0,15.0,11.0,3.0,16.0,20.0,95.0,-4,1,1610612756,PHX,Phoenix Suns,PHX @ TOR,W,35.0,74.0,0.473,11.0,32.0,0.344,18.0,22.0,0.818,10.0,29.0,39.0,25.0,10.0,2.0,20.0,23.0,99.0,4,1,Regular Season,00,Phoenix,34,11,12,6,10,15,0,20,8,18,Toronto,48,16,10,11,2,16,12,17,,2:15,0
488,22021,1610612741,CHI,Chicago Bulls,0022100415,2022-01-11 00:00:00,CHI vs. DET,W,240,50.0,92.0,0.543,18.0,34.0,0.529,15.0,19.0,0.789,14.0,47.0,61.0,33.0,13.0,4.0,18.0,23.0,133.0,46,1,1610612765,DET,Detroit Pistons,DET @ CHI,L,30.0,89.0,0.337,6.0,35.0,0.171,21.0,27.0,0.778,15.0,26.0,41.0,17.0,9.0,7.0,18.0,20.0,87.0,-46,1,Regular Season,00,Chicago,52,16,28,47,8,4,1,18,6,24,Detroit,46,20,15,8,0,18,3,27,19886.0,2:09,1
489,22021,1610612764,WAS,Washington Wizards,0022100612,2022-01-11 00:00:00,WAS vs. OKC,W,240,47.0,87.0,0.54,11.0,33.0,0.333,17.0,23.0,0.739,7.0,35.0,42.0,29.0,3.0,7.0,8.0,15.0,122.0,4,1,1610612760,OKC,Oklahoma City Thunder,OKC @ WAS,L,47.0,98.0,0.48,11.0,39.0,0.282,13.0,15.0,0.867,9.0,32.0,41.0,23.0,5.0,1.0,5.0,20.0,118.0,-4,1,Regular Season,00,Oklahoma City,64,3,2,8,16,15,0,5,8,7,Washington,64,12,9,10,0,8,8,10,13985.0,2:11,1
490,22021,1610612740,NOP,New Orleans Pelicans,0022100615,2022-01-11 00:00:00,NOP vs. MIN,W,240,42.0,76.0,0.553,16.0,33.0,0.485,28.0,37.0,0.757,9.0,29.0,38.0,33.0,6.0,1.0,21.0,26.0,128.0,3,1,1610612750,MIN,Minnesota Timberwolves,MIN @ NOP,L,42.0,86.0,0.488,18.0,39.0,0.462,23.0,31.0,0.742,9.0,23.0,32.0,27.0,11.0,4.0,13.0,24.0,125.0,-3,1,Regular Season,00,Minnesota,44,12,8,3,19,14,0,13,10,14,New Orleans,48,9,28,13,1,21,15,35,15155.0,2:31,1
491,22021,1610612758,SAC,Sacramento Kings,0022100626,2022-01-12 00:00:00,SAC vs. LAL,W,240,49.0,89.0,0.551,11.0,30.0,0.367,16.0,19.0,0.842,8.0,37.0,45.0,28.0,8.0,7.0,13.0,20.0,125.0,9,1,1610612747,LAL,Los Angeles Lakers,LAL @ SAC,L,42.0,98.0,0.429,16.0,47.0,0.34,16.0,24.0,0.667,15.0,30.0,45.0,25.0,6.0,3.0,9.0,19.0,116.0,-9,1,Regular Season,00,Los Angeles,42,22,15,14,7,8,0,9,9,17,Sacramento,70,12,23,13,1,13,8,20,12199.0,2:13,1
492,22021,1610612764,WAS,Washington Wizards,0022100620,2022-01-12 00:00:00,WAS vs. ORL,W,240,43.0,82.0,0.524,10.0,31.0,0.323,16.0,21.0,0.762,6.0,36.0,42.0,26.0,6.0,4.0,10.0,14.0,112.0,6,1,1610612753,ORL,Orlando Magic,ORL @ WAS,L,41.0,99.0,0.414,11.0,35.0,0.314,13.0,16.0,0.813,18.0,31.0,49.0,31.0,6.0,6.0,9.0,16.0,106.0,-6,1,Regular Season,00,Washington,58,11,10,20,0,0,0,10,4,9,Orlando,50,18,2,0,0,9,10,15,13138.0,2:05,1
493,22021,1610612752,NYK,New York Knicks,0022100622,2022-01-12 00:00:00,NYK vs. DAL,W,240,42.0,90.0,0.467,12.0,27.0,0.444,12.0,15.0,0.8,11.0,43.0,54.0,24.0,5.0,4.0,9.0,21.0,108.0,23,1,1610612742,DAL,Dallas Mavericks,DAL @ NYK,L,32.0,78.0,0.41,8.0,37.0,0.216,13.0,19.0,0.684,5.0,34.0,39.0,16.0,6.0,2.0,13.0,18.0,85.0,-23,1,Regular Season,00,New York,50,11,8,25,2,0,0,9,6,11,Dallas,38,10,9,1,0,13,4,11,18215.0,2:09,1
494,22021,1610612762,UTA,Utah Jazz,0022100624,2022-01-12 00:00:00,UTA vs. CLE,L,240,34.0,85.0,0.4,16.0,47.0,0.34,7.0,11.0,0.636,4.0,28.0,32.0,11.0,7.0,2.0,7.0,16.0,91.0,-20,1,1610612739,CLE,Cleveland Cavaliers,CLE @ UTA,W,43.0,81.0,0.531,11.0,30.0,0.367,14.0,17.0,0.824,7.0,43.0,50.0,28.0,6.0,3.0,15.0,17.0,111.0,20,1,Regular Season,00,Utah,36,2,5,0,0,2,0,7,5,4,Cleveland,60,8,12,25,2,15,9,15,18306.0,2:03,0
495,22021,1610612741,CHI,Chicago Bulls,0022100625,2022-01-12 00:00:00,CHI vs. BKN,L,240,38.0,81.0,0.469,11.0,30.0,0.367,25.0,31.0,0.806,10.0,25.0,35.0,22.0,5.0,6.0,17.0,20.0,112.0,-26,1,1610612751,BKN,Brooklyn Nets,BKN @ CHI,W,49.0,87.0,0.563,17.0,32.0,0.531,23.0,28.0,0.821,7.0,34.0,41.0,35.0,11.0,4.0,10.0,21.0,138.0,26,1,Regular Season,00,Chicago,42,7,9,5,5,5,0,17,9,28,Brooklyn,48,14,19,38,1,10,7,12,21698.0,2:15,0
496,22021,1610612755,PHI,Philadelphia 76ers,0022100619,2022-01-12 00:00:00,PHI vs. CHA,L,240,34.0,73.0,0.466,12.0,30.0,0.4,18.0,28.0,0.643,3.0,30.0,33.0,18.0,3.0,3.0,17.0,13.0,98.0,-11,1,1610612766,CHA,Charlotte Hornets,CHA @ PHI,W,46.0,89.0,0.517,10.0,34.0,0.294,7.0,8.0,0.875,7.0,35.0,42.0,29.0,9.0,3.0,12.0,21.0,109.0,11,1,Regular Season,00,Charlotte,56,7,25,20,10,3,2,12,2,12,Philadelphia,34,10,14,3,1,17,16,23,20317.0,2:10,0
497,22021,1610612737,ATL,Atlanta Hawks,0022100621,2022-01-12 00:00:00,ATL vs. MIA,L,240,31.0,82.0,0.378,13.0,45.0,0.289,16.0,23.0,0.696,6.0,31.0,37.0,20.0,8.0,3.0,14.0,15.0,91.0,-24,1,1610612748,MIA,Miami Heat,MIA @ ATL,W,43.0,90.0,0.478,16.0,45.0,0.356,13.0,14.0,0.929,10.0,44.0,54.0,28.0,7.0,4.0,15.0,20.0,115.0,24,1,Regular Season,00,Atlanta,32,10,17,11,7,4,0,14,10,13,Miami,46,15,13,24,1,15,5,19,15355.0,2:07,0
498,22021,1610612743,DEN,Denver Nuggets,0022100631,2022-01-13 00:00:00,DEN vs. POR,W,240,52.0,83.0,0.627,21.0,42.0,0.5,15.0,20.0,0.75,6.0,34.0,40.0,35.0,7.0,3.0,16.0,25.0,140.0,32,1,1610612757,POR,Portland Trail Blazers,POR @ DEN,L,39.0,86.0,0.453,13.0,40.0,0.325,17.0,28.0,0.607,11.0,23.0,34.0,28.0,11.0,5.0,15.0,18.0,108.0,-32,1,Regular Season,00,Denver,58,11,12,37,3,7,1,16,10,17,Portland,46,8,19,3,0,15,10,23,14972.0,2:18,1
499,22021,1610612763,MEM,Memphis Grizzlies,0022100628,2022-01-13 00:00:00,MEM vs. MIN,W,240,42.0,92.0,0.457,8.0,32.0,0.25,24.0,35.0,0.686,16.0,40.0,56.0,22.0,10.0,7.0,14.0,15.0,116.0,8,1,1610612750,MIN,Minnesota Timberwolves,MIN @ MEM,L,41.0,96.0,0.427,15.0,48.0,0.313,11.0,14.0,0.786,12.0,34.0,46.0,23.0,4.0,8.0,18.0,26.0,108.0,-8,1,Regular Season,00,Minnesota,38,19,8,9,9,8,3,18,8,23,Memphis,66,22,22,10,1,14,9,9,15881.0,2:24,1
500,22021,1610612751,BKN,Brooklyn Nets,0022100630,2022-01-13 00:00:00,BKN vs. OKC,L,240,41.0,98.0,0.418,7.0,32.0,0.219,20.0,22.0,0.909,21.0,29.0,50.0,16.0,7.0,11.0,12.0,19.0,109.0,-21,1,1610612760,OKC,Oklahoma City Thunder,OKC @ BKN,W,47.0,91.0,0.516,20.0,45.0,0.444,16.0,18.0,0.889,9.0,29.0,38.0,32.0,8.0,7.0,11.0,19.0,130.0,21,1,Regular Season,00,Brooklyn,56,30,13,5,1,2,0,12,6,21,Oklahoma City,48,14,16,23,1,11,11,9,16964.0,2:09,0
501,22021,1610612740,NOP,New Orleans Pelicans,0022100629,2022-01-13 00:00:00,NOP vs. LAC,W,240,43.0,97.0,0.443,14.0,39.0,0.359,13.0,16.0,0.813,13.0,44.0,57.0,23.0,8.0,4.0,6.0,18.0,113.0,24,1,1610612746,LAC,LA Clippers,LAC @ NOP,L,31.0,81.0,0.383,10.0,34.0,0.294,17.0,20.0,0.85,5.0,41.0,46.0,19.0,2.0,7.0,15.0,16.0,89.0,-24,1,Regular Season,00,LA,28,5,10,0,0,1,0,15,6,23,New Orleans,50,5,16,28,0,6,1,4,15406.0,2:04,1
502,22021,1610612765,DET,Detroit Pistons,0022100633,2022-01-14 00:00:00,DET vs. TOR,W,240,38.0,81.0,0.469,8.0,27.0,0.296,19.0,23.0,0.826,9.0,34.0,43.0,22.0,7.0,6.0,8.0,25.0,103.0,16,1,1610612761,TOR,Toronto Raptors,TOR @ DET,L,28.0,87.0,0.322,11.0,38.0,0.289,20.0,26.0,0.769,16.0,30.0,46.0,18.0,5.0,4.0,11.0,24.0,87.0,-16,1,Regular Season,00,Detroit,52,14,8,21,0,1,0,8,10,10,Toronto,34,17,5,0,0,11,13,17,18011.0,2:22,1
503,22021,1610612759,SAS,San Antonio Spurs,0022100638,2022-01-14 00:00:00,SAS vs. CLE,L,240,42.0,92.0,0.457,15.0,34.0,0.441,10.0,13.0,0.769,10.0,37.0,47.0,22.0,6.0,5.0,15.0,24.0,109.0,-5,1,1610612739,CLE,Cleveland Cavaliers,CLE @ SAS,W,46.0,95.0,0.484,8.0,20.0,0.4,14.0,24.0,0.583,12.0,34.0,46.0,24.0,7.0,3.0,9.0,13.0,114.0,5,1,Regular Season,00,San Antonio,40,14,20,5,8,8,0,15,11,18,Cleveland,60,17,5,11,0,9,8,9,12160.0,2:11,0
504,22021,1610612763,MEM,Memphis Grizzlies,0022100639,2022-01-14 00:00:00,MEM vs. DAL,L,240,34.0,89.0,0.382,7.0,31.0,0.226,10.0,13.0,0.769,10.0,31.0,41.0,19.0,8.0,6.0,15.0,16.0,85.0,-27,1,1610612742,DAL,Dallas Mavericks,DAL @ MEM,W,47.0,91.0,0.516,8.0,32.0,0.25,10.0,16.0,0.625,8.0,44.0,52.0,30.0,8.0,1.0,15.0,19.0,112.0,27,1,Regular Season,00,Memphis,50,13,11,9,5,4,1,15,4,19,Dallas,72,5,23,31,2,15,11,16,16712.0,2:09,0
505,22021,1610612755,PHI,Philadelphia 76ers,0022100635,2022-01-14 00:00:00,PHI vs. BOS,W,240,38.0,85.0,0.447,14.0,41.0,0.341,21.0,25.0,0.84,7.0,33.0,40.0,26.0,12.0,4.0,10.0,19.0,111.0,12,1,1610612738,BOS,Boston Celtics,BOS @ PHI,L,37.0,78.0,0.474,11.0,31.0,0.355,14.0,18.0,0.778,7.0,37.0,44.0,20.0,4.0,4.0,20.0,21.0,99.0,-12,1,Regular Season,00,Boston,42,10,16,6,1,0,0,20,5,28,Philadelphia,38,12,18,22,1,10,7,16,20444.0,2:12,1
506,22021,1610612754,IND,Indiana Pacers,0022100634,2022-01-14 00:00:00,IND vs. PHX,L,240,34.0,88.0,0.386,13.0,43.0,0.302,13.0,18.0,0.722,9.0,33.0,42.0,20.0,9.0,7.0,12.0,20.0,94.0,-18,1,1610612756,PHX,Phoenix Suns,PHX @ IND,W,40.0,88.0,0.455,11.0,28.0,0.393,21.0,23.0,0.913,12.0,39.0,51.0,24.0,8.0,6.0,15.0,18.0,112.0,18,1,Regular Season,00,Phoenix,42,10,11,19,2,10,1,15,7,16,Indiana,38,9,9,3,0,12,9,19,14019.0,2:13,0
507,22021,1610612758,SAC,Sacramento Kings,0022100640,2022-01-14 00:00:00,SAC vs. HOU,W,240,48.0,96.0,0.5,13.0,37.0,0.351,17.0,24.0,0.708,13.0,40.0,53.0,33.0,8.0,7.0,14.0,23.0,126.0,12,1,1610612745,HOU,Houston Rockets,HOU @ SAC,L,44.0,101.0,0.436,13.0,43.0,0.302,13.0,16.0,0.813,13.0,37.0,50.0,25.0,7.0,4.0,17.0,19.0,114.0,-12,1,Regular Season,00,Sacramento,60,20,22,19,8,4,0,14,7,22,Houston,58,17,20,11,1,17,5,24,12857.0,2:14,1
508,22021,1610612766,CHA,Charlotte Hornets,0022100632,2022-01-14 00:00:00,CHA vs. ORL,L,240,40.0,97.0,0.412,12.0,42.0,0.286,17.0,21.0,0.81,11.0,33.0,44.0,28.0,9.0,5.0,17.0,20.0,109.0,-7,1,1610612753,ORL,Orlando Magic,ORL @ CHA,W,45.0,87.0,0.517,15.0,45.0,0.333,11.0,15.0,0.733,4.0,39.0,43.0,32.0,9.0,4.0,20.0,18.0,116.0,7,1,Regular Season,00,Charlotte,52,8,22,8,22,10,1,17,11,27,Orlando,60,12,11,13,1,20,9,25,16011.0,2:15,0
509,22021,1610612764,WAS,Washington Wizards,0022100642,2022-01-15 00:00:00,WAS vs. POR,L,240,39.0,90.0,0.433,12.0,37.0,0.324,20.0,23.0,0.87,10.0,33.0,43.0,20.0,4.0,3.0,20.0,26.0,110.0,-5,1,1610612757,POR,Portland Trail Blazers,POR @ WAS,W,39.0,85.0,0.459,13.0,39.0,0.333,24.0,35.0,0.686,8.0,31.0,39.0,19.0,13.0,2.0,13.0,25.0,115.0,5,1,Regular Season,00,Washington,44,15,4,2,7,4,0,20,15,21,Portland,46,7,5,18,1,13,14,14,15124.0,2:20,0
510,22021,1610612749,MIL,Milwaukee Bucks,0022100641,2022-01-15 00:00:00,MIL vs. TOR,L,240,26.0,77.0,0.338,12.0,39.0,0.308,32.0,35.0,0.914,9.0,32.0,41.0,19.0,8.0,8.0,13.0,23.0,96.0,-7,1,1610612761,TOR,Toronto Raptors,TOR @ MIL,W,40.0,91.0,0.44,12.0,35.0,0.343,11.0,20.0,0.55,16.0,34.0,50.0,25.0,7.0,8.0,15.0,25.0,103.0,7,1,Regular Season,00,Milwaukee,24,6,7,15,1,6,0,13,8,15,Toronto,44,20,5,8,1,15,15,9,17341.0,2:22,0
511,22021,1610612751,BKN,Brooklyn Nets,0022100644,2022-01-15 00:00:00,BKN vs. NOP,W,240,46.0,84.0,0.548,12.0,27.0,0.444,16.0,17.0,0.941,9.0,35.0,44.0,30.0,5.0,5.0,16.0,21.0,120.0,15,1,1610612740,NOP,New Orleans Pelicans,NOP @ BKN,L,40.0,87.0,0.46,9.0,31.0,0.29,16.0,24.0,0.667,12.0,23.0,35.0,27.0,9.0,3.0,12.0,18.0,105.0,-15,1,Regular Season,00,Brooklyn,46,15,14,30,0,1,2,16,5,11,New Orleans,54,14,21,0,1,12,10,10,17034.0,2:10,1
512,22021,1610612748,MIA,Miami Heat,0022100645,2022-01-15 00:00:00,MIA vs. PHI,L,240,33.0,86.0,0.384,9.0,35.0,0.257,23.0,30.0,0.767,12.0,31.0,43.0,24.0,10.0,4.0,10.0,18.0,98.0,-11,1,1610612755,PHI,Philadelphia 76ers,PHI @ MIA,W,40.0,79.0,0.506,13.0,32.0,0.406,16.0,21.0,0.762,6.0,37.0,43.0,24.0,5.0,5.0,15.0,22.0,109.0,11,1,Regular Season,00,Philadelphia,34,12,14,14,6,5,0,15,10,15,Miami,44,18,10,13,0,10,8,7,19600.0,2:14,0
513,22021,1610612737,ATL,Atlanta Hawks,0022100643,2022-01-15 00:00:00,ATL vs. NYK,L,240,40.0,80.0,0.5,16.0,44.0,0.364,12.0,17.0,0.706,4.0,27.0,31.0,23.0,5.0,5.0,9.0,20.0,108.0,-9,1,1610612752,NYK,New York Knicks,NYK @ ATL,W,42.0,83.0,0.506,13.0,31.0,0.419,20.0,26.0,0.769,11.0,33.0,44.0,24.0,2.0,0.0,11.0,20.0,117.0,9,1,Regular Season,00,Atlanta,36,10,11,4,14,9,0,9,9,18,New York,46,12,6,17,3,11,8,13,16414.0,2:12,0
514,22021,1610612743,DEN,Denver Nuggets,0022100649,2022-01-15 00:00:00,DEN vs. LAL,W,240,47.0,91.0,0.516,23.0,40.0,0.575,16.0,17.0,0.941,9.0,42.0,51.0,35.0,9.0,2.0,6.0,17.0,133.0,37,1,1610612747,LAL,Los Angeles Lakers,LAL @ DEN,L,36.0,82.0,0.439,10.0,30.0,0.333,14.0,19.0,0.737,8.0,33.0,41.0,21.0,4.0,3.0,11.0,15.0,96.0,-37,1,Regular Season,00,Los Angeles,50,7,9,3,4,6,1,11,1,12,Denver,44,15,23,42,0,6,3,7,19520.0,2:02,1
515,22021,1610612742,DAL,Dallas Mavericks,0022100650,2022-01-15 00:00:00,DAL vs. ORL,W,240,32.0,78.0,0.41,12.0,34.0,0.353,32.0,38.0,0.842,12.0,35.0,47.0,16.0,6.0,3.0,10.0,18.0,108.0,16,1,1610612753,ORL,Orlando Magic,ORL @ DAL,L,37.0,77.0,0.481,7.0,26.0,0.269,11.0,16.0,0.688,5.0,32.0,37.0,16.0,7.0,3.0,17.0,26.0,92.0,-16,1,Regular Season,00,Orlando,60,8,12,0,0,0,2,17,7,21,Dallas,32,10,5,23,1,10,6,16,19816.0,2:15,1
516,22021,1610612765,DET,Detroit Pistons,0022100617,2022-01-16 00:00:00,DET vs. PHX,L,240,38.0,82.0,0.463,9.0,25.0,0.36,23.0,34.0,0.676,5.0,27.0,32.0,25.0,6.0,2.0,11.0,20.0,108.0,-27,1,1610612756,PHX,Phoenix Suns,PHX @ DET,W,51.0,87.0,0.586,11.0,27.0,0.407,22.0,30.0,0.733,11.0,40.0,51.0,30.0,4.0,7.0,15.0,26.0,135.0,27,1,Regular Season,00,Detroit,46,7,8,4,3,4,2,11,8,8,Phoenix,50,11,8,28,1,15,8,16,18178.0,2:19,0
517,22021,1610612743,DEN,Denver Nuggets,0022100653,2022-01-16 00:00:00,DEN vs. UTA,L,240,42.0,95.0,0.442,11.0,43.0,0.256,7.0,8.0,0.875,6.0,33.0,39.0,32.0,5.0,2.0,9.0,22.0,102.0,-23,1,1610612762,UTA,Utah Jazz,UTA @ DEN,W,44.0,84.0,0.524,15.0,39.0,0.385,22.0,29.0,0.759,9.0,42.0,51.0,26.0,8.0,5.0,9.0,16.0,125.0,23,1,Regular Season,00,Utah,54,15,15,25,5,4,0,9,8,10,Denver,52,9,14,8,0,9,3,13,15647.0,2:05,0
518,22021,1610612742,DAL,Dallas Mavericks,0022100663,2022-01-17 00:00:00,DAL vs. OKC,W,240,35.0,88.0,0.398,12.0,37.0,0.324,22.0,28.0,0.786,11.0,36.0,47.0,28.0,10.0,7.0,11.0,19.0,104.0,2,1,1610612760,OKC,Oklahoma City Thunder,OKC @ DAL,L,36.0,83.0,0.434,11.0,35.0,0.314,19.0,24.0,0.792,5.0,37.0,42.0,20.0,10.0,2.0,13.0,23.0,102.0,-2,1,Regular Season,00,Oklahoma City,42,10,15,0,0,0,0,13,9,8,Dallas,40,16,10,22,0,11,13,16,19266.0,2:13,1
519,22021,1610612763,MEM,Memphis Grizzlies,0022100658,2022-01-17 00:00:00,MEM vs. CHI,W,240,47.0,92.0,0.511,10.0,25.0,0.4,15.0,20.0,0.75,10.0,38.0,48.0,29.0,14.0,7.0,18.0,13.0,119.0,13,1,1610612741,CHI,Chicago Bulls,CHI @ MEM,L,40.0,92.0,0.435,13.0,31.0,0.419,13.0,15.0,0.867,9.0,34.0,43.0,24.0,10.0,7.0,18.0,15.0,106.0,-13,1,Regular Season,00,Chicago,38,12,9,5,5,6,0,18,7,21,Memphis,64,12,26,28,1,18,6,12,17794.0,2:15,1
520,22021,1610612739,CLE,Cleveland Cavaliers,0022100657,2022-01-17 00:00:00,CLE vs. BKN,W,240,42.0,81.0,0.519,11.0,32.0,0.344,19.0,21.0,0.905,8.0,32.0,40.0,26.0,7.0,3.0,16.0,14.0,114.0,7,1,1610612751,BKN,Brooklyn Nets,BKN @ CLE,L,41.0,83.0,0.494,12.0,30.0,0.4,13.0,18.0,0.722,8.0,27.0,35.0,27.0,11.0,4.0,14.0,22.0,107.0,-7,1,Regular Season,00,Cleveland,54,13,11,9,16,8,1,16,6,13,Brooklyn,34,11,13,8,0,14,7,19,18105.0,2:10,1
521,22021,1610612752,NYK,New York Knicks,0022100655,2022-01-17 00:00:00,NYK vs. CHA,L,240,32.0,80.0,0.4,12.0,34.0,0.353,11.0,21.0,0.524,14.0,39.0,53.0,22.0,7.0,4.0,15.0,19.0,87.0,-10,1,1610612766,CHA,Charlotte Hornets,CHA @ NYK,W,36.0,86.0,0.419,14.0,39.0,0.359,11.0,17.0,0.647,6.0,33.0,39.0,23.0,6.0,2.0,7.0,14.0,97.0,10,1,Regular Season,00,New York,32,13,6,1,2,0,0,15,12,14,Charlotte,38,12,7,23,0,7,10,7,19812.0,2:00,0
522,22021,1610612737,ATL,Atlanta Hawks,0022100660,2022-01-17 00:00:00,ATL vs. MIL,W,240,38.0,86.0,0.442,15.0,36.0,0.417,30.0,32.0,0.938,10.0,36.0,46.0,25.0,7.0,8.0,13.0,18.0,121.0,7,1,1610612749,MIL,Milwaukee Bucks,MIL @ ATL,L,39.0,88.0,0.443,16.0,38.0,0.421,20.0,24.0,0.833,9.0,33.0,42.0,21.0,8.0,4.0,13.0,28.0,114.0,-7,1,Regular Season,00,Milwaukee,36,9,13,14,3,1,0,13,4,19,Atlanta,34,10,4,8,0,13,11,15,16903.0,2:30,1
523,22021,1610612764,WAS,Washington Wizards,0022100656,2022-01-17 00:00:00,WAS vs. PHI,W,240,42.0,87.0,0.483,9.0,30.0,0.3,24.0,32.0,0.75,9.0,40.0,49.0,25.0,7.0,6.0,12.0,18.0,117.0,19,1,1610612755,PHI,Philadelphia 76ers,PHI @ WAS,L,35.0,86.0,0.407,7.0,26.0,0.269,21.0,25.0,0.84,10.0,32.0,42.0,19.0,9.0,3.0,12.0,26.0,98.0,-19,1,Regular Season,00,Washington,50,16,4,25,1,1,0,12,13,11,Philadelphia,44,6,6,2,0,12,4,18,14581.0,2:10,1
524,22021,1610612746,LAC,LA Clippers,0022100659,2022-01-17 00:00:00,LAC vs. IND,W,240,45.0,82.0,0.549,18.0,36.0,0.5,31.0,36.0,0.861,8.0,29.0,37.0,32.0,7.0,7.0,13.0,18.0,139.0,6,1,1610612754,IND,Indiana Pacers,IND @ LAC,L,50.0,97.0,0.515,13.0,33.0,0.394,20.0,23.0,0.87,15.0,26.0,41.0,30.0,8.0,4.0,12.0,23.0,133.0,-6,1,Regular Season,00,LA,42,7,15,19,0,0,2,13,7,21,Indiana,64,26,15,0,0,12,7,23,15080.0,2:20,1
525,22021,1610612747,LAL,Los Angeles Lakers,0022100665,2022-01-17 00:00:00,LAL vs. UTA,W,240,38.0,86.0,0.442,11.0,37.0,0.297,14.0,23.0,0.609,10.0,35.0,45.0,15.0,7.0,5.0,13.0,19.0,101.0,6,1,1610612762,UTA,Utah Jazz,UTA @ LAL,L,31.0,83.0,0.373,12.0,46.0,0.261,21.0,24.0,0.875,8.0,36.0,44.0,21.0,6.0,6.0,16.0,21.0,95.0,-6,1,Regular Season,00,Los Angeles,44,7,19,11,14,9,1,13,10,13,Utah,36,6,8,10,1,16,13,13,17238.0,2:23,1
526,22021,1610612759,SAS,San Antonio Spurs,0022100664,2022-01-17 00:00:00,SAS vs. PHX,L,240,41.0,92.0,0.446,9.0,30.0,0.3,16.0,22.0,0.727,13.0,34.0,47.0,21.0,3.0,2.0,12.0,16.0,107.0,-14,1,1610612756,PHX,Phoenix Suns,PHX @ SAS,W,49.0,95.0,0.516,9.0,32.0,0.281,14.0,20.0,0.7,12.0,33.0,45.0,29.0,9.0,5.0,5.0,18.0,121.0,14,1,Regular Season,00,San Antonio,44,21,3,12,18,9,0,12,10,23,Phoenix,52,12,17,15,0,5,7,4,10422.0,2:02,0
527,22021,1610612753,ORL,Orlando Magic,0022100661,2022-01-17 00:00:00,ORL vs. POR,L,240,34.0,90.0,0.378,8.0,32.0,0.25,12.0,20.0,0.6,10.0,40.0,50.0,21.0,9.0,7.0,16.0,15.0,88.0,-10,1,1610612757,POR,Portland Trail Blazers,POR @ ORL,W,37.0,90.0,0.411,7.0,34.0,0.206,17.0,18.0,0.944,11.0,44.0,55.0,20.0,9.0,8.0,17.0,17.0,98.0,10,1,Regular Season,00,Portland,54,13,12,24,1,3,0,17,3,7,Orlando,44,10,11,2,0,16,10,24,13648.0,2:10,0
528,22021,1610612752,NYK,New York Knicks,0022100666,2022-01-18 00:00:00,NYK vs. MIN,L,240,37.0,80.0,0.463,12.0,38.0,0.316,24.0,33.0,0.727,11.0,33.0,44.0,21.0,6.0,7.0,18.0,30.0,110.0,-2,1,1610612750,MIN,Minnesota Timberwolves,MIN @ NYK,W,35.0,81.0,0.432,13.0,41.0,0.317,29.0,38.0,0.763,8.0,30.0,38.0,21.0,10.0,6.0,13.0,25.0,112.0,2,1,Regular Season,00,New York,36,19,7,9,14,6,0,18,13,15,Minnesota,38,16,12,12,1,13,12,18,16071.0,2:34,0
529,22021,1610612748,MIA,Miami Heat,0022100672,2022-01-19 00:00:00,MIA vs. POR,W,240,37.0,80.0,0.463,12.0,35.0,0.343,18.0,25.0,0.72,9.0,34.0,43.0,24.0,12.0,6.0,16.0,15.0,104.0,12,1,1610612757,POR,Portland Trail Blazers,POR @ MIA,L,33.0,81.0,0.407,14.0,46.0,0.304,12.0,16.0,0.75,10.0,33.0,43.0,19.0,7.0,6.0,18.0,22.0,92.0,-12,1,Regular Season,00,Miami,38,12,11,14,15,6,2,16,8,10,Portland,28,11,8,8,2,18,8,13,19600.0,2:13,1
530,22021,1610612747,LAL,Los Angeles Lakers,0022100680,2022-01-19 00:00:00,LAL vs. IND,L,240,40.0,90.0,0.444,11.0,34.0,0.324,13.0,18.0,0.722,12.0,28.0,40.0,23.0,4.0,7.0,11.0,18.0,104.0,-7,1,1610612754,IND,Indiana Pacers,IND @ LAL,W,44.0,90.0,0.489,11.0,30.0,0.367,12.0,15.0,0.8,14.0,34.0,48.0,28.0,6.0,8.0,13.0,22.0,111.0,7,1,Regular Season,00,Los Angeles,46,22,11,15,5,4,0,11,12,8,Indiana,62,13,13,11,1,13,4,10,17818.0,2:13,0
531,22021,1610612743,DEN,Denver Nuggets,0022100678,2022-01-19 00:00:00,DEN vs. LAC,W,265,48.0,98.0,0.49,13.0,38.0,0.342,21.0,25.0,0.84,13.0,31.0,44.0,32.0,9.0,3.0,12.0,15.0,130.0,2,1,1610612746,LAC,LA Clippers,LAC @ DEN,L,52.0,97.0,0.536,15.0,39.0,0.385,9.0,12.0,0.75,12.0,35.0,47.0,35.0,6.0,3.0,14.0,24.0,128.0,-2,1,Regular Season,00,Denver,64,23,24,9,16,10,0,12,6,16,LA,64,23,11,15,2,14,5,16,14547.0,2:36,1
532,22021,1610612764,WAS,Washington Wizards,0022100669,2022-01-19 00:00:00,WAS vs. BKN,L,240,41.0,86.0,0.477,10.0,29.0,0.345,26.0,32.0,0.813,13.0,27.0,40.0,23.0,6.0,8.0,13.0,19.0,118.0,-1,1,1610612751,BKN,Brooklyn Nets,BKN @ WAS,W,47.0,89.0,0.528,8.0,25.0,0.32,17.0,20.0,0.85,7.0,29.0,36.0,23.0,5.0,4.0,15.0,25.0,119.0,1,1,Regular Season,00,Brooklyn,54,13,0,16,2,1,3,15,12,24,Washington,56,21,4,1,1,13,8,19,15380.0,2:19,0
533,22021,1610612755,PHI,Philadelphia 76ers,0022100668,2022-01-19 00:00:00,PHI vs. ORL,W,240,45.0,83.0,0.542,10.0,28.0,0.357,23.0,27.0,0.852,6.0,38.0,44.0,21.0,7.0,8.0,10.0,15.0,123.0,13,1,1610612753,ORL,Orlando Magic,ORL @ PHI,L,40.0,90.0,0.444,18.0,35.0,0.514,12.0,16.0,0.75,9.0,34.0,43.0,26.0,4.0,4.0,11.0,19.0,110.0,-13,1,Regular Season,00,Philadelphia,50,3,13,27,15,5,1,10,2,6,Orlando,34,7,8,10,0,11,7,12,20081.0,2:07,1
534,22021,1610612742,DAL,Dallas Mavericks,0022100675,2022-01-19 00:00:00,DAL vs. TOR,W,240,37.0,76.0,0.487,9.0,33.0,0.273,19.0,20.0,0.95,10.0,35.0,45.0,23.0,5.0,0.0,18.0,20.0,102.0,4,1,1610612761,TOR,Toronto Raptors,TOR @ DAL,L,35.0,91.0,0.385,8.0,32.0,0.25,20.0,25.0,0.8,16.0,28.0,44.0,17.0,11.0,1.0,12.0,21.0,98.0,-4,1,Regular Season,00,Toronto,48,21,8,8,22,7,0,12,9,8,Dallas,50,10,8,10,2,18,3,12,19218.0,2:19,1
535,22021,1610612759,SAS,San Antonio Spurs,0022100676,2022-01-19 00:00:00,SAS vs. OKC,W,240,47.0,96.0,0.49,15.0,40.0,0.375,9.0,14.0,0.643,11.0,39.0,50.0,32.0,9.0,13.0,9.0,17.0,118.0,22,1,1610612760,OKC,Oklahoma City Thunder,OKC @ SAS,L,38.0,98.0,0.388,8.0,31.0,0.258,12.0,15.0,0.8,14.0,32.0,46.0,20.0,5.0,2.0,15.0,14.0,96.0,-22,1,Regular Season,00,San Antonio,54,19,19,34,2,4,0,9,7,12,Oklahoma City,58,14,10,2,1,15,14,17,11848.0,2:06,1
536,22021,1610612749,MIL,Milwaukee Bucks,0022100674,2022-01-19 00:00:00,MIL vs. MEM,W,240,46.0,97.0,0.474,13.0,37.0,0.351,21.0,22.0,0.955,13.0,43.0,56.0,29.0,7.0,6.0,15.0,21.0,126.0,12,1,1610612763,MEM,Memphis Grizzlies,MEM @ MIL,L,44.0,106.0,0.415,9.0,40.0,0.225,17.0,25.0,0.68,16.0,31.0,47.0,26.0,10.0,8.0,10.0,20.0,114.0,-12,1,Regular Season,00,Memphis,66,11,18,8,6,2,1,10,13,10,Milwaukee,58,16,18,18,0,15,6,17,17341.0,2:22,1
537,22021,1610612738,BOS,Boston Celtics,0022100671,2022-01-19 00:00:00,BOS vs. CHA,L,240,39.0,90.0,0.433,14.0,46.0,0.304,10.0,13.0,0.769,8.0,30.0,38.0,27.0,8.0,3.0,14.0,20.0,102.0,-9,1,1610612766,CHA,Charlotte Hornets,CHA @ BOS,W,42.0,86.0,0.488,16.0,39.0,0.41,11.0,15.0,0.733,11.0,36.0,47.0,27.0,6.0,6.0,17.0,17.0,111.0,9,1,Regular Season,00,Charlotte,38,18,9,14,11,7,2,17,10,20,Boston,40,9,5,6,0,14,7,10,19156.0,2:18,0
538,22021,1610612741,CHI,Chicago Bulls,0022100673,2022-01-19 00:00:00,CHI vs. CLE,W,240,47.0,86.0,0.547,10.0,22.0,0.455,13.0,18.0,0.722,7.0,30.0,37.0,25.0,7.0,4.0,10.0,18.0,117.0,13,1,1610612739,CLE,Cleveland Cavaliers,CLE @ CHI,L,40.0,77.0,0.519,9.0,27.0,0.333,15.0,22.0,0.682,9.0,29.0,38.0,27.0,7.0,4.0,15.0,15.0,104.0,-13,1,Regular Season,00,Cleveland,48,11,11,7,11,5,1,15,9,24,Chicago,58,6,12,13,1,10,4,8,20824.0,2:07,1
539,22021,1610612737,ATL,Atlanta Hawks,0022100670,2022-01-19 00:00:00,ATL vs. MIN,W,240,45.0,86.0,0.523,15.0,38.0,0.395,29.0,33.0,0.879,8.0,31.0,39.0,34.0,7.0,9.0,12.0,23.0,134.0,12,1,1610612750,MIN,Minnesota Timberwolves,MIN @ ATL,L,42.0,97.0,0.433,17.0,46.0,0.37,21.0,29.0,0.724,16.0,29.0,45.0,21.0,10.0,3.0,13.0,24.0,122.0,-12,1,Regular Season,00,Minnesota,42,22,18,16,1,0,0,13,15,21,Atlanta,56,6,12,19,1,12,9,14,15199.0,2:27,1
540,22021,1610612742,DAL,Dallas Mavericks,0022100682,2022-01-20 00:00:00,DAL vs. PHX,L,240,37.0,85.0,0.435,11.0,37.0,0.297,16.0,20.0,0.8,10.0,40.0,50.0,19.0,1.0,3.0,19.0,22.0,101.0,-8,1,1610612756,PHX,Phoenix Suns,PHX @ DAL,W,39.0,86.0,0.453,8.0,36.0,0.222,23.0,25.0,0.92,5.0,35.0,40.0,25.0,13.0,1.0,7.0,21.0,109.0,8,1,Regular Season,00,Phoenix,48,7,20,8,14,7,0,7,6,7,Dallas,42,12,6,12,0,19,5,31,19584.0,2:21,0
541,22021,1610612762,UTA,Utah Jazz,0022100693,2022-01-21 00:00:00,UTA vs. DET,W,240,36.0,79.0,0.456,10.0,31.0,0.323,29.0,34.0,0.853,7.0,37.0,44.0,22.0,3.0,7.0,11.0,21.0,111.0,10,1,1610612765,DET,Detroit Pistons,DET @ UTA,L,38.0,87.0,0.437,13.0,32.0,0.406,12.0,16.0,0.75,9.0,31.0,40.0,22.0,6.0,4.0,11.0,24.0,101.0,-10,1,Regular Season,00,Utah,50,14,5,10,12,8,1,11,9,11,Detroit,34,8,15,5,1,11,8,14,18306.0,2:21,1
542,22021,1610612764,WAS,Washington Wizards,0022100689,2022-01-21 00:00:00,WAS vs. TOR,L,240,43.0,85.0,0.506,11.0,33.0,0.333,8.0,10.0,0.8,11.0,34.0,45.0,29.0,3.0,3.0,18.0,16.0,105.0,-4,1,1610612761,TOR,Toronto Raptors,TOR @ WAS,W,42.0,90.0,0.467,11.0,30.0,0.367,14.0,17.0,0.824,11.0,29.0,40.0,20.0,10.0,4.0,8.0,15.0,109.0,4,1,Regular Season,00,Washington,56,9,10,13,9,6,1,18,7,27,Toronto,44,12,2,18,0,8,3,12,14755.0,2:05,0
543,22021,1610612755,PHI,Philadelphia 76ers,0022100686,2022-01-21 00:00:00,PHI vs. LAC,L,240,38.0,91.0,0.418,10.0,28.0,0.357,15.0,21.0,0.714,13.0,31.0,44.0,23.0,7.0,3.0,7.0,17.0,101.0,-1,1,1610612746,LAC,LA Clippers,LAC @ PHI,W,40.0,87.0,0.46,11.0,32.0,0.344,11.0,15.0,0.733,10.0,39.0,49.0,21.0,5.0,0.0,12.0,21.0,102.0,1,1,Regular Season,00,Philadelphia,52,13,5,24,4,3,0,7,9,8,LA,42,20,11,13,2,12,8,19,20182.0,2:12,0
544,22021,1610612753,ORL,Orlando Magic,0022100685,2022-01-21 00:00:00,ORL vs. LAL,L,240,36.0,81.0,0.444,11.0,40.0,0.275,22.0,29.0,0.759,3.0,32.0,35.0,23.0,6.0,9.0,18.0,21.0,105.0,-11,1,1610612747,LAL,Los Angeles Lakers,LAL @ ORL,W,42.0,85.0,0.494,13.0,30.0,0.433,19.0,23.0,0.826,8.0,37.0,45.0,23.0,12.0,4.0,19.0,24.0,116.0,11,1,Regular Season,00,Los Angeles,46,9,19,17,12,13,1,19,8,21,Orlando,48,5,11,10,1,18,11,25,18846.0,2:20,0
545,22021,1610612737,ATL,Atlanta Hawks,0022100687,2022-01-21 00:00:00,ATL vs. MIA,W,240,38.0,68.0,0.559,14.0,33.0,0.424,20.0,24.0,0.833,6.0,30.0,36.0,26.0,3.0,1.0,18.0,17.0,110.0,2,1,1610612748,MIA,Miami Heat,MIA @ ATL,L,41.0,85.0,0.482,15.0,40.0,0.375,11.0,12.0,0.917,11.0,22.0,33.0,30.0,8.0,1.0,15.0,22.0,108.0,-2,1,Regular Season,00,Miami,42,16,10,8,5,4,0,15,5,20,Atlanta,36,11,3,18,2,18,5,22,16385.0,2:18,1
546,22021,1610612738,BOS,Boston Celtics,0022100688,2022-01-21 00:00:00,BOS vs. POR,L,240,37.0,82.0,0.451,11.0,37.0,0.297,20.0,23.0,0.87,8.0,34.0,42.0,25.0,7.0,7.0,12.0,24.0,105.0,-4,1,1610612757,POR,Portland Trail Blazers,POR @ BOS,W,36.0,76.0,0.474,16.0,33.0,0.485,21.0,30.0,0.7,7.0,35.0,42.0,20.0,6.0,4.0,13.0,21.0,109.0,4,1,Regular Season,00,Boston,42,10,18,11,8,6,1,12,3,18,Portland,32,9,7,15,0,13,10,17,19156.0,2:25,0
547,22021,1610612766,CHA,Charlotte Hornets,0022100684,2022-01-21 00:00:00,CHA vs. OKC,W,240,45.0,99.0,0.455,17.0,49.0,0.347,14.0,20.0,0.7,16.0,46.0,62.0,34.0,8.0,5.0,12.0,18.0,121.0,23,1,1610612760,OKC,Oklahoma City Thunder,OKC @ CHA,L,37.0,98.0,0.378,12.0,44.0,0.273,12.0,15.0,0.8,15.0,37.0,52.0,20.0,6.0,2.0,12.0,21.0,98.0,-23,1,Regular Season,00,Oklahoma City,50,18,24,2,1,1,1,12,4,22,Charlotte,52,22,33,25,0,12,6,11,15835.0,2:05,1
548,22021,1610612759,SAS,San Antonio Spurs,0022100691,2022-01-21 00:00:00,SAS vs. BKN,L,240,37.0,95.0,0.389,8.0,29.0,0.276,20.0,24.0,0.833,16.0,33.0,49.0,24.0,3.0,7.0,6.0,13.0,102.0,-15,1,1610612751,BKN,Brooklyn Nets,BKN @ SAS,W,48.0,100.0,0.48,9.0,25.0,0.36,12.0,12.0,1.0,12.0,41.0,53.0,24.0,3.0,5.0,8.0,17.0,117.0,15,1,Regular Season,00,Brooklyn,56,22,18,17,16,12,1,8,9,9,San Antonio,46,14,9,4,0,6,3,6,15068.0,2:07,0
549,22021,1610612749,MIL,Milwaukee Bucks,0022100690,2022-01-21 00:00:00,MIL vs. CHI,W,240,34.0,88.0,0.386,6.0,31.0,0.194,20.0,28.0,0.714,11.0,42.0,53.0,20.0,3.0,3.0,8.0,17.0,94.0,4,1,1610612741,CHI,Chicago Bulls,CHI @ MIL,L,31.0,85.0,0.365,7.0,38.0,0.184,21.0,24.0,0.875,6.0,43.0,49.0,21.0,4.0,4.0,10.0,21.0,90.0,-4,1,Regular Season,00,Chicago,20,6,4,4,16,15,2,10,8,10,Milwaukee,42,19,7,7,0,8,9,4,18013.0,2:31,1
550,22021,1610612743,DEN,Denver Nuggets,0022100692,2022-01-21 00:00:00,DEN vs. MEM,L,240,43.0,91.0,0.473,13.0,32.0,0.406,19.0,23.0,0.826,10.0,27.0,37.0,34.0,6.0,6.0,13.0,25.0,118.0,-4,1,1610612763,MEM,Memphis Grizzlies,MEM @ DEN,W,43.0,82.0,0.524,11.0,25.0,0.44,25.0,40.0,0.625,13.0,35.0,48.0,19.0,11.0,10.0,16.0,24.0,122.0,4,1,Regular Season,00,Memphis,58,15,16,14,10,4,1,16,11,17,Denver,48,14,15,6,0,13,10,14,17009.0,2:26,0
551,22021,1610612739,CLE,Cleveland Cavaliers,0022100695,2022-01-22 00:00:00,CLE vs. OKC,W,240,35.0,76.0,0.461,6.0,27.0,0.222,18.0,35.0,0.514,15.0,39.0,54.0,22.0,5.0,6.0,23.0,20.0,94.0,7,1,1610612760,OKC,Oklahoma City Thunder,OKC @ CLE,L,33.0,85.0,0.388,12.0,41.0,0.293,9.0,16.0,0.563,11.0,30.0,41.0,16.0,14.0,3.0,15.0,28.0,87.0,-7,1,Regular Season,00,Oklahoma City,40,12,12,3,6,7,0,15,10,19,Cleveland,46,15,11,17,1,23,12,20,19432.0,2:28,1
552,22021,1610612756,PHX,Phoenix Suns,0022100697,2022-01-22 00:00:00,PHX vs. IND,W,240,47.0,96.0,0.49,7.0,25.0,0.28,12.0,14.0,0.857,14.0,37.0,51.0,34.0,11.0,8.0,11.0,19.0,113.0,10,1,1610612754,IND,Indiana Pacers,IND @ PHX,L,37.0,84.0,0.44,10.0,29.0,0.345,19.0,27.0,0.704,12.0,32.0,44.0,19.0,5.0,5.0,18.0,18.0,103.0,-10,1,Regular Season,00,Phoenix,66,17,16,22,6,3,0,11,4,11,Indiana,44,20,10,3,1,18,7,22,17071.0,2:07,1
553,22021,1610612749,MIL,Milwaukee Bucks,0022100696,2022-01-22 00:00:00,MIL vs. SAC,W,240,45.0,91.0,0.495,21.0,42.0,0.5,22.0,25.0,0.88,9.0,34.0,43.0,19.0,12.0,0.0,7.0,14.0,133.0,6,1,1610612758,SAC,Sacramento Kings,SAC @ MIL,L,51.0,97.0,0.526,15.0,37.0,0.405,10.0,16.0,0.625,13.0,35.0,48.0,29.0,4.0,2.0,14.0,20.0,127.0,-6,1,Regular Season,00,Milwaukee,42,13,15,15,1,6,0,7,3,6,Sacramento,58,23,11,12,0,14,7,12,17341.0,2:12,1
554,22021,1610612759,SAS,San Antonio Spurs,0022100704,2022-01-23 00:00:00,SAS vs. PHI,L,240,42.0,89.0,0.472,10.0,30.0,0.333,15.0,22.0,0.682,12.0,31.0,43.0,30.0,4.0,5.0,9.0,15.0,109.0,-6,1,1610612755,PHI,Philadelphia 76ers,PHI @ SAS,W,44.0,92.0,0.478,7.0,16.0,0.438,20.0,23.0,0.87,13.0,34.0,47.0,22.0,5.0,3.0,10.0,19.0,115.0,6,1,Regular Season,00,San Antonio,60,6,17,3,6,0,1,9,9,12,Philadelphia,58,15,12,15,0,10,6,18,16437.0,2:06,0
555,22021,1610612766,CHA,Charlotte Hornets,0022100703,2022-01-23 00:00:00,CHA vs. ATL,L,240,34.0,87.0,0.391,4.0,36.0,0.111,19.0,27.0,0.704,11.0,43.0,54.0,23.0,6.0,6.0,16.0,24.0,91.0,-22,1,1610612737,ATL,Atlanta Hawks,ATL @ CHA,W,40.0,88.0,0.455,15.0,39.0,0.385,18.0,24.0,0.75,7.0,38.0,45.0,25.0,12.0,6.0,10.0,22.0,113.0,22,1,Regular Season,00,Atlanta,46,9,7,27,1,4,0,10,7,11,Charlotte,58,9,23,2,0,16,9,17,15822.0,2:17,0
556,22021,1610612748,MIA,Miami Heat,0022100700,2022-01-23 00:00:00,MIA vs. LAL,W,240,40.0,81.0,0.494,15.0,33.0,0.455,18.0,20.0,0.9,6.0,33.0,39.0,31.0,9.0,3.0,16.0,31.0,113.0,6,1,1610612747,LAL,Los Angeles Lakers,LAL @ MIA,L,36.0,79.0,0.456,11.0,40.0,0.275,24.0,30.0,0.8,7.0,31.0,38.0,20.0,7.0,1.0,18.0,20.0,107.0,-6,1,Regular Season,00,Miami,44,2,11,26,2,1,1,16,4,15,Los Angeles,40,14,16,2,1,18,11,20,19973.0,2:29,1
557,22021,1610612764,WAS,Washington Wizards,0022100699,2022-01-23 00:00:00,WAS vs. BOS,L,240,33.0,93.0,0.355,8.0,34.0,0.235,13.0,16.0,0.813,9.0,35.0,44.0,20.0,8.0,6.0,7.0,14.0,87.0,-29,1,1610612738,BOS,Boston Celtics,BOS @ WAS,W,40.0,90.0,0.444,19.0,39.0,0.487,17.0,21.0,0.81,11.0,46.0,57.0,26.0,5.0,3.0,13.0,16.0,116.0,29,1,Regular Season,00,Washington,46,6,10,0,0,0,1,7,4,7,Boston,38,13,4,32,0,13,12,11,16371.0,2:01,0
558,22021,1610612761,TOR,Toronto Raptors,0022100702,2022-01-23 00:00:00,TOR vs. POR,L,240,39.0,98.0,0.398,18.0,54.0,0.333,9.0,14.0,0.643,15.0,28.0,43.0,28.0,15.0,8.0,16.0,18.0,105.0,-9,1,1610612757,POR,Portland Trail Blazers,POR @ TOR,W,45.0,85.0,0.529,18.0,32.0,0.563,6.0,13.0,0.462,10.0,37.0,47.0,31.0,8.0,7.0,22.0,17.0,114.0,9,1,Regular Season,00,Portland,38,10,11,34,0,0,0,22,9,27,Toronto,42,11,10,0,1,16,12,20,,2:10,0
559,22021,1610612743,DEN,Denver Nuggets,0022100707,2022-01-23 00:00:00,DEN vs. DET,W,240,44.0,85.0,0.518,12.0,35.0,0.343,17.0,23.0,0.739,8.0,26.0,34.0,29.0,8.0,1.0,13.0,22.0,117.0,6,1,1610612765,DET,Detroit Pistons,DET @ DEN,L,42.0,75.0,0.56,11.0,29.0,0.379,16.0,19.0,0.842,4.0,30.0,34.0,28.0,4.0,5.0,22.0,29.0,111.0,-6,1,Regular Season,00,Denver,60,10,12,16,9,8,2,13,9,12,Detroit,48,4,9,3,0,22,6,28,14060.0,2:22,1
560,22021,1610612752,NYK,New York Knicks,0022100698,2022-01-23 00:00:00,NYK vs. LAC,W,240,39.0,91.0,0.429,16.0,36.0,0.444,16.0,19.0,0.842,15.0,37.0,52.0,26.0,6.0,4.0,13.0,22.0,110.0,8,1,1610612746,LAC,LA Clippers,LAC @ NYK,L,34.0,79.0,0.43,14.0,41.0,0.341,20.0,30.0,0.667,6.0,34.0,40.0,20.0,7.0,6.0,12.0,19.0,102.0,-8,1,Regular Season,00,LA,38,10,9,0,0,0,0,12,11,20,New York,34,21,13,14,1,13,7,12,19812.0,2:09,1
561,22021,1610612742,DAL,Dallas Mavericks,0022100705,2022-01-23 00:00:00,DAL vs. MEM,W,240,36.0,74.0,0.486,9.0,30.0,0.3,23.0,31.0,0.742,9.0,33.0,42.0,22.0,10.0,12.0,18.0,23.0,104.0,13,1,1610612763,MEM,Memphis Grizzlies,MEM @ DAL,L,37.0,99.0,0.374,4.0,24.0,0.167,13.0,19.0,0.684,21.0,29.0,50.0,20.0,10.0,3.0,15.0,25.0,91.0,-13,1,Regular Season,00,Dallas,50,5,9,22,0,1,3,18,11,20,Memphis,60,16,19,0,0,15,11,16,19701.0,2:19,1
562,22021,1610612750,MIN,Minnesota Timberwolves,0022100706,2022-01-23 00:00:00,MIN vs. BKN,W,240,48.0,92.0,0.522,14.0,32.0,0.438,26.0,31.0,0.839,10.0,27.0,37.0,24.0,11.0,7.0,9.0,17.0,136.0,11,1,1610612751,BKN,Brooklyn Nets,BKN @ MIN,L,48.0,95.0,0.505,15.0,38.0,0.395,14.0,15.0,0.933,16.0,32.0,48.0,27.0,4.0,1.0,19.0,29.0,125.0,-11,1,Regular Season,00,Brooklyn,48,20,9,3,14,4,2,19,8,30,Minnesota,52,9,18,17,0,9,4,10,16475.0,2:15,1
563,22021,1610612740,NOP,New Orleans Pelicans,0022100712,2022-01-24 00:00:00,NOP vs. IND,W,240,41.0,88.0,0.466,6.0,30.0,0.2,29.0,31.0,0.935,12.0,33.0,45.0,23.0,7.0,4.0,12.0,22.0,117.0,4,1,1610612754,IND,Indiana Pacers,IND @ NOP,L,38.0,87.0,0.437,19.0,46.0,0.413,18.0,25.0,0.72,10.0,31.0,41.0,26.0,5.0,7.0,17.0,28.0,113.0,-4,1,Regular Season,00,New Orleans,64,15,18,8,12,10,1,12,6,16,Indiana,32,13,5,8,2,17,13,14,15581.0,2:27,1
564,22021,1610612756,PHX,Phoenix Suns,0022100713,2022-01-24 00:00:00,PHX vs. UTA,W,240,47.0,99.0,0.475,13.0,36.0,0.361,8.0,15.0,0.533,18.0,33.0,51.0,28.0,10.0,5.0,14.0,17.0,115.0,6,1,1610612762,UTA,Utah Jazz,UTA @ PHX,L,40.0,81.0,0.494,14.0,31.0,0.452,15.0,22.0,0.682,7.0,31.0,38.0,16.0,11.0,3.0,14.0,15.0,109.0,-6,1,Regular Season,00,Phoenix,52,17,7,13,14,3,0,14,11,16,Utah,44,11,11,5,1,14,7,17,17071.0,2:02,1
565,22021,1610612760,OKC,Oklahoma City Thunder,0022100730,2022-01-24 00:00:00,OKC vs. CHI,L,240,38.0,92.0,0.413,16.0,45.0,0.356,18.0,24.0,0.75,10.0,34.0,44.0,26.0,9.0,5.0,11.0,15.0,110.0,-1,1,1610612741,CHI,Chicago Bulls,CHI @ OKC,W,41.0,89.0,0.461,15.0,39.0,0.385,14.0,19.0,0.737,10.0,41.0,51.0,31.0,7.0,9.0,19.0,23.0,111.0,1,1,Regular Season,00,Chicago,38,16,14,28,3,6,3,19,11,19,Oklahoma City,42,9,12,5,0,11,7,16,14378.0,0:00,0
566,22021,1610612739,CLE,Cleveland Cavaliers,0022100709,2022-01-24 00:00:00,CLE vs. NYK,W,240,35.0,81.0,0.432,13.0,36.0,0.361,12.0,20.0,0.6,12.0,39.0,51.0,29.0,7.0,1.0,20.0,18.0,95.0,2,1,1610612752,NYK,New York Knicks,NYK @ CLE,L,35.0,84.0,0.417,12.0,38.0,0.316,11.0,21.0,0.524,11.0,34.0,45.0,21.0,11.0,1.0,12.0,19.0,93.0,-2,1,Regular Season,00,Cleveland,34,12,17,15,10,14,1,20,8,26,New York,34,8,17,6,1,12,9,12,17321.0,2:10,1
567,22021,1610612751,BKN,Brooklyn Nets,0022100718,2022-01-25 00:00:00,BKN vs. LAL,L,240,37.0,88.0,0.42,7.0,27.0,0.259,15.0,22.0,0.682,18.0,36.0,54.0,20.0,5.0,2.0,19.0,12.0,96.0,-10,1,1610612747,LAL,Los Angeles Lakers,LAL @ BKN,W,42.0,89.0,0.472,12.0,38.0,0.316,10.0,10.0,1.0,5.0,28.0,33.0,23.0,12.0,9.0,10.0,19.0,106.0,10,1,Regular Season,00,Los Angeles,46,8,27,15,8,4,2,10,9,14,Brooklyn,52,19,9,4,1,19,9,19,18126.0,2:13,0
568,22021,1610612757,POR,Portland Trail Blazers,0022100721,2022-01-25 00:00:00,POR vs. MIN,L,240,37.0,94.0,0.394,16.0,41.0,0.39,17.0,20.0,0.85,15.0,35.0,50.0,26.0,4.0,2.0,14.0,24.0,107.0,-2,1,1610612750,MIN,Minnesota Timberwolves,MIN @ POR,W,36.0,82.0,0.439,14.0,43.0,0.326,23.0,31.0,0.742,11.0,38.0,49.0,21.0,8.0,10.0,17.0,19.0,109.0,2,1,Regular Season,00,Portland,36,13,17,13,9,7,0,14,7,22,Minnesota,42,11,23,9,2,17,8,26,16422.0,2:21,0
569,22021,1610612745,HOU,Houston Rockets,0022100719,2022-01-25 00:00:00,HOU vs. SAS,L,240,39.0,95.0,0.411,9.0,34.0,0.265,17.0,25.0,0.68,18.0,27.0,45.0,21.0,8.0,3.0,17.0,12.0,104.0,-30,1,1610612759,SAS,San Antonio Spurs,SAS @ HOU,W,58.0,101.0,0.574,12.0,32.0,0.375,6.0,6.0,1.0,11.0,38.0,49.0,38.0,8.0,5.0,13.0,22.0,134.0,30,1,Regular Season,00,Houston,58,19,19,6,8,6,2,17,8,23,San Antonio,82,18,15,33,0,13,5,16,15007.0,2:03,0
570,22021,1610612755,PHI,Philadelphia 76ers,0022100454,2022-01-25 00:00:00,PHI vs. NOP,W,240,39.0,84.0,0.464,10.0,31.0,0.323,29.0,31.0,0.935,14.0,30.0,44.0,26.0,4.0,8.0,11.0,22.0,117.0,10,1,1610612740,NOP,New Orleans Pelicans,NOP @ PHI,L,40.0,83.0,0.482,9.0,22.0,0.409,18.0,26.0,0.692,11.0,28.0,39.0,26.0,5.0,7.0,8.0,25.0,107.0,-10,1,Regular Season,00,New Orleans,62,9,19,10,8,11,0,8,7,14,Philadelphia,52,26,5,12,1,11,8,17,20121.0,2:12,1
571,22021,1610612738,BOS,Boston Celtics,0022100717,2022-01-25 00:00:00,BOS vs. SAC,W,240,51.0,103.0,0.495,20.0,45.0,0.444,6.0,7.0,0.857,17.0,50.0,67.0,32.0,6.0,6.0,11.0,12.0,128.0,53,1,1610612758,SAC,Sacramento Kings,SAC @ BOS,L,29.0,95.0,0.305,6.0,33.0,0.182,11.0,15.0,0.733,15.0,30.0,45.0,15.0,7.0,8.0,12.0,14.0,75.0,-53,1,Regular Season,00,Boston,56,28,12,60,0,0,0,11,5,11,Sacramento,34,10,14,0,2,12,6,21,19156.0,0:00,1
572,22021,1610612765,DET,Detroit Pistons,0022100714,2022-01-25 00:00:00,DET vs. DEN,L,240,41.0,97.0,0.423,12.0,36.0,0.333,11.0,14.0,0.786,9.0,27.0,36.0,25.0,14.0,5.0,9.0,25.0,105.0,-5,1,1610612743,DEN,Denver Nuggets,DEN @ DET,W,36.0,84.0,0.429,11.0,32.0,0.344,27.0,31.0,0.871,16.0,40.0,56.0,25.0,7.0,1.0,25.0,17.0,110.0,5,1,Regular Season,00,Detroit,56,8,9,3,5,2,0,9,7,7,Denver,48,15,6,15,0,25,12,38,16023.0,2:19,0
573,22021,1610612761,TOR,Toronto Raptors,0022100715,2022-01-25 00:00:00,TOR vs. CHA,W,240,43.0,82.0,0.524,16.0,34.0,0.471,23.0,29.0,0.793,7.0,35.0,42.0,27.0,6.0,7.0,17.0,22.0,125.0,12,1,1610612766,CHA,Charlotte Hornets,CHA @ TOR,L,40.0,82.0,0.488,10.0,31.0,0.323,23.0,32.0,0.719,9.0,28.0,37.0,25.0,7.0,2.0,12.0,20.0,113.0,-12,1,Regular Season,00,Charlotte,56,10,18,2,1,3,0,12,7,12,Toronto,40,20,14,22,3,17,10,17,,2:16,1
574,22021,1610612762,UTA,Utah Jazz,0022100731,2022-01-26 00:00:00,UTA vs. PHX,L,240,34.0,79.0,0.43,12.0,30.0,0.4,17.0,23.0,0.739,8.0,31.0,39.0,20.0,6.0,4.0,16.0,28.0,97.0,-8,1,1610612756,PHX,Phoenix Suns,PHX @ UTA,W,40.0,82.0,0.488,7.0,18.0,0.389,18.0,27.0,0.667,9.0,35.0,44.0,14.0,6.0,7.0,9.0,20.0,105.0,8,1,Regular Season,00,Utah,38,12,3,2,1,1,2,16,7,22,Phoenix,50,13,22,21,2,9,12,10,18306.0,2:25,0
575,22021,1610612737,ATL,Atlanta Hawks,0022100725,2022-01-26 00:00:00,ATL vs. SAC,W,240,48.0,90.0,0.533,12.0,36.0,0.333,13.0,17.0,0.765,6.0,42.0,48.0,29.0,9.0,2.0,9.0,18.0,121.0,17,1,1610612758,SAC,Sacramento Kings,SAC @ ATL,L,39.0,93.0,0.419,12.0,40.0,0.3,14.0,19.0,0.737,10.0,32.0,42.0,23.0,6.0,3.0,12.0,20.0,104.0,-17,1,Regular Season,00,Sacramento,46,12,5,14,4,1,0,12,8,16,Atlanta,64,15,20,30,1,9,7,9,15080.0,2:04,1
576,22021,1610612757,POR,Portland Trail Blazers,0022100732,2022-01-26 00:00:00,POR vs. DAL,L,240,42.0,82.0,0.512,14.0,38.0,0.368,14.0,23.0,0.609,3.0,35.0,38.0,27.0,4.0,1.0,9.0,21.0,112.0,-20,1,1610612742,DAL,Dallas Mavericks,DAL @ POR,W,48.0,88.0,0.545,16.0,36.0,0.444,20.0,26.0,0.769,6.0,39.0,45.0,35.0,6.0,6.0,9.0,21.0,132.0,20,1,Regular Season,00,Portland,50,6,17,0,0,0,0,9,6,15,Dallas,48,12,16,23,1,9,6,7,16334.0,2:14,0
577,22021,1610612759,SAS,San Antonio Spurs,0022100728,2022-01-26 00:00:00,SAS vs. MEM,L,240,43.0,94.0,0.457,9.0,37.0,0.243,15.0,19.0,0.789,13.0,26.0,39.0,30.0,9.0,7.0,13.0,19.0,110.0,-8,1,1610612763,MEM,Memphis Grizzlies,MEM @ SAS,W,46.0,90.0,0.511,7.0,23.0,0.304,19.0,26.0,0.731,12.0,32.0,44.0,24.0,9.0,9.0,13.0,18.0,118.0,8,1,Regular Season,00,Memphis,62,29,10,15,7,2,0,13,12,10,San Antonio,50,16,12,4,0,13,11,14,14662.0,2:16,0
578,22021,1610612751,BKN,Brooklyn Nets,0022100453,2022-01-26 00:00:00,BKN vs. DEN,L,240,43.0,88.0,0.489,12.0,29.0,0.414,20.0,26.0,0.769,6.0,32.0,38.0,26.0,6.0,3.0,12.0,25.0,118.0,-6,1,1610612743,DEN,Denver Nuggets,DEN @ BKN,W,42.0,89.0,0.472,15.0,36.0,0.417,25.0,27.0,0.926,12.0,36.0,48.0,27.0,8.0,2.0,13.0,21.0,124.0,6,1,Regular Season,00,Brooklyn,42,12,11,12,15,8,0,12,8,15,Denver,46,20,11,11,0,13,6,11,18011.0,2:17,0
579,22021,1610612741,CHI,Chicago Bulls,0022100472,2022-01-26 00:00:00,CHI vs. TOR,W,240,46.0,84.0,0.548,7.0,26.0,0.269,12.0,16.0,0.75,10.0,35.0,45.0,32.0,2.0,1.0,15.0,22.0,111.0,6,1,1610612761,TOR,Toronto Raptors,TOR @ CHI,L,38.0,79.0,0.481,12.0,31.0,0.387,17.0,28.0,0.607,8.0,26.0,34.0,24.0,8.0,5.0,12.0,17.0,105.0,-6,1,Regular Season,00,Chicago,68,12,9,19,2,4,2,15,8,11,Toronto,46,7,12,1,0,12,7,17,20269.0,2:16,1
580,22021,1610612748,MIA,Miami Heat,0022100727,2022-01-26 00:00:00,MIA vs. NYK,W,240,37.0,74.0,0.5,16.0,37.0,0.432,20.0,22.0,0.909,7.0,31.0,38.0,30.0,8.0,3.0,20.0,23.0,110.0,14,1,1610612752,NYK,New York Knicks,NYK @ MIA,L,35.0,83.0,0.422,15.0,44.0,0.341,11.0,17.0,0.647,15.0,29.0,44.0,24.0,8.0,4.0,18.0,23.0,96.0,-14,1,Regular Season,00,Miami,38,17,10,30,0,0,3,20,6,13,New York,38,17,8,0,1,18,5,21,19600.0,2:16,1
581,22021,1610612753,ORL,Orlando Magic,0022100724,2022-01-26 00:00:00,ORL vs. LAC,L,240,38.0,84.0,0.452,9.0,35.0,0.257,17.0,22.0,0.773,8.0,31.0,39.0,29.0,9.0,3.0,13.0,23.0,102.0,-9,1,1610612746,LAC,LA Clippers,LAC @ ORL,W,36.0,81.0,0.444,15.0,29.0,0.517,24.0,27.0,0.889,8.0,41.0,49.0,20.0,7.0,1.0,15.0,22.0,111.0,9,1,Regular Season,00,LA,26,18,9,17,7,6,0,15,6,21,Orlando,56,4,14,14,0,13,5,16,12448.0,2:17,0
582,22021,1610612754,IND,Indiana Pacers,0022100723,2022-01-26 00:00:00,IND vs. CHA,L,240,44.0,92.0,0.478,10.0,34.0,0.294,28.0,34.0,0.824,17.0,24.0,41.0,33.0,9.0,3.0,20.0,31.0,126.0,-32,1,1610612766,CHA,Charlotte Hornets,CHA @ IND,W,54.0,93.0,0.581,24.0,45.0,0.533,26.0,33.0,0.788,8.0,28.0,36.0,37.0,9.0,5.0,13.0,29.0,158.0,32,1,Regular Season,00,Charlotte,54,13,30,36,11,11,0,13,12,18,Indiana,60,19,15,5,1,20,11,30,14116.0,2:24,0
583,22021,1610612739,CLE,Cleveland Cavaliers,0022100722,2022-01-26 00:00:00,CLE vs. MIL,W,240,41.0,87.0,0.471,19.0,42.0,0.452,14.0,17.0,0.824,12.0,29.0,41.0,27.0,11.0,3.0,13.0,19.0,115.0,16,1,1610612749,MIL,Milwaukee Bucks,MIL @ CLE,L,37.0,80.0,0.463,9.0,32.0,0.281,16.0,18.0,0.889,10.0,31.0,41.0,22.0,7.0,3.0,19.0,19.0,99.0,-16,1,Regular Season,00,Cleveland,32,19,5,21,1,2,1,13,4,12,Milwaukee,46,10,13,12,0,19,8,31,18904.0,2:09,1
584,22021,1610612755,PHI,Philadelphia 76ers,0022100733,2022-01-27 00:00:00,PHI vs. LAL,W,240,41.0,82.0,0.5,13.0,35.0,0.371,10.0,17.0,0.588,3.0,38.0,41.0,30.0,8.0,5.0,15.0,14.0,105.0,18,1,1610612747,LAL,Los Angeles Lakers,LAL @ PHI,L,36.0,88.0,0.409,6.0,29.0,0.207,9.0,9.0,1.0,9.0,33.0,42.0,19.0,7.0,9.0,19.0,16.0,87.0,-18,1,Regular Season,00,Philadelphia,48,4,12,22,5,3,1,15,13,14,Los Angeles,48,12,14,3,2,19,4,18,20953.0,2:11,1
585,22021,1610612763,MEM,Memphis Grizzlies,0022100740,2022-01-28 00:00:00,MEM vs. UTA,W,240,46.0,82.0,0.561,9.0,23.0,0.391,18.0,24.0,0.75,8.0,34.0,42.0,27.0,9.0,7.0,15.0,19.0,119.0,10,1,1610612762,UTA,Utah Jazz,UTA @ MEM,L,37.0,85.0,0.435,17.0,46.0,0.37,18.0,21.0,0.857,11.0,26.0,37.0,20.0,10.0,3.0,18.0,16.0,109.0,-10,1,Regular Season,00,Utah,34,15,18,6,8,3,2,18,6,22,Memphis,66,10,29,14,0,15,8,14,16916.0,2:09,1
586,22021,1610612753,ORL,Orlando Magic,0022100736,2022-01-28 00:00:00,ORL vs. DET,W,240,41.0,83.0,0.494,12.0,25.0,0.48,25.0,26.0,0.962,8.0,39.0,47.0,28.0,5.0,7.0,17.0,22.0,119.0,16,1,1610612765,DET,Detroit Pistons,DET @ ORL,L,32.0,87.0,0.368,10.0,29.0,0.345,29.0,37.0,0.784,14.0,27.0,41.0,23.0,10.0,9.0,10.0,24.0,103.0,-16,1,Regular Season,00,Detroit,42,20,8,2,4,2,0,10,11,12,Orlando,50,13,12,24,2,17,7,22,13156.0,2:17,1
587,22021,1610612737,ATL,Atlanta Hawks,0022100737,2022-01-28 00:00:00,ATL vs. BOS,W,240,41.0,89.0,0.461,12.0,31.0,0.387,14.0,20.0,0.7,9.0,34.0,43.0,19.0,10.0,11.0,12.0,21.0,108.0,16,1,1610612738,BOS,Boston Celtics,BOS @ ATL,L,30.0,86.0,0.349,7.0,36.0,0.194,25.0,27.0,0.926,16.0,36.0,52.0,15.0,5.0,8.0,18.0,25.0,92.0,-16,1,Regular Season,00,Boston,40,9,6,3,9,5,2,18,6,24,Atlanta,40,13,9,17,1,12,11,13,16932.0,2:13,1
588,22021,1610612766,CHA,Charlotte Hornets,0022100735,2022-01-28 00:00:00,CHA vs. LAL,W,240,43.0,83.0,0.518,11.0,36.0,0.306,20.0,28.0,0.714,11.0,39.0,50.0,25.0,4.0,5.0,12.0,24.0,117.0,3,1,1610612747,LAL,Los Angeles Lakers,LAL @ CHA,L,38.0,91.0,0.418,15.0,40.0,0.375,23.0,32.0,0.719,12.0,32.0,44.0,19.0,7.0,3.0,7.0,23.0,114.0,-3,1,Regular Season,00,Los Angeles,38,14,7,0,0,1,1,7,10,7,Charlotte,58,12,17,20,1,12,6,17,19469.0,2:37,1
589,22021,1610612745,HOU,Houston Rockets,0022100739,2022-01-28 00:00:00,HOU vs. POR,L,240,38.0,79.0,0.481,10.0,41.0,0.244,24.0,31.0,0.774,5.0,33.0,38.0,25.0,6.0,3.0,19.0,22.0,110.0,-15,1,1610612757,POR,Portland Trail Blazers,POR @ HOU,W,46.0,81.0,0.568,17.0,39.0,0.436,16.0,20.0,0.8,4.0,30.0,34.0,20.0,10.0,4.0,15.0,24.0,125.0,15,1,Regular Season,00,Houston,54,9,11,1,2,1,2,19,12,23,Portland,42,7,12,18,2,15,3,18,16100.0,2:14,0
590,22021,1610612740,NOP,New Orleans Pelicans,0022100729,2022-01-28 00:00:00,NOP vs. DEN,L,240,35.0,90.0,0.389,5.0,34.0,0.147,30.0,33.0,0.909,14.0,29.0,43.0,23.0,14.0,4.0,13.0,19.0,105.0,-11,1,1610612743,DEN,Denver Nuggets,DEN @ NOP,W,41.0,82.0,0.5,12.0,33.0,0.364,22.0,25.0,0.88,9.0,34.0,43.0,29.0,9.0,4.0,21.0,22.0,116.0,11,1,Regular Season,00,Denver,46,12,14,16,5,6,0,21,8,26,New Orleans,56,20,7,5,0,13,8,22,15254.0,2:15,0
591,22021,1610612748,MIA,Miami Heat,0022100738,2022-01-28 00:00:00,MIA vs. LAC,W,240,40.0,85.0,0.471,15.0,34.0,0.441,26.0,27.0,0.963,12.0,39.0,51.0,28.0,6.0,3.0,18.0,23.0,121.0,7,1,1610612746,LAC,LA Clippers,LAC @ MIA,L,41.0,92.0,0.446,9.0,35.0,0.257,23.0,32.0,0.719,9.0,28.0,37.0,22.0,7.0,3.0,13.0,21.0,114.0,-7,1,Regular Season,00,LA,54,17,9,4,1,2,0,13,14,10,Miami,40,12,14,23,0,18,4,20,19600.0,2:22,1
592,22021,1610612759,SAS,San Antonio Spurs,0022100742,2022-01-28 00:00:00,SAS vs. CHI,W,240,50.0,95.0,0.526,16.0,37.0,0.432,15.0,18.0,0.833,10.0,34.0,44.0,35.0,3.0,1.0,7.0,18.0,131.0,9,1,1610612741,CHI,Chicago Bulls,CHI @ SAS,L,46.0,88.0,0.523,8.0,30.0,0.267,22.0,26.0,0.846,4.0,33.0,37.0,22.0,5.0,2.0,6.0,16.0,122.0,-9,1,Regular Season,00,Chicago,54,8,22,10,12,7,0,6,8,6,San Antonio,58,10,9,13,0,7,5,10,18354.0,2:07,1
593,22021,1610612756,PHX,Phoenix Suns,0022100743,2022-01-28 00:00:00,PHX vs. MIN,W,240,43.0,84.0,0.512,20.0,39.0,0.513,28.0,37.0,0.757,10.0,39.0,49.0,36.0,4.0,2.0,12.0,22.0,134.0,10,1,1610612750,MIN,Minnesota Timberwolves,MIN @ PHX,L,44.0,90.0,0.489,14.0,39.0,0.359,22.0,27.0,0.815,8.0,30.0,38.0,20.0,7.0,6.0,7.0,26.0,124.0,-10,1,Regular Season,00,Phoenix,38,19,20,13,4,9,0,12,8,21,Minnesota,50,10,17,2,0,7,6,15,17071.0,2:23,1
594,22021,1610612749,MIL,Milwaukee Bucks,0022100744,2022-01-28 00:00:00,MIL vs. NYK,W,240,41.0,89.0,0.461,14.0,43.0,0.326,27.0,31.0,0.871,11.0,36.0,47.0,27.0,11.0,1.0,13.0,24.0,123.0,15,1,1610612752,NYK,New York Knicks,NYK @ MIL,L,39.0,84.0,0.464,14.0,40.0,0.35,16.0,28.0,0.571,11.0,34.0,45.0,21.0,6.0,4.0,14.0,23.0,108.0,-15,1,Regular Season,00,Milwaukee,36,13,19,17,0,0,1,13,7,20,New York,42,15,10,0,0,14,10,12,17341.0,2:27,1
595,22021,1610612755,PHI,Philadelphia 76ers,0022100747,2022-01-29 00:00:00,PHI vs. SAC,W,240,36.0,70.0,0.514,12.0,30.0,0.4,19.0,26.0,0.731,3.0,33.0,36.0,24.0,8.0,3.0,18.0,17.0,103.0,2,1,1610612758,SAC,Sacramento Kings,SAC @ PHI,L,36.0,82.0,0.439,12.0,35.0,0.343,17.0,20.0,0.85,10.0,33.0,43.0,24.0,9.0,2.0,13.0,21.0,101.0,-2,1,Regular Season,00,Sacramento,36,7,14,17,3,4,0,13,5,19,Philadelphia,46,7,16,10,1,18,6,22,20380.0,2:10,1
596,22021,1610612763,MEM,Memphis Grizzlies,0022100749,2022-01-29 00:00:00,MEM vs. WAS,W,240,46.0,100.0,0.46,13.0,31.0,0.419,10.0,12.0,0.833,21.0,39.0,60.0,24.0,8.0,10.0,9.0,21.0,115.0,20,1,1610612764,WAS,Washington Wizards,WAS @ MEM,L,35.0,84.0,0.417,10.0,29.0,0.345,15.0,21.0,0.714,7.0,30.0,37.0,27.0,6.0,5.0,12.0,12.0,95.0,-20,1,Regular Season,00,Memphis,60,36,17,27,0,0,0,9,5,11,Washington,46,7,10,0,0,12,9,18,17135.0,2:04,1
597,22021,1610612742,DAL,Dallas Mavericks,0022100746,2022-01-29 00:00:00,DAL vs. IND,W,240,51.0,96.0,0.531,16.0,34.0,0.471,14.0,22.0,0.636,11.0,35.0,46.0,31.0,8.0,7.0,5.0,19.0,132.0,27,1,1610612754,IND,Indiana Pacers,IND @ DAL,L,40.0,91.0,0.44,9.0,33.0,0.273,16.0,23.0,0.696,10.0,37.0,47.0,25.0,1.0,7.0,11.0,21.0,105.0,-27,1,Regular Season,00,Dallas,64,17,17,29,0,1,0,5,8,2,Indiana,60,13,10,0,0,11,10,6,19831.0,2:06,1
598,22021,1610612748,MIA,Miami Heat,0022100748,2022-01-29 00:00:00,MIA vs. TOR,L,315,45.0,110.0,0.409,16.0,50.0,0.32,14.0,20.0,0.7,19.0,42.0,61.0,26.0,12.0,6.0,24.0,26.0,120.0,-4,1,1610612761,TOR,Toronto Raptors,TOR @ MIA,W,47.0,107.0,0.439,16.0,45.0,0.356,14.0,18.0,0.778,12.0,41.0,53.0,24.0,15.0,9.0,17.0,22.0,124.0,4,1,Regular Season,00,Miami,46,22,14,5,12,6,1,24,10,17,Toronto,52,12,24,16,1,17,11,10,19600.0,2:59,0
599,22021,1610612740,NOP,New Orleans Pelicans,0022100745,2022-01-29 00:00:00,NOP vs. BOS,L,240,36.0,82.0,0.439,8.0,32.0,0.25,17.0,23.0,0.739,9.0,31.0,40.0,22.0,8.0,0.0,15.0,14.0,97.0,-10,1,1610612738,BOS,Boston Celtics,BOS @ NOP,W,43.0,81.0,0.531,14.0,41.0,0.341,7.0,11.0,0.636,6.0,37.0,43.0,31.0,6.0,7.0,15.0,19.0,107.0,10,1,Regular Season,00,Boston,48,5,13,20,1,0,1,15,3,17,New Orleans,52,12,12,2,2,15,8,15,16168.0,2:06,0
600,22021,1610612741,CHI,Chicago Bulls,0022100753,2022-01-30 00:00:00,CHI vs. POR,W,240,50.0,90.0,0.556,13.0,32.0,0.406,17.0,18.0,0.944,8.0,36.0,44.0,36.0,10.0,3.0,7.0,16.0,130.0,14,1,1610612757,POR,Portland Trail Blazers,POR @ CHI,L,43.0,83.0,0.518,18.0,39.0,0.462,12.0,16.0,0.75,5.0,31.0,36.0,23.0,4.0,3.0,12.0,12.0,116.0,-14,1,Regular Season,00,Portland,38,5,6,8,13,7,0,12,5,20,Chicago,52,4,4,19,0,7,0,8,19521.0,1:57,1
601,22021,1610612737,ATL,Atlanta Hawks,0022100751,2022-01-30 00:00:00,ATL vs. LAL,W,240,49.0,84.0,0.583,10.0,31.0,0.323,21.0,32.0,0.656,8.0,37.0,45.0,31.0,7.0,0.0,12.0,21.0,129.0,8,1,1610612747,LAL,Los Angeles Lakers,LAL @ ATL,L,47.0,87.0,0.54,15.0,35.0,0.429,12.0,23.0,0.522,6.0,32.0,38.0,29.0,5.0,2.0,13.0,24.0,121.0,-8,1,Regular Season,00,Los Angeles,50,4,13,11,16,9,1,13,8,11,Atlanta,62,6,18,8,0,12,6,19,17391.0,2:13,1
602,22021,1610612749,MIL,Milwaukee Bucks,0022100756,2022-01-30 00:00:00,MIL vs. DEN,L,240,37.0,78.0,0.474,10.0,30.0,0.333,16.0,22.0,0.727,6.0,26.0,32.0,23.0,6.0,3.0,15.0,10.0,100.0,-36,1,1610612743,DEN,Denver Nuggets,DEN @ MIL,W,53.0,88.0,0.602,23.0,43.0,0.535,7.0,10.0,0.7,6.0,35.0,41.0,39.0,8.0,3.0,10.0,15.0,136.0,36,1,Regular Season,00,Denver,44,11,15,36,5,7,1,10,5,11,Milwaukee,44,4,5,4,0,15,7,27,17341.0,2:01,0
603,22021,1610612753,ORL,Orlando Magic,0022100755,2022-01-30 00:00:00,ORL vs. DAL,W,240,43.0,84.0,0.512,11.0,34.0,0.324,13.0,16.0,0.813,9.0,31.0,40.0,26.0,8.0,1.0,16.0,16.0,110.0,2,1,1610612742,DAL,Dallas Mavericks,DAL @ ORL,L,39.0,81.0,0.481,16.0,38.0,0.421,14.0,18.0,0.778,7.0,33.0,40.0,22.0,9.0,4.0,18.0,19.0,108.0,-2,1,Regular Season,00,Orlando,60,16,16,12,8,7,0,16,4,16,Dallas,46,4,8,11,0,18,6,26,13376.0,2:13,1
604,22021,1610612750,MIN,Minnesota Timberwolves,0022100757,2022-01-30 00:00:00,MIN vs. UTA,W,240,49.0,89.0,0.551,13.0,31.0,0.419,15.0,18.0,0.833,10.0,30.0,40.0,35.0,11.0,2.0,16.0,15.0,126.0,20,1,1610612762,UTA,Utah Jazz,UTA @ MIN,L,38.0,81.0,0.469,15.0,40.0,0.375,15.0,21.0,0.714,9.0,29.0,38.0,23.0,8.0,4.0,20.0,24.0,106.0,-20,1,Regular Season,00,Minnesota,66,16,15,21,5,2,0,16,7,16,Utah,38,13,9,7,2,20,7,22,10407.0,2:10,1
605,22021,1610612756,PHX,Phoenix Suns,0022100758,2022-01-30 00:00:00,PHX vs. SAS,W,240,48.0,97.0,0.495,11.0,32.0,0.344,8.0,12.0,0.667,11.0,35.0,46.0,31.0,6.0,5.0,8.0,12.0,115.0,5,1,1610612759,SAS,San Antonio Spurs,SAS @ PHX,L,45.0,100.0,0.45,13.0,37.0,0.351,7.0,8.0,0.875,11.0,32.0,43.0,27.0,6.0,3.0,11.0,15.0,110.0,-5,1,Regular Season,00,San Antonio,44,8,6,12,14,9,0,11,8,14,Phoenix,52,10,10,6,0,8,12,17,17071.0,1:58,1
606,22021,1610612754,IND,Indiana Pacers,0022100760,2022-01-31 00:00:00,IND vs. LAC,W,240,50.0,95.0,0.526,14.0,29.0,0.483,8.0,12.0,0.667,11.0,39.0,50.0,31.0,3.0,5.0,12.0,12.0,122.0,6,1,1610612746,LAC,LA Clippers,LAC @ IND,L,45.0,96.0,0.469,15.0,44.0,0.341,11.0,13.0,0.846,10.0,31.0,41.0,25.0,7.0,5.0,10.0,15.0,116.0,-6,1,Regular Season,00,LA,46,13,5,8,14,8,1,10,4,12,Indiana,68,17,11,12,1,12,7,17,14629.0,2:04,1
607,22021,1610612737,ATL,Atlanta Hawks,0022100767,2022-01-31 00:00:00,ATL vs. TOR,L,240,37.0,81.0,0.457,12.0,32.0,0.375,14.0,16.0,0.875,5.0,41.0,46.0,28.0,6.0,5.0,15.0,20.0,100.0,-6,1,1610612761,TOR,Toronto Raptors,TOR @ ATL,W,38.0,89.0,0.427,18.0,36.0,0.5,12.0,17.0,0.706,6.0,37.0,43.0,21.0,7.0,8.0,8.0,15.0,106.0,6,1,Regular Season,00,Toronto,30,12,10,9,12,8,0,8,6,8,Atlanta,32,9,7,11,0,15,7,7,14168.0,2:03,0
608,22021,1610612738,BOS,Boston Celtics,0022100762,2022-01-31 00:00:00,BOS vs. MIA,W,240,44.0,84.0,0.524,16.0,42.0,0.381,18.0,27.0,0.667,9.0,35.0,44.0,24.0,9.0,6.0,10.0,15.0,122.0,30,1,1610612748,MIA,Miami Heat,MIA @ BOS,L,34.0,87.0,0.391,17.0,44.0,0.386,7.0,10.0,0.7,10.0,28.0,38.0,25.0,6.0,2.0,19.0,22.0,92.0,-30,1,Regular Season,00,Boston,40,13,13,32,0,1,0,10,13,8,Miami,26,8,2,0,1,19,10,24,19156.0,2:05,1
609,22021,1610612741,CHI,Chicago Bulls,0022100769,2022-02-01 00:00:00,CHI vs. ORL,W,240,46.0,90.0,0.511,11.0,30.0,0.367,23.0,29.0,0.793,11.0,38.0,49.0,25.0,5.0,6.0,10.0,15.0,126.0,11,1,1610612753,ORL,Orlando Magic,ORL @ CHI,L,46.0,93.0,0.495,14.0,39.0,0.359,9.0,11.0,0.818,3.0,33.0,36.0,33.0,7.0,4.0,9.0,18.0,115.0,-11,1,Regular Season,00,Orlando,58,9,21,7,7,5,0,9,8,4,Chicago,46,14,19,13,1,10,6,11,20217.0,2:06,1
610,22021,1610612761,TOR,Toronto Raptors,0022100784,2022-02-01 00:00:00,TOR vs. MIA,W,240,39.0,81.0,0.481,12.0,26.0,0.462,20.0,29.0,0.69,15.0,28.0,43.0,20.0,9.0,3.0,15.0,24.0,110.0,4,1,1610612748,MIA,Miami Heat,MIA @ TOR,L,38.0,78.0,0.487,8.0,30.0,0.267,22.0,25.0,0.88,10.0,28.0,38.0,26.0,8.0,1.0,17.0,25.0,106.0,-4,1,Regular Season,00,Miami,52,10,8,15,5,2,1,17,6,24,Toronto,40,19,10,8,0,15,7,19,,2:17,1
611,22021,1610612749,MIL,Milwaukee Bucks,0022100768,2022-02-01 00:00:00,MIL vs. WAS,W,240,46.0,92.0,0.5,12.0,38.0,0.316,8.0,9.0,0.889,8.0,36.0,44.0,26.0,7.0,2.0,9.0,17.0,112.0,14,1,1610612764,WAS,Washington Wizards,WAS @ MIL,L,36.0,82.0,0.439,12.0,35.0,0.343,14.0,20.0,0.7,7.0,33.0,40.0,22.0,4.0,5.0,12.0,16.0,98.0,-14,1,Regular Season,00,Milwaukee,56,8,14,17,2,5,0,9,9,8,Washington,38,9,2,3,0,12,6,10,17341.0,2:18,1
612,22021,1610612765,DET,Detroit Pistons,0022100766,2022-02-01 00:00:00,DET vs. NOP,L,240,41.0,84.0,0.488,8.0,32.0,0.25,11.0,14.0,0.786,6.0,29.0,35.0,21.0,7.0,3.0,19.0,25.0,101.0,-10,1,1610612740,NOP,New Orleans Pelicans,NOP @ DET,W,39.0,89.0,0.438,8.0,28.0,0.286,25.0,28.0,0.893,16.0,30.0,46.0,24.0,8.0,5.0,17.0,17.0,111.0,10,1,Regular Season,00,New Orleans,46,25,2,11,13,9,2,17,11,16,Detroit,50,13,5,15,1,19,7,12,15499.0,2:20,0
613,22021,1610612750,MIN,Minnesota Timberwolves,0022100770,2022-02-01 00:00:00,MIN vs. DEN,W,240,46.0,93.0,0.495,19.0,45.0,0.422,19.0,25.0,0.76,13.0,39.0,52.0,35.0,8.0,9.0,10.0,21.0,130.0,15,1,1610612743,DEN,Denver Nuggets,DEN @ MIN,L,38.0,89.0,0.427,14.0,44.0,0.318,25.0,28.0,0.893,10.0,36.0,46.0,27.0,7.0,4.0,12.0,17.0,115.0,-15,1,Regular Season,00,Denver,42,13,11,7,6,3,0,12,4,13,Minnesota,46,19,11,30,0,10,5,13,15839.0,2:08,1
614,22021,1610612756,PHX,Phoenix Suns,0022100772,2022-02-01 00:00:00,PHX vs. BKN,W,240,42.0,76.0,0.553,11.0,31.0,0.355,26.0,31.0,0.839,7.0,30.0,37.0,26.0,8.0,4.0,16.0,19.0,121.0,10,1,1610612751,BKN,Brooklyn Nets,BKN @ PHX,L,40.0,81.0,0.494,16.0,40.0,0.4,15.0,21.0,0.714,6.0,27.0,33.0,25.0,7.0,1.0,12.0,27.0,111.0,-10,1,Regular Season,00,Phoenix,44,11,4,14,6,5,1,16,7,15,Brooklyn,42,7,5,1,1,12,9,19,17071.0,2:22,1
615,22021,1610612755,PHI,Philadelphia 76ers,0022100774,2022-02-02 00:00:00,PHI vs. WAS,L,240,41.0,91.0,0.451,11.0,27.0,0.407,10.0,13.0,0.769,10.0,31.0,41.0,23.0,2.0,4.0,4.0,20.0,103.0,-3,1,1610612764,WAS,Washington Wizards,WAS @ PHI,W,41.0,90.0,0.456,9.0,22.0,0.409,15.0,19.0,0.789,15.0,37.0,52.0,25.0,1.0,5.0,10.0,14.0,106.0,3,1,Regular Season,00,Philadelphia,46,5,5,5,17,8,0,4,6,5,Washington,50,9,12,12,2,10,7,6,20089.0,2:11,0
616,22021,1610612754,IND,Indiana Pacers,0022100773,2022-02-02 00:00:00,IND vs. ORL,L,240,44.0,98.0,0.449,14.0,32.0,0.438,16.0,23.0,0.696,7.0,39.0,46.0,25.0,7.0,1.0,8.0,19.0,118.0,-1,1,1610612753,ORL,Orlando Magic,ORL @ IND,W,42.0,95.0,0.442,11.0,35.0,0.314,24.0,26.0,0.923,9.0,43.0,52.0,29.0,5.0,3.0,12.0,21.0,119.0,1,1,Regular Season,00,Indiana,46,5,15,17,3,4,0,8,12,10,Orlando,60,11,14,4,0,12,6,11,14528.0,2:24,0
617,22021,1610612738,BOS,Boston Celtics,0022100775,2022-02-02 00:00:00,BOS vs. CHA,W,240,42.0,82.0,0.512,14.0,36.0,0.389,15.0,17.0,0.882,6.0,36.0,42.0,31.0,9.0,5.0,19.0,21.0,113.0,6,1,1610612766,CHA,Charlotte Hornets,CHA @ BOS,L,37.0,87.0,0.425,12.0,40.0,0.3,21.0,27.0,0.778,14.0,32.0,46.0,18.0,12.0,4.0,16.0,20.0,107.0,-6,1,Regular Season,00,Boston,44,11,10,12,6,8,1,19,5,21,Charlotte,42,8,24,5,0,16,5,28,19156.0,2:13,1
618,22021,1610612752,NYK,New York Knicks,0022100776,2022-02-02 00:00:00,NYK vs. MEM,L,240,38.0,88.0,0.432,12.0,36.0,0.333,20.0,26.0,0.769,13.0,35.0,48.0,23.0,5.0,10.0,15.0,19.0,108.0,-12,1,1610612763,MEM,Memphis Grizzlies,MEM @ NYK,W,44.0,102.0,0.431,16.0,39.0,0.41,16.0,23.0,0.696,15.0,36.0,51.0,30.0,11.0,5.0,11.0,18.0,120.0,12,1,Regular Season,00,New York,50,15,18,1,1,1,0,15,5,17,Memphis,48,25,16,19,2,11,17,10,19812.0,2:25,0
619,22021,1610612742,DAL,Dallas Mavericks,0022100778,2022-02-02 00:00:00,DAL vs. OKC,L,265,46.0,98.0,0.469,14.0,43.0,0.326,8.0,10.0,0.8,13.0,26.0,39.0,28.0,12.0,8.0,14.0,21.0,114.0,-6,1,1610612760,OKC,Oklahoma City Thunder,OKC @ DAL,W,41.0,86.0,0.477,17.0,37.0,0.459,21.0,25.0,0.84,14.0,36.0,50.0,25.0,6.0,8.0,20.0,16.0,120.0,6,1,Regular Season,00,Oklahoma City,48,22,8,12,16,9,2,20,8,21,Dallas,54,23,2,7,1,14,6,8,19200.0,2:22,0
620,22021,1610612758,SAC,Sacramento Kings,0022100780,2022-02-02 00:00:00,SAC vs. BKN,W,240,41.0,93.0,0.441,14.0,42.0,0.333,16.0,18.0,0.889,15.0,33.0,48.0,23.0,8.0,7.0,14.0,15.0,112.0,11,1,1610612751,BKN,Brooklyn Nets,BKN @ SAC,L,41.0,84.0,0.488,8.0,25.0,0.32,11.0,14.0,0.786,10.0,30.0,40.0,22.0,7.0,12.0,13.0,16.0,101.0,-11,1,Regular Season,00,Sacramento,40,13,6,11,11,4,3,14,10,21,Brooklyn,56,19,10,12,0,13,2,15,13153.0,2:01,1
621,22021,1610612762,UTA,Utah Jazz,0022100779,2022-02-02 00:00:00,UTA vs. DEN,W,240,42.0,86.0,0.488,7.0,29.0,0.241,17.0,22.0,0.773,8.0,29.0,37.0,21.0,8.0,4.0,8.0,12.0,108.0,4,1,1610612743,DEN,Denver Nuggets,DEN @ UTA,L,42.0,79.0,0.532,11.0,28.0,0.393,9.0,12.0,0.75,7.0,32.0,39.0,24.0,5.0,7.0,14.0,20.0,104.0,-4,1,Regular Season,00,Denver,42,12,6,7,8,7,0,14,3,20,Utah,64,13,11,9,1,8,10,8,18306.0,2:16,1
622,22021,1610612747,LAL,Los Angeles Lakers,0022100781,2022-02-02 00:00:00,LAL vs. POR,W,240,33.0,78.0,0.423,11.0,30.0,0.367,22.0,33.0,0.667,12.0,41.0,53.0,25.0,8.0,7.0,17.0,18.0,99.0,5,1,1610612757,POR,Portland Trail Blazers,POR @ LAL,L,35.0,98.0,0.357,14.0,42.0,0.333,10.0,19.0,0.526,18.0,37.0,55.0,23.0,11.0,3.0,13.0,28.0,94.0,-5,1,Regular Season,00,Los Angeles,32,10,11,13,4,4,1,17,9,24,Portland,40,15,16,6,1,13,11,1,17259.0,2:19,1
623,22021,1610612765,DET,Detroit Pistons,0022100782,2022-02-03 00:00:00,DET vs. MIN,L,240,40.0,91.0,0.44,15.0,46.0,0.326,22.0,28.0,0.786,13.0,32.0,45.0,27.0,3.0,6.0,16.0,24.0,117.0,-11,1,1610612750,MIN,Minnesota Timberwolves,MIN @ DET,W,44.0,87.0,0.506,15.0,34.0,0.441,25.0,28.0,0.893,9.0,33.0,42.0,29.0,11.0,3.0,14.0,18.0,128.0,11,1,Regular Season,00,Detroit,50,22,4,8,9,8,1,16,10,21,Minnesota,54,4,23,16,0,14,6,10,15523.0,2:15,0
624,22021,1610612742,DAL,Dallas Mavericks,0022100791,2022-02-04 00:00:00,DAL vs. PHI,W,240,39.0,85.0,0.459,10.0,34.0,0.294,19.0,23.0,0.826,11.0,29.0,40.0,22.0,8.0,0.0,11.0,18.0,107.0,9,1,1610612755,PHI,Philadelphia 76ers,PHI @ DAL,L,36.0,70.0,0.514,9.0,27.0,0.333,17.0,23.0,0.739,6.0,30.0,36.0,23.0,5.0,5.0,14.0,22.0,98.0,-9,1,Regular Season,00,Dallas,46,19,4,11,10,2,1,11,8,12,Philadelphia,44,12,6,16,1,14,6,20,19200.0,2:60,1
625,22021,1610612757,POR,Portland Trail Blazers,0022100795,2022-02-04 00:00:00,POR vs. OKC,L,240,40.0,101.0,0.396,6.0,33.0,0.182,7.0,10.0,0.7,17.0,36.0,53.0,18.0,7.0,4.0,12.0,18.0,93.0,-3,1,1610612760,OKC,Oklahoma City Thunder,OKC @ POR,W,33.0,87.0,0.379,15.0,42.0,0.357,15.0,21.0,0.714,13.0,39.0,52.0,24.0,5.0,6.0,15.0,18.0,96.0,3,1,Regular Season,00,Portland,58,14,8,10,13,7,0,12,9,7,Oklahoma City,28,11,8,7,1,15,10,17,15329.0,2:13,0
626,22021,1610612765,DET,Detroit Pistons,0022100788,2022-02-04 00:00:00,DET vs. BOS,L,240,34.0,104.0,0.327,10.0,26.0,0.385,15.0,20.0,0.75,20.0,36.0,56.0,18.0,5.0,4.0,11.0,24.0,93.0,-9,1,1610612738,BOS,Boston Celtics,BOS @ DET,W,37.0,82.0,0.451,9.0,28.0,0.321,19.0,25.0,0.76,11.0,44.0,55.0,23.0,4.0,9.0,14.0,17.0,102.0,9,1,Regular Season,00,Detroit,36,19,7,0,0,0,0,11,11,11,Boston,42,12,7,24,1,14,4,8,17584.0,2:09,0
627,22021,1610612754,IND,Indiana Pacers,0022100789,2022-02-04 00:00:00,IND vs. CHI,L,240,47.0,95.0,0.495,12.0,27.0,0.444,9.0,9.0,1.0,10.0,27.0,37.0,25.0,3.0,3.0,13.0,19.0,115.0,-7,1,1610612741,CHI,Chicago Bulls,CHI @ IND,W,49.0,90.0,0.544,6.0,26.0,0.231,18.0,23.0,0.783,10.0,33.0,43.0,30.0,5.0,6.0,9.0,17.0,122.0,7,1,Regular Season,00,Indiana,54,10,13,1,2,2,1,13,6,14,Chicago,70,13,10,12,0,9,8,10,16355.0,2:13,0
628,22021,1610612743,DEN,Denver Nuggets,0022100794,2022-02-04 00:00:00,DEN vs. NOP,L,240,35.0,78.0,0.449,19.0,41.0,0.463,16.0,17.0,0.941,7.0,24.0,31.0,22.0,9.0,4.0,15.0,20.0,105.0,-8,1,1610612740,NOP,New Orleans Pelicans,NOP @ DEN,W,42.0,75.0,0.56,8.0,25.0,0.32,21.0,23.0,0.913,5.0,33.0,38.0,27.0,8.0,5.0,15.0,18.0,113.0,8,1,Regular Season,00,Denver,32,14,7,6,18,15,0,15,2,13,New Orleans,60,6,13,8,1,15,8,21,16152.0,2:08,0
629,22021,1610612761,TOR,Toronto Raptors,0022100790,2022-02-04 00:00:00,TOR vs. ATL,W,240,46.0,81.0,0.568,17.0,27.0,0.63,16.0,18.0,0.889,8.0,37.0,45.0,29.0,7.0,4.0,17.0,18.0,125.0,11,1,1610612737,ATL,Atlanta Hawks,ATL @ TOR,L,43.0,93.0,0.462,9.0,29.0,0.31,19.0,21.0,0.905,13.0,27.0,40.0,27.0,12.0,4.0,9.0,16.0,114.0,-11,1,Regular Season,00,Toronto,46,8,14,18,1,1,3,17,3,16,Atlanta,60,17,16,8,0,9,1,6,,2:02,1
630,22021,1610612764,WAS,Washington Wizards,0022100798,2022-02-05 00:00:00,WAS vs. PHX,L,240,30.0,85.0,0.353,5.0,24.0,0.208,15.0,19.0,0.789,8.0,34.0,42.0,14.0,8.0,4.0,9.0,17.0,80.0,-15,1,1610612756,PHX,Phoenix Suns,PHX @ WAS,W,40.0,99.0,0.404,8.0,31.0,0.258,7.0,14.0,0.5,20.0,44.0,64.0,26.0,6.0,7.0,10.0,16.0,95.0,15,1,Regular Season,00,Washington,42,10,9,6,1,2,0,9,8,8,Phoenix,46,12,7,36,0,10,11,10,18058.0,2:03,0
631,22021,1610612766,CHA,Charlotte Hornets,0022100797,2022-02-05 00:00:00,CHA vs. MIA,L,240,33.0,86.0,0.384,10.0,36.0,0.278,10.0,16.0,0.625,12.0,38.0,50.0,23.0,4.0,5.0,20.0,19.0,86.0,-18,1,1610612748,MIA,Miami Heat,MIA @ CHA,W,38.0,91.0,0.418,11.0,32.0,0.344,17.0,18.0,0.944,11.0,38.0,49.0,27.0,14.0,6.0,12.0,17.0,104.0,18,1,Regular Season,00,Miami,46,8,22,30,8,8,0,12,7,18,Charlotte,42,10,10,5,1,20,7,27,19420.0,2:00,0
632,22021,1610612757,POR,Portland Trail Blazers,0022100800,2022-02-05 00:00:00,POR vs. MIL,L,240,41.0,85.0,0.482,14.0,45.0,0.311,12.0,21.0,0.571,9.0,29.0,38.0,25.0,6.0,6.0,16.0,18.0,108.0,-29,1,1610612749,MIL,Milwaukee Bucks,MIL @ POR,W,49.0,92.0,0.533,23.0,50.0,0.46,16.0,22.0,0.727,10.0,34.0,44.0,36.0,9.0,6.0,10.0,18.0,137.0,29,1,Regular Season,00,Milwaukee,34,16,24,34,4,0,0,10,9,7,Portland,52,16,12,1,0,16,11,26,19393.0,2:08,0
633,22021,1610612758,SAC,Sacramento Kings,0022100801,2022-02-05 00:00:00,SAC vs. OKC,W,240,43.0,83.0,0.518,12.0,32.0,0.375,15.0,22.0,0.682,7.0,40.0,47.0,30.0,13.0,4.0,16.0,15.0,113.0,10,1,1610612760,OKC,Oklahoma City Thunder,OKC @ SAC,L,42.0,87.0,0.483,9.0,30.0,0.3,10.0,16.0,0.625,7.0,34.0,41.0,23.0,8.0,1.0,14.0,16.0,103.0,-10,1,Regular Season,00,Sacramento,56,14,11,17,2,5,1,16,7,19,Oklahoma City,56,5,14,1,0,14,3,20,14097.0,2:05,1
634,22021,1610612747,LAL,Los Angeles Lakers,0022100799,2022-02-05 00:00:00,LAL vs. NYK,W,265,48.0,102.0,0.471,9.0,34.0,0.265,17.0,28.0,0.607,14.0,43.0,57.0,29.0,8.0,7.0,13.0,23.0,122.0,7,1,1610612752,NYK,New York Knicks,NYK @ LAL,L,39.0,98.0,0.398,11.0,38.0,0.289,26.0,36.0,0.722,15.0,41.0,56.0,24.0,8.0,4.0,14.0,26.0,115.0,-7,1,Regular Season,00,New York,48,12,25,21,5,5,0,14,14,18,Los Angeles,72,21,17,9,0,13,7,20,18997.0,2:48,1
635,22021,1610612750,MIN,Minnesota Timberwolves,0022100803,2022-02-06 00:00:00,MIN vs. DET,W,240,42.0,91.0,0.462,17.0,36.0,0.472,17.0,21.0,0.81,11.0,40.0,51.0,27.0,6.0,7.0,10.0,19.0,118.0,13,1,1610612765,DET,Detroit Pistons,DET @ MIN,L,40.0,95.0,0.421,12.0,32.0,0.375,13.0,19.0,0.684,14.0,33.0,47.0,28.0,6.0,9.0,11.0,22.0,105.0,-13,1,Regular Season,00,Detroit,46,14,11,5,17,7,1,11,6,16,Minnesota,40,13,20,13,0,10,10,13,16487.0,2:09,1
636,22021,1610612741,CHI,Chicago Bulls,0022100802,2022-02-06 00:00:00,CHI vs. PHI,L,240,39.0,81.0,0.481,7.0,26.0,0.269,23.0,26.0,0.885,6.0,32.0,38.0,21.0,3.0,4.0,8.0,19.0,108.0,-11,1,1610612755,PHI,Philadelphia 76ers,PHI @ CHI,W,45.0,84.0,0.536,12.0,24.0,0.5,17.0,21.0,0.81,4.0,34.0,38.0,29.0,5.0,5.0,11.0,17.0,119.0,11,1,Regular Season,00,Philadelphia,52,1,8,17,6,1,2,11,8,13,Chicago,50,8,11,1,0,8,4,11,20233.0,2:14,0
637,22021,1610612742,DAL,Dallas Mavericks,0022100807,2022-02-06 00:00:00,DAL vs. ATL,W,240,38.0,88.0,0.432,16.0,36.0,0.444,11.0,13.0,0.846,12.0,36.0,48.0,25.0,8.0,5.0,16.0,25.0,103.0,9,1,1610612737,ATL,Atlanta Hawks,ATL @ DAL,L,37.0,95.0,0.389,5.0,25.0,0.2,15.0,16.0,0.938,15.0,35.0,50.0,21.0,7.0,4.0,12.0,18.0,94.0,-9,1,Regular Season,00,Atlanta,56,20,10,4,6,9,0,12,7,7,Dallas,32,13,13,12,2,16,6,21,19887.0,2:14,1
638,22021,1610612746,LAC,LA Clippers,0022100809,2022-02-06 00:00:00,LAC vs. MIL,L,240,40.0,96.0,0.417,18.0,46.0,0.391,15.0,16.0,0.938,10.0,34.0,44.0,26.0,6.0,2.0,10.0,20.0,113.0,-24,1,1610612749,MIL,Milwaukee Bucks,MIL @ LAC,W,48.0,88.0,0.545,19.0,38.0,0.5,22.0,27.0,0.815,7.0,43.0,50.0,28.0,6.0,4.0,10.0,15.0,137.0,24,1,Regular Season,00,LA,30,10,7,9,11,3,0,10,3,13,Milwaukee,46,13,28,26,0,10,5,12,17395.0,2:08,0
639,22021,1610612743,DEN,Denver Nuggets,0022100804,2022-02-06 00:00:00,DEN vs. BKN,W,240,49.0,94.0,0.521,10.0,32.0,0.313,16.0,21.0,0.762,11.0,44.0,55.0,37.0,7.0,2.0,11.0,20.0,124.0,20,1,1610612751,BKN,Brooklyn Nets,BKN @ DEN,L,36.0,87.0,0.414,16.0,41.0,0.39,16.0,22.0,0.727,8.0,28.0,36.0,24.0,8.0,9.0,10.0,19.0,104.0,-20,1,Regular Season,00,Brooklyn,32,13,18,7,4,4,0,10,7,13,Denver,64,13,10,22,1,11,9,12,18241.0,2:07,1
640,22021,1610612739,CLE,Cleveland Cavaliers,0022100805,2022-02-06 00:00:00,CLE vs. IND,W,240,34.0,84.0,0.405,11.0,32.0,0.344,19.0,28.0,0.679,16.0,34.0,50.0,25.0,9.0,5.0,11.0,22.0,98.0,13,1,1610612754,IND,Indiana Pacers,IND @ CLE,L,31.0,83.0,0.373,8.0,31.0,0.258,15.0,17.0,0.882,13.0,34.0,47.0,17.0,5.0,2.0,19.0,26.0,85.0,-13,1,Regular Season,00,Indiana,42,8,10,20,1,0,0,19,7,24,Cleveland,44,12,13,17,1,11,9,14,19432.0,2:20,1
641,22021,1610612745,HOU,Houston Rockets,0022100808,2022-02-06 00:00:00,HOU vs. NOP,L,240,40.0,84.0,0.476,16.0,45.0,0.356,11.0,16.0,0.688,5.0,28.0,33.0,28.0,5.0,7.0,18.0,23.0,107.0,-13,1,1610612740,NOP,New Orleans Pelicans,NOP @ HOU,W,41.0,77.0,0.532,12.0,29.0,0.414,26.0,36.0,0.722,5.0,28.0,33.0,29.0,12.0,4.0,13.0,23.0,120.0,13,1,Regular Season,00,New Orleans,50,4,15,15,9,10,3,13,13,16,Houston,46,16,4,11,2,18,16,24,15702.0,2:13,0
642,22021,1610612753,ORL,Orlando Magic,0022100806,2022-02-06 00:00:00,ORL vs. BOS,L,240,29.0,81.0,0.358,5.0,26.0,0.192,20.0,21.0,0.952,8.0,32.0,40.0,17.0,8.0,5.0,19.0,16.0,83.0,-33,1,1610612738,BOS,Boston Celtics,BOS @ ORL,W,45.0,99.0,0.455,13.0,46.0,0.283,13.0,14.0,0.929,16.0,39.0,55.0,29.0,9.0,6.0,16.0,17.0,116.0,33,1,Regular Season,00,Boston,58,21,15,33,0,0,2,16,8,16,Orlando,48,12,10,0,2,19,5,16,14402.0,2:06,0
643,22021,1610612762,UTA,Utah Jazz,0022100814,2022-02-07 00:00:00,UTA vs. NYK,W,240,39.0,93.0,0.419,12.0,48.0,0.25,23.0,27.0,0.852,14.0,35.0,49.0,19.0,6.0,6.0,12.0,26.0,113.0,9,1,1610612752,NYK,New York Knicks,NYK @ UTA,L,36.0,95.0,0.379,8.0,33.0,0.242,24.0,35.0,0.686,20.0,36.0,56.0,18.0,8.0,3.0,16.0,23.0,104.0,-9,1,Regular Season,00,New York,40,22,4,12,15,9,0,16,15,29,Utah,46,10,6,11,2,12,8,16,18306.0,2:23,1
644,22021,1610612741,CHI,Chicago Bulls,0022100812,2022-02-07 00:00:00,CHI vs. PHX,L,240,43.0,90.0,0.478,10.0,26.0,0.385,28.0,31.0,0.903,11.0,29.0,40.0,18.0,7.0,2.0,9.0,18.0,124.0,-3,1,1610612756,PHX,Phoenix Suns,PHX @ CHI,W,49.0,90.0,0.544,12.0,32.0,0.375,17.0,19.0,0.895,10.0,34.0,44.0,31.0,5.0,5.0,11.0,23.0,127.0,3,1,Regular Season,00,Chicago,46,14,20,2,1,2,0,9,4,7,Phoenix,52,17,9,27,1,11,5,16,20615.0,2:10,0
645,22021,1610612766,CHA,Charlotte Hornets,0022100810,2022-02-07 00:00:00,CHA vs. TOR,L,240,39.0,95.0,0.411,9.0,40.0,0.225,14.0,16.0,0.875,9.0,29.0,38.0,28.0,11.0,4.0,13.0,19.0,101.0,-15,1,1610612761,TOR,Toronto Raptors,TOR @ CHA,W,41.0,84.0,0.488,15.0,35.0,0.429,19.0,29.0,0.655,14.0,37.0,51.0,21.0,9.0,5.0,18.0,20.0,116.0,15,1,Regular Season,00,Charlotte,58,17,14,2,1,2,0,13,11,20,Toronto,48,14,21,23,0,18,11,23,14102.0,2:09,0
646,22021,1610612764,WAS,Washington Wizards,0022100811,2022-02-07 00:00:00,WAS vs. MIA,L,240,36.0,80.0,0.45,7.0,31.0,0.226,21.0,23.0,0.913,7.0,26.0,33.0,25.0,10.0,0.0,17.0,18.0,100.0,-21,1,1610612748,MIA,Miami Heat,MIA @ WAS,W,43.0,76.0,0.566,18.0,32.0,0.563,17.0,21.0,0.81,5.0,32.0,37.0,29.0,9.0,1.0,19.0,23.0,121.0,21,1,Regular Season,00,Washington,58,12,10,0,0,1,1,17,6,26,Miami,40,9,12,35,1,19,7,26,14222.0,2:12,0
647,22021,1610612740,NOP,New Orleans Pelicans,0022100819,2022-02-08 00:00:00,NOP vs. HOU,W,240,42.0,80.0,0.525,8.0,32.0,0.25,18.0,20.0,0.9,8.0,35.0,43.0,27.0,10.0,10.0,19.0,29.0,110.0,13,1,1610612745,HOU,Houston Rockets,HOU @ NOP,L,32.0,86.0,0.372,13.0,42.0,0.31,20.0,31.0,0.645,18.0,29.0,47.0,19.0,8.0,3.0,21.0,23.0,97.0,-13,1,Regular Season,00,New Orleans,52,7,8,19,1,0,0,19,5,16,Houston,38,21,15,8,0,21,10,25,15121.0,2:15,1
648,22021,1610612763,MEM,Memphis Grizzlies,0022100818,2022-02-08 00:00:00,MEM vs. LAC,W,240,53.0,103.0,0.515,9.0,26.0,0.346,20.0,25.0,0.8,21.0,34.0,55.0,26.0,12.0,6.0,13.0,18.0,135.0,26,1,1610612746,LAC,LA Clippers,LAC @ MEM,L,40.0,89.0,0.449,11.0,31.0,0.355,18.0,24.0,0.75,11.0,29.0,40.0,25.0,8.0,7.0,17.0,17.0,109.0,-26,1,Regular Season,00,LA,46,10,8,2,4,6,0,17,9,21,Memphis,78,24,22,34,0,13,6,16,16101.0,2:10,1
649,22021,1610612737,ATL,Atlanta Hawks,0022100816,2022-02-08 00:00:00,ATL vs. IND,W,240,52.0,90.0,0.578,17.0,33.0,0.515,12.0,16.0,0.75,10.0,33.0,43.0,36.0,8.0,7.0,16.0,26.0,133.0,21,1,1610612754,IND,Indiana Pacers,IND @ ATL,L,37.0,93.0,0.398,10.0,31.0,0.323,28.0,33.0,0.848,18.0,25.0,43.0,22.0,10.0,4.0,13.0,16.0,112.0,-21,1,Regular Season,00,Atlanta,56,8,5,35,0,1,2,16,8,13,Indiana,48,18,13,0,0,13,9,19,14265.0,2:07,1
650,22021,1610612758,SAC,Sacramento Kings,0022100824,2022-02-08 00:00:00,SAC vs. MIN,L,240,41.0,83.0,0.494,9.0,25.0,0.36,23.0,26.0,0.885,5.0,33.0,38.0,29.0,4.0,3.0,19.0,20.0,114.0,-20,1,1610612750,MIN,Minnesota Timberwolves,MIN @ SAC,W,50.0,104.0,0.481,22.0,44.0,0.5,12.0,17.0,0.706,16.0,33.0,49.0,34.0,10.0,4.0,14.0,24.0,134.0,20,1,Regular Season,00,Sacramento,52,12,9,3,15,5,0,19,8,16,Minnesota,50,23,29,25,2,14,9,8,12409.0,2:07,0
651,22021,1610612757,POR,Portland Trail Blazers,0022100823,2022-02-08 00:00:00,POR vs. ORL,L,240,32.0,91.0,0.352,11.0,38.0,0.289,20.0,26.0,0.769,17.0,33.0,50.0,21.0,9.0,5.0,13.0,12.0,95.0,-18,1,1610612753,ORL,Orlando Magic,ORL @ POR,W,44.0,90.0,0.489,19.0,38.0,0.5,6.0,8.0,0.75,10.0,40.0,50.0,34.0,8.0,7.0,15.0,18.0,113.0,18,1,Regular Season,00,Orlando,42,15,14,20,9,4,1,15,5,23,Portland,36,25,17,3,0,13,8,16,16024.0,1:58,0
652,22021,1610612755,PHI,Philadelphia 76ers,0022100815,2022-02-08 00:00:00,PHI vs. PHX,L,240,41.0,89.0,0.461,10.0,32.0,0.313,17.0,18.0,0.944,6.0,38.0,44.0,24.0,7.0,4.0,15.0,22.0,109.0,-5,1,1610612756,PHX,Phoenix Suns,PHX @ PHI,W,43.0,95.0,0.453,6.0,26.0,0.231,22.0,24.0,0.917,11.0,37.0,48.0,27.0,7.0,5.0,8.0,15.0,114.0,5,1,Regular Season,00,Phoenix,54,17,10,7,16,8,0,8,3,9,Philadelphia,50,10,19,14,1,15,8,27,20720.0,2:11,0
653,22021,1610612747,LAL,Los Angeles Lakers,0022100822,2022-02-08 00:00:00,LAL vs. MIL,L,240,44.0,85.0,0.518,10.0,32.0,0.313,18.0,30.0,0.6,12.0,29.0,41.0,28.0,7.0,6.0,16.0,20.0,116.0,-15,1,1610612749,MIL,Milwaukee Bucks,MIL @ LAL,W,52.0,96.0,0.542,15.0,36.0,0.417,12.0,20.0,0.6,11.0,31.0,42.0,31.0,10.0,4.0,12.0,24.0,131.0,15,1,Regular Season,00,Los Angeles,64,17,9,2,8,2,0,16,8,25,Milwaukee,64,17,15,30,1,12,14,11,18997.0,2:26,0
654,22021,1610612751,BKN,Brooklyn Nets,0022100817,2022-02-08 00:00:00,BKN vs. BOS,L,240,38.0,99.0,0.384,10.0,36.0,0.278,5.0,13.0,0.385,15.0,25.0,40.0,22.0,6.0,4.0,14.0,18.0,91.0,-35,1,1610612738,BOS,Boston Celtics,BOS @ BKN,W,50.0,91.0,0.549,14.0,40.0,0.35,12.0,16.0,0.75,11.0,41.0,52.0,32.0,6.0,8.0,14.0,14.0,126.0,35,1,Regular Season,00,Boston,64,9,16,35,0,0,1,14,8,14,Brooklyn,54,15,6,0,1,14,14,20,17732.0,2:06,0
655,22021,1610612742,DAL,Dallas Mavericks,0022100820,2022-02-08 00:00:00,DAL vs. DET,W,240,40.0,79.0,0.506,18.0,36.0,0.5,18.0,23.0,0.783,6.0,41.0,47.0,24.0,10.0,5.0,13.0,18.0,116.0,30,1,1610612765,DET,Detroit Pistons,DET @ DAL,L,33.0,87.0,0.379,5.0,30.0,0.167,15.0,22.0,0.682,13.0,32.0,45.0,20.0,5.0,2.0,15.0,24.0,86.0,-30,1,Regular Season,00,Detroit,46,26,6,4,6,5,0,15,6,17,Dallas,36,1,16,37,0,13,7,17,19200.0,2:07,1
656,22021,1610612743,DEN,Denver Nuggets,0022100821,2022-02-08 00:00:00,DEN vs. NYK,W,240,46.0,85.0,0.541,16.0,39.0,0.41,24.0,31.0,0.774,12.0,40.0,52.0,31.0,5.0,1.0,13.0,18.0,132.0,17,1,1610612752,NYK,New York Knicks,NYK @ DEN,L,45.0,101.0,0.446,15.0,43.0,0.349,10.0,12.0,0.833,14.0,27.0,41.0,25.0,9.0,3.0,9.0,25.0,115.0,-17,1,Regular Season,00,Denver,54,16,21,27,7,5,0,13,7,13,New York,54,18,8,5,1,9,4,19,15093.0,2:09,1
657,22021,1610612766,CHA,Charlotte Hornets,0022100826,2022-02-09 00:00:00,CHA vs. CHI,L,240,40.0,93.0,0.43,13.0,43.0,0.302,16.0,23.0,0.696,11.0,32.0,43.0,26.0,7.0,1.0,9.0,16.0,109.0,-12,1,1610612741,CHI,Chicago Bulls,CHI @ CHA,W,46.0,82.0,0.561,16.0,33.0,0.485,13.0,19.0,0.684,5.0,35.0,40.0,27.0,4.0,5.0,14.0,17.0,121.0,12,1,Regular Season,00,Chicago,44,7,6,21,7,3,2,14,8,25,Charlotte,50,4,27,8,1,9,11,9,19099.0,2:12,0
658,22021,1610612760,OKC,Oklahoma City Thunder,0022100827,2022-02-09 00:00:00,OKC vs. TOR,L,240,36.0,87.0,0.414,14.0,47.0,0.298,12.0,14.0,0.857,14.0,31.0,45.0,28.0,11.0,4.0,18.0,17.0,98.0,-19,1,1610612761,TOR,Toronto Raptors,TOR @ OKC,W,45.0,88.0,0.511,13.0,35.0,0.371,14.0,14.0,1.0,10.0,35.0,45.0,22.0,9.0,4.0,16.0,16.0,117.0,19,1,Regular Season,00,Oklahoma City,38,14,23,1,2,1,1,18,2,25,Toronto,58,13,19,21,0,16,4,24,13858.0,1:57,0
659,22021,1610612758,SAC,Sacramento Kings,0022100830,2022-02-09 00:00:00,SAC vs. MIN,W,240,48.0,93.0,0.516,12.0,30.0,0.4,24.0,27.0,0.889,11.0,40.0,51.0,32.0,4.0,7.0,14.0,19.0,132.0,13,1,1610612750,MIN,Minnesota Timberwolves,MIN @ SAC,L,44.0,98.0,0.449,16.0,46.0,0.348,15.0,18.0,0.833,6.0,28.0,34.0,28.0,4.0,6.0,10.0,21.0,119.0,-13,1,Regular Season,00,Sacramento,72,17,20,13,9,9,1,14,11,19,Minnesota,52,17,8,13,0,10,9,14,12527.0,2:19,1
660,22021,1610612739,CLE,Cleveland Cavaliers,0022100825,2022-02-09 00:00:00,CLE vs. SAS,W,240,39.0,82.0,0.476,9.0,21.0,0.429,18.0,24.0,0.75,10.0,41.0,51.0,18.0,8.0,2.0,15.0,12.0,105.0,13,1,1610612759,SAS,San Antonio Spurs,SAS @ CLE,L,38.0,99.0,0.384,8.0,33.0,0.242,8.0,11.0,0.727,15.0,31.0,46.0,24.0,8.0,4.0,13.0,17.0,92.0,-13,1,Regular Season,00,San Antonio,54,10,18,8,7,0,0,13,9,17,Cleveland,50,14,13,23,2,15,7,18,19432.0,2:01,1
661,22021,1610612740,NOP,New Orleans Pelicans,0022100833,2022-02-10 00:00:00,NOP vs. MIA,L,240,36.0,85.0,0.424,11.0,41.0,0.268,14.0,16.0,0.875,12.0,27.0,39.0,19.0,8.0,6.0,17.0,23.0,97.0,-15,1,1610612748,MIA,Miami Heat,MIA @ NOP,W,39.0,81.0,0.481,10.0,32.0,0.313,24.0,28.0,0.857,11.0,32.0,43.0,25.0,12.0,4.0,14.0,19.0,112.0,15,1,Regular Season,00,Miami,50,25,10,15,4,6,1,14,8,9,New Orleans,34,13,6,5,0,17,7,22,16672.0,2:09,0
662,22021,1610612765,DET,Detroit Pistons,0022100831,2022-02-10 00:00:00,DET vs. MEM,L,240,41.0,94.0,0.436,7.0,35.0,0.2,18.0,21.0,0.857,10.0,30.0,40.0,27.0,4.0,7.0,10.0,29.0,107.0,-25,1,1610612763,MEM,Memphis Grizzlies,MEM @ DET,W,44.0,92.0,0.478,15.0,30.0,0.5,29.0,42.0,0.69,18.0,42.0,60.0,32.0,6.0,4.0,13.0,23.0,132.0,25,1,Regular Season,00,Detroit,54,15,8,0,0,1,1,10,5,13,Memphis,52,16,14,28,1,13,12,12,18744.0,2:17,0
663,22021,1610612764,WAS,Washington Wizards,0022100832,2022-02-10 00:00:00,WAS vs. BKN,W,240,43.0,85.0,0.506,11.0,31.0,0.355,16.0,18.0,0.889,10.0,31.0,41.0,29.0,7.0,5.0,12.0,23.0,113.0,1,1,1610612751,BKN,Brooklyn Nets,BKN @ WAS,L,39.0,84.0,0.464,10.0,29.0,0.345,24.0,28.0,0.857,12.0,30.0,42.0,19.0,6.0,3.0,10.0,21.0,112.0,-1,1,Regular Season,00,Brooklyn,40,16,2,9,9,4,0,10,7,3,Washington,46,9,2,13,1,12,3,10,15204.0,2:21,1
664,22021,1610612742,DAL,Dallas Mavericks,0022100835,2022-02-10 00:00:00,DAL vs. LAC,W,240,38.0,78.0,0.487,13.0,39.0,0.333,23.0,27.0,0.852,8.0,33.0,41.0,19.0,4.0,3.0,14.0,23.0,112.0,7,1,1610612746,LAC,LA Clippers,LAC @ DAL,L,39.0,81.0,0.481,9.0,23.0,0.391,18.0,25.0,0.72,4.0,27.0,31.0,24.0,9.0,2.0,10.0,25.0,105.0,-7,1,Regular Season,00,Dallas,46,8,5,17,0,1,1,14,10,12,LA,52,5,10,0,0,10,11,17,19532.0,2:22,1
665,22021,1610612762,UTA,Utah Jazz,0022100844,2022-02-11 00:00:00,UTA vs. ORL,W,240,40.0,89.0,0.449,13.0,41.0,0.317,21.0,24.0,0.875,11.0,39.0,50.0,22.0,15.0,5.0,16.0,14.0,114.0,15,1,1610612753,ORL,Orlando Magic,ORL @ UTA,L,37.0,84.0,0.44,13.0,35.0,0.371,12.0,16.0,0.75,9.0,31.0,40.0,23.0,12.0,5.0,18.0,15.0,99.0,-15,1,Regular Season,00,Utah,52,21,8,18,1,3,1,16,6,10,Orlando,44,7,7,2,0,18,7,24,18306.0,2:07,1
666,22021,1610612741,CHI,Chicago Bulls,0022100843,2022-02-11 00:00:00,CHI vs. MIN,W,240,55.0,87.0,0.632,14.0,31.0,0.452,10.0,13.0,0.769,6.0,37.0,43.0,32.0,6.0,3.0,15.0,15.0,134.0,12,1,1610612750,MIN,Minnesota Timberwolves,MIN @ CHI,L,48.0,96.0,0.5,13.0,40.0,0.325,13.0,16.0,0.813,7.0,25.0,32.0,32.0,7.0,4.0,9.0,12.0,122.0,-12,1,Regular Season,00,Chicago,56,11,15,18,16,17,2,15,5,17,Minnesota,62,10,16,5,0,9,6,9,20092.0,2:06,1
667,22021,1610612737,ATL,Atlanta Hawks,0022100841,2022-02-11 00:00:00,ATL vs. SAS,L,240,47.0,103.0,0.456,14.0,43.0,0.326,13.0,15.0,0.867,17.0,32.0,49.0,28.0,10.0,5.0,14.0,18.0,121.0,-15,1,1610612759,SAS,San Antonio Spurs,SAS @ ATL,W,50.0,90.0,0.556,18.0,32.0,0.563,18.0,21.0,0.857,5.0,36.0,41.0,37.0,11.0,4.0,14.0,21.0,136.0,15,1,Regular Season,00,Atlanta,60,16,10,0,0,1,0,14,6,19,San Antonio,48,13,23,26,0,14,5,25,17234.0,2:09,0
668,22021,1610612765,DET,Detroit Pistons,0022100838,2022-02-11 00:00:00,DET vs. CHA,L,240,48.0,102.0,0.471,12.0,35.0,0.343,11.0,18.0,0.611,16.0,29.0,45.0,32.0,10.0,6.0,18.0,20.0,119.0,-22,1,1610612766,CHA,Charlotte Hornets,CHA @ DET,W,54.0,97.0,0.557,18.0,42.0,0.429,15.0,23.0,0.652,15.0,36.0,51.0,36.0,13.0,2.0,18.0,22.0,141.0,22,1,Regular Season,00,Charlotte,70,18,15,28,6,5,0,18,7,24,Detroit,52,13,8,2,0,18,9,24,20088.0,2:08,0
669,22021,1610612754,IND,Indiana Pacers,0022100839,2022-02-11 00:00:00,IND vs. CLE,L,240,42.0,89.0,0.472,18.0,38.0,0.474,11.0,16.0,0.688,9.0,29.0,38.0,25.0,9.0,4.0,23.0,25.0,113.0,-7,1,1610612739,CLE,Cleveland Cavaliers,CLE @ IND,W,43.0,81.0,0.531,9.0,24.0,0.375,25.0,30.0,0.833,6.0,26.0,32.0,20.0,12.0,7.0,13.0,16.0,120.0,7,1,Regular Season,00,Indiana,38,16,21,21,7,2,3,23,16,28,Cleveland,60,15,12,7,0,13,9,27,15075.0,2:17,0
670,22021,1610612755,PHI,Philadelphia 76ers,0022100840,2022-02-11 00:00:00,PHI vs. OKC,W,240,36.0,93.0,0.387,7.0,26.0,0.269,21.0,26.0,0.808,15.0,40.0,55.0,19.0,7.0,10.0,11.0,16.0,100.0,13,1,1610612760,OKC,Oklahoma City Thunder,OKC @ PHI,L,35.0,90.0,0.389,6.0,35.0,0.171,11.0,12.0,0.917,11.0,41.0,52.0,21.0,6.0,8.0,16.0,21.0,87.0,-13,1,Regular Season,00,Oklahoma City,52,15,14,3,7,13,1,16,6,16,Philadelphia,46,15,21,19,0,11,5,6,20669.0,2:05,1
671,22021,1610612742,DAL,Dallas Mavericks,0022100853,2022-02-12 00:00:00,DAL vs. LAC,L,240,35.0,85.0,0.412,15.0,39.0,0.385,12.0,19.0,0.632,13.0,31.0,44.0,16.0,4.0,0.0,14.0,17.0,97.0,-2,1,1610612746,LAC,LA Clippers,LAC @ DAL,W,43.0,82.0,0.524,7.0,22.0,0.318,6.0,11.0,0.545,6.0,36.0,42.0,23.0,7.0,4.0,14.0,20.0,99.0,2,1,Regular Season,00,Dallas,38,15,8,5,14,6,0,14,7,12,LA,54,7,10,10,0,14,8,13,20028.0,2:16,0
672,22021,1610612756,PHX,Phoenix Suns,0022100855,2022-02-12 00:00:00,PHX vs. ORL,W,240,55.0,105.0,0.524,15.0,34.0,0.441,7.0,10.0,0.7,7.0,45.0,52.0,40.0,8.0,2.0,7.0,19.0,132.0,27,1,1610612753,ORL,Orlando Magic,ORL @ PHX,L,37.0,87.0,0.425,15.0,41.0,0.366,16.0,24.0,0.667,4.0,40.0,44.0,25.0,2.0,2.0,15.0,9.0,105.0,-27,1,Regular Season,00,Phoenix,68,5,18,27,1,4,0,7,7,4,Orlando,36,3,12,4,1,15,8,23,17071.0,1:58,1
673,22021,1610612757,POR,Portland Trail Blazers,0022100845,2022-02-12 00:00:00,POR vs. NYK,W,240,40.0,84.0,0.476,15.0,40.0,0.375,17.0,20.0,0.85,9.0,42.0,51.0,29.0,3.0,2.0,17.0,26.0,112.0,9,1,1610612752,NYK,New York Knicks,NYK @ POR,L,31.0,81.0,0.383,12.0,39.0,0.308,29.0,34.0,0.853,9.0,32.0,41.0,19.0,6.0,6.0,13.0,24.0,103.0,-9,1,Regular Season,00,New York,28,13,16,23,12,7,1,13,5,19,Portland,48,12,16,12,2,17,5,24,18521.0,2:16,1
674,22021,1610612761,TOR,Toronto Raptors,0022100850,2022-02-12 00:00:00,TOR vs. DEN,L,240,43.0,88.0,0.489,12.0,34.0,0.353,11.0,17.0,0.647,8.0,27.0,35.0,22.0,11.0,1.0,7.0,19.0,109.0,-1,1,1610612743,DEN,Denver Nuggets,DEN @ TOR,W,39.0,84.0,0.464,14.0,37.0,0.378,18.0,21.0,0.857,12.0,38.0,50.0,28.0,5.0,3.0,18.0,16.0,110.0,1,1,Regular Season,00,Denver,46,15,22,8,16,7,1,18,8,22,Toronto,52,11,20,8,0,7,6,10,0.0,2:08,0
675,22021,1610612766,CHA,Charlotte Hornets,0022100846,2022-02-12 00:00:00,CHA vs. MEM,L,240,39.0,97.0,0.402,14.0,45.0,0.311,26.0,33.0,0.788,18.0,35.0,53.0,28.0,7.0,6.0,17.0,29.0,118.0,-7,1,1610612763,MEM,Memphis Grizzlies,MEM @ CHA,W,47.0,96.0,0.49,11.0,33.0,0.333,20.0,33.0,0.606,16.0,41.0,57.0,31.0,11.0,8.0,17.0,26.0,125.0,7,1,Regular Season,00,Memphis,72,18,14,35,0,0,0,17,11,18,Charlotte,50,16,18,0,1,17,6,25,19454.0,2:33,0
676,22021,1610612764,WAS,Washington Wizards,0022100847,2022-02-12 00:00:00,WAS vs. SAC,L,240,41.0,88.0,0.466,13.0,38.0,0.342,15.0,21.0,0.714,10.0,22.0,32.0,26.0,11.0,3.0,10.0,19.0,110.0,-13,1,1610612758,SAC,Sacramento Kings,SAC @ WAS,W,43.0,76.0,0.566,12.0,28.0,0.429,25.0,29.0,0.862,6.0,36.0,42.0,27.0,4.0,2.0,14.0,20.0,123.0,13,1,Regular Season,00,Sacramento,50,13,2,18,6,3,0,14,5,19,Washington,40,14,6,13,1,10,11,9,14169.0,2:09,0
677,22021,1610612754,IND,Indiana Pacers,0022100857,2022-02-13 00:00:00,IND vs. MIN,L,240,45.0,102.0,0.441,13.0,45.0,0.289,17.0,22.0,0.773,22.0,32.0,54.0,28.0,5.0,6.0,13.0,21.0,120.0,-9,1,1610612750,MIN,Minnesota Timberwolves,MIN @ IND,W,43.0,84.0,0.512,18.0,34.0,0.529,25.0,28.0,0.893,8.0,30.0,38.0,23.0,8.0,8.0,14.0,25.0,129.0,9,1,Regular Season,00,Indiana,54,23,17,10,5,2,0,13,10,22,Minnesota,50,11,24,18,1,14,4,11,13532.0,2:14,0
678,22021,1610612738,BOS,Boston Celtics,0022100856,2022-02-13 00:00:00,BOS vs. ATL,W,240,36.0,85.0,0.424,11.0,38.0,0.289,22.0,27.0,0.815,12.0,42.0,54.0,21.0,5.0,6.0,12.0,15.0,105.0,10,1,1610612737,ATL,Atlanta Hawks,ATL @ BOS,L,34.0,93.0,0.366,12.0,38.0,0.316,15.0,15.0,1.0,11.0,37.0,48.0,18.0,6.0,3.0,13.0,22.0,95.0,-10,1,Regular Season,00,Boston,50,14,18,13,1,2,0,12,3,11,Atlanta,36,15,5,15,0,13,8,11,19156.0,2:15,1
679,22021,1610612741,CHI,Chicago Bulls,0022100861,2022-02-14 00:00:00,CHI vs. SAS,W,240,46.0,88.0,0.523,10.0,24.0,0.417,18.0,21.0,0.857,10.0,43.0,53.0,25.0,3.0,3.0,16.0,19.0,120.0,11,1,1610612759,SAS,San Antonio Spurs,SAS @ CHI,L,44.0,92.0,0.478,6.0,20.0,0.3,15.0,21.0,0.714,4.0,29.0,33.0,28.0,9.0,2.0,7.0,15.0,109.0,-11,1,Regular Season,00,Chicago,52,5,15,11,19,12,1,16,5,20,San Antonio,70,6,11,7,0,7,8,8,21153.0,2:08,1
680,22021,1610612762,UTA,Utah Jazz,0022100865,2022-02-14 00:00:00,UTA vs. HOU,W,240,49.0,89.0,0.551,18.0,40.0,0.45,19.0,22.0,0.864,13.0,40.0,53.0,34.0,6.0,5.0,13.0,22.0,135.0,34,1,1610612745,HOU,Houston Rockets,HOU @ UTA,L,35.0,83.0,0.422,12.0,37.0,0.324,19.0,28.0,0.679,10.0,23.0,33.0,23.0,5.0,4.0,12.0,20.0,101.0,-34,1,Regular Season,00,Houston,42,11,19,0,0,0,0,12,6,25,Utah,56,22,13,36,0,13,8,16,18306.0,2:12,1
681,22021,1610612740,NOP,New Orleans Pelicans,0022100863,2022-02-14 00:00:00,NOP vs. TOR,W,240,45.0,77.0,0.584,16.0,35.0,0.457,14.0,16.0,0.875,4.0,43.0,47.0,36.0,4.0,7.0,14.0,24.0,120.0,30,1,1610612761,TOR,Toronto Raptors,TOR @ NOP,L,29.0,95.0,0.305,8.0,34.0,0.235,24.0,31.0,0.774,19.0,25.0,44.0,8.0,7.0,3.0,8.0,14.0,90.0,-30,1,Regular Season,00,New Orleans,50,9,19,34,0,1,1,14,5,7,Toronto,36,24,4,0,2,8,11,13,15319.0,2:05,1
682,22021,1610612749,MIL,Milwaukee Bucks,0022100862,2022-02-14 00:00:00,MIL vs. POR,L,240,38.0,89.0,0.427,13.0,41.0,0.317,18.0,24.0,0.75,6.0,37.0,43.0,18.0,8.0,3.0,13.0,18.0,107.0,-15,1,1610612757,POR,Portland Trail Blazers,POR @ MIL,W,45.0,99.0,0.455,18.0,43.0,0.419,14.0,19.0,0.737,14.0,44.0,58.0,30.0,8.0,6.0,14.0,19.0,122.0,15,1,Regular Season,00,Portland,44,18,17,21,14,6,1,14,7,13,Milwaukee,46,9,28,5,0,13,8,17,17341.0,2:07,0
683,22021,1610612764,WAS,Washington Wizards,0022100858,2022-02-14 00:00:00,WAS vs. DET,W,240,40.0,85.0,0.471,9.0,29.0,0.31,14.0,18.0,0.778,10.0,35.0,45.0,21.0,8.0,3.0,15.0,16.0,103.0,9,1,1610612765,DET,Detroit Pistons,DET @ WAS,L,32.0,85.0,0.376,8.0,23.0,0.348,22.0,27.0,0.815,13.0,31.0,44.0,19.0,7.0,3.0,12.0,19.0,94.0,-9,1,Regular Season,00,Washington,48,14,5,12,8,11,0,15,10,9,Detroit,32,10,0,3,1,12,8,9,10793.0,2:12,1
684,22021,1610612752,NYK,New York Knicks,0022100860,2022-02-14 00:00:00,NYK vs. OKC,L,265,45.0,108.0,0.417,15.0,50.0,0.3,18.0,22.0,0.818,19.0,37.0,56.0,28.0,8.0,12.0,14.0,25.0,123.0,-4,1,1610612760,OKC,Oklahoma City Thunder,OKC @ NYK,W,48.0,96.0,0.5,13.0,34.0,0.382,18.0,27.0,0.667,8.0,38.0,46.0,28.0,9.0,1.0,11.0,19.0,127.0,4,1,Regular Season,00,Oklahoma City,64,16,15,8,13,12,0,11,13,17,New York,50,16,14,11,0,14,9,19,18433.0,2:32,0
685,22021,1610612750,MIN,Minnesota Timberwolves,0022100871,2022-02-15 00:00:00,MIN vs. CHA,W,265,43.0,109.0,0.394,13.0,55.0,0.236,27.0,43.0,0.628,17.0,41.0,58.0,29.0,10.0,8.0,14.0,26.0,126.0,6,1,1610612766,CHA,Charlotte Hornets,CHA @ MIN,L,42.0,102.0,0.412,8.0,33.0,0.242,28.0,37.0,0.757,16.0,46.0,62.0,31.0,9.0,7.0,14.0,30.0,120.0,-6,1,Regular Season,00,Charlotte,56,16,11,13,3,4,0,14,8,15,Minnesota,56,20,17,12,1,14,23,14,17136.0,2:48,1
686,22021,1610612756,PHX,Phoenix Suns,0022100873,2022-02-15 00:00:00,PHX vs. LAC,W,240,44.0,90.0,0.489,8.0,25.0,0.32,7.0,10.0,0.7,12.0,40.0,52.0,30.0,9.0,4.0,17.0,12.0,103.0,7,1,1610612746,LAC,LA Clippers,LAC @ PHX,L,40.0,97.0,0.412,10.0,35.0,0.286,6.0,9.0,0.667,13.0,33.0,46.0,26.0,11.0,9.0,14.0,12.0,96.0,-7,1,Regular Season,00,LA,42,9,15,8,11,10,1,14,7,15,Phoenix,58,5,19,13,1,17,4,19,17071.0,2:07,1
687,22021,1610612748,MIA,Miami Heat,0022100868,2022-02-15 00:00:00,MIA vs. DAL,L,240,35.0,84.0,0.417,7.0,27.0,0.259,22.0,27.0,0.815,15.0,33.0,48.0,19.0,1.0,2.0,12.0,23.0,99.0,-8,1,1610612742,DAL,Dallas Mavericks,DAL @ MIA,W,34.0,76.0,0.447,18.0,41.0,0.439,21.0,33.0,0.636,12.0,26.0,38.0,27.0,5.0,7.0,9.0,26.0,107.0,8,1,Regular Season,00,Miami,52,17,10,13,7,7,0,12,13,21,Dallas,24,8,8,11,1,9,9,6,19600.0,2:21,0
688,22021,1610612749,MIL,Milwaukee Bucks,0022100870,2022-02-15 00:00:00,MIL vs. IND,W,240,48.0,86.0,0.558,10.0,29.0,0.345,22.0,30.0,0.733,9.0,38.0,47.0,28.0,7.0,0.0,15.0,17.0,128.0,9,1,1610612754,IND,Indiana Pacers,IND @ MIL,L,47.0,93.0,0.505,17.0,41.0,0.415,8.0,19.0,0.421,10.0,31.0,41.0,32.0,8.0,2.0,12.0,23.0,119.0,-9,1,Regular Season,00,Indiana,48,14,10,2,8,4,0,12,8,16,Milwaukee,62,17,19,14,2,15,7,21,17341.0,2:22,1
689,22021,1610612740,NOP,New Orleans Pelicans,0022100872,2022-02-15 00:00:00,NOP vs. MEM,L,240,44.0,88.0,0.5,4.0,26.0,0.154,17.0,20.0,0.85,11.0,23.0,34.0,20.0,7.0,5.0,15.0,23.0,109.0,-12,1,1610612763,MEM,Memphis Grizzlies,MEM @ NOP,W,47.0,94.0,0.5,10.0,34.0,0.294,17.0,27.0,0.63,18.0,31.0,49.0,29.0,10.0,3.0,13.0,24.0,121.0,12,1,Regular Season,00,Memphis,62,27,9,20,1,2,1,13,13,12,New Orleans,60,18,3,2,0,15,8,12,15901.0,2:13,0
690,22021,1610612755,PHI,Philadelphia 76ers,0022100869,2022-02-15 00:00:00,PHI vs. BOS,L,240,23.0,80.0,0.288,8.0,32.0,0.25,33.0,39.0,0.846,12.0,28.0,40.0,17.0,7.0,2.0,9.0,17.0,87.0,-48,1,1610612738,BOS,Boston Celtics,BOS @ PHI,W,46.0,82.0,0.561,25.0,45.0,0.556,18.0,22.0,0.818,7.0,44.0,51.0,28.0,2.0,10.0,11.0,25.0,135.0,48,1,Regular Season,00,Boston,36,11,20,51,0,0,2,11,5,19,Philadelphia,24,12,15,0,0,9,7,12,20960.0,2:20,0
691,22021,1610612737,ATL,Atlanta Hawks,0022100867,2022-02-15 00:00:00,ATL vs. CLE,W,240,43.0,80.0,0.538,14.0,33.0,0.424,24.0,27.0,0.889,7.0,28.0,35.0,25.0,9.0,4.0,11.0,18.0,124.0,8,1,1610612739,CLE,Cleveland Cavaliers,CLE @ ATL,L,45.0,88.0,0.511,16.0,41.0,0.39,10.0,12.0,0.833,14.0,25.0,39.0,30.0,8.0,3.0,13.0,23.0,116.0,-8,1,Regular Season,00,Atlanta,52,11,16,9,16,10,0,11,8,14,Cleveland,48,25,8,5,0,13,3,13,15947.0,2:12,1
692,22021,1610612763,MEM,Memphis Grizzlies,0022100879,2022-02-16 00:00:00,MEM vs. POR,L,240,37.0,85.0,0.435,11.0,30.0,0.367,34.0,42.0,0.81,10.0,29.0,39.0,20.0,10.0,7.0,10.0,26.0,119.0,-4,1,1610612757,POR,Portland Trail Blazers,POR @ MEM,W,43.0,85.0,0.506,13.0,32.0,0.406,24.0,32.0,0.75,13.0,30.0,43.0,23.0,6.0,5.0,12.0,27.0,123.0,4,1,Regular Season,00,Portland,46,15,10,14,5,6,0,12,11,15,Memphis,50,12,27,2,1,10,13,14,16834.0,2:30,0
693,22021,1610612747,LAL,Los Angeles Lakers,0022100884,2022-02-16 00:00:00,LAL vs. UTA,W,240,41.0,86.0,0.477,10.0,36.0,0.278,14.0,22.0,0.636,12.0,32.0,44.0,24.0,9.0,7.0,12.0,18.0,106.0,5,1,1610612762,UTA,Utah Jazz,UTA @ LAL,L,37.0,79.0,0.468,11.0,33.0,0.333,16.0,19.0,0.842,8.0,33.0,41.0,17.0,11.0,6.0,13.0,22.0,101.0,-5,1,Regular Season,00,Utah,46,12,13,14,4,6,0,13,6,14,Los Angeles,52,16,16,11,1,12,7,12,17787.0,2:28,1
694,22021,1610612753,ORL,Orlando Magic,0022100874,2022-02-16 00:00:00,ORL vs. ATL,L,240,42.0,98.0,0.429,13.0,41.0,0.317,12.0,13.0,0.923,12.0,33.0,45.0,23.0,3.0,5.0,13.0,19.0,109.0,-21,1,1610612737,ATL,Atlanta Hawks,ATL @ ORL,W,45.0,90.0,0.5,18.0,33.0,0.545,22.0,28.0,0.786,13.0,34.0,47.0,23.0,7.0,6.0,11.0,20.0,130.0,21,1,Regular Season,00,Atlanta,46,10,12,32,5,3,0,11,11,14,Orlando,56,15,24,4,0,13,5,15,14398.0,2:01,0
695,22021,1610612754,IND,Indiana Pacers,0022100876,2022-02-16 00:00:00,IND vs. WAS,W,240,45.0,83.0,0.542,4.0,20.0,0.2,19.0,29.0,0.655,7.0,33.0,40.0,30.0,9.0,6.0,11.0,14.0,113.0,5,1,1610612764,WAS,Washington Wizards,WAS @ IND,L,39.0,91.0,0.429,17.0,37.0,0.459,13.0,16.0,0.813,12.0,32.0,44.0,25.0,7.0,3.0,13.0,20.0,108.0,-5,1,Regular Season,00,Indiana,74,7,20,13,2,4,0,11,11,15,Washington,36,12,15,7,1,13,8,10,14540.0,2:16,1
696,22021,1610612760,OKC,Oklahoma City Thunder,0022100881,2022-02-16 00:00:00,OKC vs. SAS,L,240,41.0,105.0,0.39,11.0,32.0,0.344,13.0,19.0,0.684,15.0,35.0,50.0,25.0,6.0,6.0,8.0,19.0,106.0,-8,1,1610612759,SAS,San Antonio Spurs,SAS @ OKC,W,43.0,98.0,0.439,10.0,34.0,0.294,18.0,22.0,0.818,14.0,43.0,57.0,29.0,3.0,7.0,14.0,15.0,114.0,8,1,Regular Season,00,Oklahoma City,54,12,7,4,9,5,0,8,12,9,San Antonio,60,15,9,16,1,14,10,10,14920.0,2:14,0
697,22021,1610612741,CHI,Chicago Bulls,0022100878,2022-02-16 00:00:00,CHI vs. SAC,W,240,47.0,94.0,0.5,12.0,29.0,0.414,19.0,20.0,0.95,13.0,34.0,47.0,25.0,8.0,2.0,13.0,16.0,125.0,7,1,1610612758,SAC,Sacramento Kings,SAC @ CHI,L,43.0,84.0,0.512,12.0,30.0,0.4,20.0,22.0,0.909,7.0,29.0,36.0,24.0,9.0,3.0,13.0,14.0,118.0,-7,1,Regular Season,00,Sacramento,56,6,5,8,5,5,0,13,3,17,Chicago,52,15,6,12,2,13,5,21,19166.0,2:12,1
698,22021,1610612750,MIN,Minnesota Timberwolves,0022100880,2022-02-16 00:00:00,MIN vs. TOR,L,240,30.0,77.0,0.39,10.0,42.0,0.238,21.0,29.0,0.724,6.0,36.0,42.0,23.0,6.0,7.0,17.0,18.0,91.0,-12,1,1610612761,TOR,Toronto Raptors,TOR @ MIN,W,40.0,88.0,0.455,8.0,25.0,0.32,15.0,19.0,0.789,9.0,39.0,48.0,21.0,7.0,6.0,13.0,21.0,103.0,12,1,Regular Season,00,Minnesota,34,7,15,6,6,4,3,17,9,18,Toronto,54,10,14,13,0,13,8,15,15982.0,2:17,0
699,22021,1610612740,NOP,New Orleans Pelicans,0022100886,2022-02-17 00:00:00,NOP vs. DAL,L,240,46.0,92.0,0.5,12.0,28.0,0.429,14.0,21.0,0.667,17.0,31.0,48.0,22.0,7.0,0.0,13.0,18.0,118.0,-7,1,1610612742,DAL,Dallas Mavericks,DAL @ NOP,W,44.0,82.0,0.537,19.0,40.0,0.475,18.0,25.0,0.72,7.0,31.0,38.0,18.0,5.0,4.0,9.0,22.0,125.0,7,1,Regular Season,00,Dallas,46,11,2,24,0,0,1,9,8,15,New Orleans,54,25,14,0,0,13,4,18,15906.0,2:07,0
700,22021,1610612766,CHA,Charlotte Hornets,0022100885,2022-02-17 00:00:00,CHA vs. MIA,L,290,38.0,95.0,0.4,10.0,42.0,0.238,21.0,30.0,0.7,17.0,41.0,58.0,27.0,6.0,4.0,18.0,28.0,107.0,-4,1,1610612748,MIA,Miami Heat,MIA @ CHA,W,41.0,102.0,0.402,14.0,48.0,0.292,15.0,23.0,0.652,15.0,41.0,56.0,31.0,4.0,5.0,15.0,23.0,111.0,4,1,Regular Season,00,Charlotte,52,16,8,14,9,6,0,18,8,17,Miami,50,9,5,13,1,15,13,18,17029.0,2:52,0
701,22021,1610612749,MIL,Milwaukee Bucks,0022100887,2022-02-17 00:00:00,MIL vs. PHI,L,240,42.0,95.0,0.442,14.0,44.0,0.318,22.0,28.0,0.786,12.0,32.0,44.0,20.0,5.0,1.0,7.0,22.0,120.0,-3,1,1610612755,PHI,Philadelphia 76ers,PHI @ MIL,W,44.0,88.0,0.5,12.0,34.0,0.353,23.0,27.0,0.852,9.0,37.0,46.0,21.0,2.0,2.0,12.0,23.0,123.0,3,1,Regular Season,00,Philadelphia,44,7,6,15,15,8,0,12,7,13,Milwaukee,38,17,13,12,0,7,10,6,17341.0,2:29,0
702,22021,1610612746,LAC,LA Clippers,0022100888,2022-02-17 00:00:00,LAC vs. HOU,W,240,51.0,92.0,0.554,18.0,35.0,0.514,22.0,26.0,0.846,12.0,38.0,50.0,34.0,12.0,5.0,18.0,16.0,142.0,31,1,1610612745,HOU,Houston Rockets,HOU @ LAC,L,42.0,91.0,0.462,13.0,37.0,0.351,14.0,19.0,0.737,12.0,23.0,35.0,29.0,8.0,2.0,19.0,20.0,111.0,-31,1,Regular Season,00,LA,64,19,31,38,2,2,2,18,10,18,Houston,56,11,24,2,1,19,4,36,17519.0,2:11,1
703,22021,1610612751,BKN,Brooklyn Nets,0022100464,2022-02-17 00:00:00,BKN vs. WAS,L,240,36.0,89.0,0.404,14.0,38.0,0.368,17.0,24.0,0.708,15.0,27.0,42.0,19.0,6.0,5.0,16.0,20.0,103.0,-14,1,1610612764,WAS,Washington Wizards,WAS @ BKN,W,46.0,83.0,0.554,12.0,24.0,0.5,13.0,16.0,0.813,8.0,30.0,38.0,26.0,10.0,7.0,16.0,21.0,117.0,14,1,Regular Season,00,Washington,54,11,16,14,10,9,1,16,9,21,Brooklyn,28,16,15,5,1,16,11,21,17477.0,2:10,0
704,22021,1610612758,SAC,Sacramento Kings,0022100895,2022-02-24 00:00:00,SAC vs. DEN,L,240,43.0,86.0,0.5,9.0,29.0,0.31,15.0,18.0,0.833,6.0,28.0,34.0,25.0,5.0,8.0,15.0,17.0,110.0,-18,1,1610612743,DEN,Denver Nuggets,DEN @ SAC,W,48.0,86.0,0.558,15.0,35.0,0.429,17.0,20.0,0.85,3.0,36.0,39.0,30.0,12.0,4.0,17.0,24.0,128.0,18,1,Regular Season,00,Sacramento,52,8,7,2,2,3,0,15,4,18,Denver,56,11,10,22,1,17,10,10,15855.0,2:11,0
705,22021,1610612751,BKN,Brooklyn Nets,0022100890,2022-02-24 00:00:00,BKN vs. BOS,L,240,39.0,94.0,0.415,7.0,29.0,0.241,21.0,28.0,0.75,8.0,30.0,38.0,25.0,8.0,4.0,11.0,16.0,106.0,-23,1,1610612738,BOS,Boston Celtics,BOS @ BKN,W,46.0,85.0,0.541,17.0,42.0,0.405,20.0,27.0,0.741,8.0,40.0,48.0,28.0,9.0,3.0,14.0,20.0,129.0,23,1,Regular Season,00,Brooklyn,46,15,7,0,0,0,1,11,16,13,Boston,54,16,23,29,1,14,6,16,17986.0,2:13,0
706,22021,1610612750,MIN,Minnesota Timberwolves,0022100892,2022-02-24 00:00:00,MIN vs. MEM,W,240,43.0,93.0,0.462,16.0,42.0,0.381,17.0,25.0,0.68,12.0,30.0,42.0,26.0,6.0,11.0,12.0,27.0,119.0,5,1,1610612763,MEM,Memphis Grizzlies,MEM @ MIN,L,38.0,98.0,0.388,9.0,31.0,0.29,29.0,40.0,0.725,26.0,33.0,59.0,25.0,9.0,7.0,16.0,21.0,114.0,-5,1,Regular Season,00,Minnesota,54,22,3,6,11,16,0,12,15,6,Memphis,52,27,14,15,1,16,13,10,16326.0,2:25,1
707,22021,1610612760,OKC,Oklahoma City Thunder,0022100893,2022-02-24 00:00:00,OKC vs. PHX,L,240,44.0,93.0,0.473,6.0,31.0,0.194,10.0,11.0,0.909,7.0,35.0,42.0,22.0,10.0,4.0,16.0,19.0,104.0,-20,1,1610612756,PHX,Phoenix Suns,PHX @ OKC,W,46.0,86.0,0.535,13.0,34.0,0.382,19.0,21.0,0.905,3.0,40.0,43.0,32.0,14.0,6.0,16.0,12.0,124.0,20,1,Regular Season,00,Oklahoma City,68,13,9,4,3,6,0,16,4,23,Phoenix,58,3,16,20,1,16,3,18,14176.0,1:58,0
708,22021,1610612766,CHA,Charlotte Hornets,0022100896,2022-02-25 00:00:00,CHA vs. TOR,W,240,52.0,94.0,0.553,15.0,40.0,0.375,6.0,9.0,0.667,13.0,39.0,52.0,34.0,10.0,7.0,18.0,20.0,125.0,32,1,1610612761,TOR,Toronto Raptors,TOR @ CHA,L,37.0,84.0,0.44,6.0,23.0,0.261,13.0,23.0,0.565,10.0,26.0,36.0,18.0,6.0,4.0,17.0,12.0,93.0,-32,1,Regular Season,00,Charlotte,70,16,17,41,0,0,2,18,3,17,Toronto,58,10,13,0,1,17,11,18,17577.0,1:59,1
709,22021,1610612756,PHX,Phoenix Suns,0022100902,2022-02-25 00:00:00,PHX vs. NOP,L,240,36.0,82.0,0.439,12.0,40.0,0.3,18.0,24.0,0.75,7.0,30.0,37.0,23.0,6.0,8.0,14.0,27.0,102.0,-15,1,1610612740,NOP,New Orleans Pelicans,NOP @ PHX,W,38.0,87.0,0.437,8.0,29.0,0.276,33.0,41.0,0.805,16.0,37.0,53.0,21.0,10.0,4.0,11.0,18.0,117.0,15,1,Regular Season,00,Phoenix,34,7,6,4,7,5,0,14,8,17,New Orleans,42,15,10,17,1,11,11,6,17071.0,2:13,0
710,22021,1610612753,ORL,Orlando Magic,0022100898,2022-02-25 00:00:00,ORL vs. HOU,W,240,42.0,83.0,0.506,13.0,36.0,0.361,22.0,29.0,0.759,10.0,44.0,54.0,20.0,7.0,4.0,19.0,22.0,119.0,8,1,1610612745,HOU,Houston Rockets,HOU @ ORL,L,44.0,94.0,0.468,14.0,47.0,0.298,9.0,20.0,0.45,10.0,31.0,41.0,22.0,12.0,3.0,13.0,24.0,111.0,-8,1,Regular Season,00,Houston,58,22,20,14,3,6,0,13,7,11,Orlando,50,16,21,11,1,19,7,21,16631.0,2:17,1
711,22021,1610612764,WAS,Washington Wizards,0022100899,2022-02-25 00:00:00,WAS vs. SAS,L,290,59.0,108.0,0.546,16.0,38.0,0.421,19.0,24.0,0.792,11.0,28.0,39.0,36.0,10.0,5.0,16.0,29.0,153.0,-4,1,1610612759,SAS,San Antonio Spurs,SAS @ WAS,W,57.0,105.0,0.543,9.0,29.0,0.31,34.0,43.0,0.791,16.0,34.0,50.0,35.0,6.0,3.0,17.0,22.0,157.0,4,1,Regular Season,00,San Antonio,74,27,9,11,26,19,0,17,10,19,Washington,66,13,16,7,1,16,12,25,15302.0,2:56,0
712,22021,1610612752,NYK,New York Knicks,0022100900,2022-02-25 00:00:00,NYK vs. MIA,L,240,30.0,75.0,0.4,14.0,40.0,0.35,26.0,36.0,0.722,5.0,40.0,45.0,19.0,4.0,1.0,18.0,30.0,100.0,-15,1,1610612748,MIA,Miami Heat,MIA @ NYK,W,39.0,83.0,0.47,11.0,32.0,0.344,26.0,35.0,0.743,4.0,40.0,44.0,22.0,13.0,5.0,10.0,28.0,115.0,15,1,Regular Season,00,New York,24,5,8,10,1,1,0,18,10,24,Miami,54,5,20,16,2,10,9,12,19812.0,2:28,0
713,22021,1610612750,MIN,Minnesota Timberwolves,0022100901,2022-02-25 00:00:00,MIN vs. PHI,L,240,36.0,86.0,0.419,9.0,39.0,0.231,21.0,25.0,0.84,9.0,32.0,41.0,23.0,4.0,1.0,16.0,27.0,102.0,-31,1,1610612755,PHI,Philadelphia 76ers,PHI @ MIN,W,42.0,82.0,0.512,19.0,39.0,0.487,30.0,36.0,0.833,6.0,36.0,42.0,30.0,10.0,0.0,12.0,23.0,133.0,31,1,Regular Season,00,Philadelphia,32,10,23,35,2,0,1,12,9,14,Minnesota,48,8,4,5,0,16,8,21,16684.0,2:17,0
714,22021,1610612741,CHI,Chicago Bulls,0022100909,2022-02-26 00:00:00,CHI vs. MEM,L,240,39.0,93.0,0.419,9.0,20.0,0.45,23.0,30.0,0.767,6.0,35.0,41.0,17.0,9.0,3.0,10.0,17.0,110.0,-6,1,1610612763,MEM,Memphis Grizzlies,MEM @ CHI,W,44.0,100.0,0.44,7.0,23.0,0.304,21.0,26.0,0.808,19.0,42.0,61.0,23.0,5.0,10.0,14.0,24.0,116.0,6,1,Regular Season,00,Memphis,62,20,10,17,3,2,1,14,8,22,Chicago,50,13,15,4,1,10,12,11,21959.0,2:19,0
715,22021,1610612749,MIL,Milwaukee Bucks,0022100910,2022-02-26 00:00:00,MIL vs. BKN,L,240,41.0,78.0,0.526,16.0,38.0,0.421,25.0,38.0,0.658,4.0,39.0,43.0,24.0,4.0,0.0,15.0,26.0,123.0,-3,1,1610612751,BKN,Brooklyn Nets,BKN @ MIL,W,44.0,92.0,0.478,13.0,34.0,0.382,25.0,33.0,0.758,12.0,28.0,40.0,24.0,7.0,5.0,9.0,24.0,126.0,3,1,Regular Season,00,Milwaukee,36,8,10,8,11,8,1,15,13,27,Brooklyn,46,19,12,13,2,9,10,9,17341.0,2:42,0
716,22021,1610612737,ATL,Atlanta Hawks,0022100906,2022-02-26 00:00:00,ATL vs. TOR,W,240,48.0,83.0,0.578,13.0,31.0,0.419,18.0,22.0,0.818,5.0,40.0,45.0,27.0,8.0,8.0,12.0,19.0,127.0,27,1,1610612761,TOR,Toronto Raptors,TOR @ ATL,L,38.0,95.0,0.4,10.0,32.0,0.313,14.0,19.0,0.737,11.0,31.0,42.0,25.0,5.0,2.0,13.0,26.0,100.0,-27,1,Regular Season,00,Atlanta,60,4,11,32,3,2,0,12,7,16,Toronto,50,23,8,12,2,13,7,16,17870.0,2:10,1
717,22021,1610612739,CLE,Cleveland Cavaliers,0022100907,2022-02-26 00:00:00,CLE vs. WAS,W,240,32.0,83.0,0.386,8.0,25.0,0.32,20.0,24.0,0.833,13.0,36.0,49.0,22.0,9.0,5.0,14.0,10.0,92.0,6,1,1610612764,WAS,Washington Wizards,WAS @ CLE,L,35.0,81.0,0.432,11.0,23.0,0.478,5.0,6.0,0.833,7.0,35.0,42.0,19.0,8.0,7.0,18.0,24.0,86.0,-6,1,Regular Season,00,Cleveland,44,17,7,6,7,5,1,14,6,17,Washington,32,8,12,9,0,18,5,23,19432.0,2:10,1
718,22021,1610612743,DEN,Denver Nuggets,0022100911,2022-02-26 00:00:00,DEN vs. SAC,W,240,38.0,82.0,0.463,16.0,43.0,0.372,23.0,29.0,0.793,4.0,41.0,45.0,29.0,5.0,2.0,15.0,25.0,115.0,5,1,1610612758,SAC,Sacramento Kings,SAC @ DEN,L,38.0,89.0,0.427,9.0,30.0,0.3,25.0,33.0,0.758,9.0,36.0,45.0,24.0,4.0,3.0,13.0,25.0,110.0,-5,1,Regular Season,00,Sacramento,52,5,12,7,10,15,1,13,10,16,Denver,28,8,11,9,3,15,9,20,19520.0,2:29,1
719,22021,1610612765,DET,Detroit Pistons,0022100905,2022-02-26 00:00:00,DET vs. BOS,L,240,39.0,87.0,0.448,7.0,27.0,0.259,19.0,22.0,0.864,10.0,31.0,41.0,18.0,4.0,4.0,14.0,22.0,104.0,-9,1,1610612738,BOS,Boston Celtics,BOS @ DET,W,42.0,88.0,0.477,10.0,26.0,0.385,19.0,21.0,0.905,10.0,27.0,37.0,31.0,5.0,6.0,10.0,21.0,113.0,9,1,Regular Season,00,Detroit,48,14,4,6,21,17,0,14,12,21,Boston,56,12,6,12,0,10,9,11,19122.0,2:21,0
720,22021,1610612756,PHX,Phoenix Suns,0022100913,2022-02-27 00:00:00,PHX vs. UTA,L,240,44.0,86.0,0.512,13.0,28.0,0.464,13.0,16.0,0.813,10.0,26.0,36.0,24.0,7.0,5.0,9.0,19.0,114.0,-4,1,1610612762,UTA,Utah Jazz,UTA @ PHX,W,44.0,94.0,0.468,17.0,40.0,0.425,13.0,20.0,0.65,14.0,27.0,41.0,23.0,7.0,6.0,10.0,16.0,118.0,4,1,Regular Season,00,Phoenix,40,14,12,14,5,8,0,9,8,15,Utah,42,27,18,10,1,10,17,10,17071.0,2:18,0
721,22021,1610612757,POR,Portland Trail Blazers,0022100918,2022-02-27 00:00:00,POR vs. DEN,L,240,34.0,91.0,0.374,6.0,36.0,0.167,18.0,26.0,0.692,11.0,31.0,42.0,22.0,12.0,3.0,15.0,25.0,92.0,-32,1,1610612743,DEN,Denver Nuggets,DEN @ POR,W,44.0,86.0,0.512,12.0,37.0,0.324,24.0,31.0,0.774,8.0,47.0,55.0,28.0,9.0,5.0,15.0,20.0,124.0,32,1,Regular Season,00,Portland,54,12,18,4,2,2,0,15,7,21,Denver,62,14,26,35,1,15,10,15,17771.0,2:13,0
722,22021,1610612754,IND,Indiana Pacers,0022100914,2022-02-27 00:00:00,IND vs. BOS,W,240,47.0,90.0,0.522,17.0,33.0,0.515,17.0,20.0,0.85,10.0,39.0,49.0,25.0,7.0,5.0,14.0,23.0,128.0,21,1,1610612738,BOS,Boston Celtics,BOS @ IND,L,39.0,91.0,0.429,12.0,43.0,0.279,17.0,20.0,0.85,12.0,28.0,40.0,25.0,5.0,9.0,10.0,13.0,107.0,-21,1,Regular Season,00,Indiana,52,14,20,22,13,4,0,14,7,8,Boston,44,6,10,5,0,10,5,14,16872.0,2:12,1
723,22021,1610612752,NYK,New York Knicks,0022100912,2022-02-27 00:00:00,NYK vs. PHI,L,240,38.0,85.0,0.447,11.0,33.0,0.333,22.0,35.0,0.629,12.0,35.0,47.0,21.0,6.0,2.0,18.0,24.0,109.0,-16,1,1610612755,PHI,Philadelphia 76ers,PHI @ NYK,W,38.0,78.0,0.487,10.0,33.0,0.303,39.0,44.0,0.886,5.0,38.0,43.0,28.0,13.0,5.0,10.0,26.0,125.0,16,1,Regular Season,00,Philadelphia,50,8,18,16,11,10,0,10,3,11,New York,48,20,11,3,0,18,12,22,19812.0,2:29,0
724,22021,1610612747,LAL,Los Angeles Lakers,0022100919,2022-02-27 00:00:00,LAL vs. NOP,L,240,35.0,84.0,0.417,7.0,34.0,0.206,18.0,20.0,0.9,7.0,31.0,38.0,15.0,8.0,7.0,23.0,18.0,95.0,-28,1,1610612740,NOP,New Orleans Pelicans,NOP @ LAL,W,47.0,92.0,0.511,13.0,30.0,0.433,16.0,25.0,0.64,12.0,39.0,51.0,29.0,16.0,3.0,15.0,19.0,123.0,28,1,Regular Season,00,New Orleans,56,12,26,32,4,2,0,15,7,22,Los Angeles,52,12,12,4,0,23,9,25,17536.0,2:16,0
725,22021,1610612745,HOU,Houston Rockets,0022100916,2022-02-27 00:00:00,HOU vs. LAC,L,240,35.0,92.0,0.38,17.0,42.0,0.405,11.0,18.0,0.611,6.0,31.0,37.0,26.0,8.0,0.0,7.0,21.0,98.0,-1,1,1610612746,LAC,LA Clippers,LAC @ HOU,W,34.0,77.0,0.442,11.0,34.0,0.324,20.0,28.0,0.714,10.0,49.0,59.0,18.0,4.0,12.0,18.0,22.0,99.0,1,1,Regular Season,00,LA,36,16,12,5,15,8,0,18,7,23,Houston,34,9,8,13,1,7,12,9,14324.0,2:22,0
726,22021,1610612739,CLE,Cleveland Cavaliers,0022100920,2022-02-28 00:00:00,CLE vs. MIN,L,240,39.0,74.0,0.527,15.0,37.0,0.405,29.0,34.0,0.853,10.0,28.0,38.0,29.0,5.0,3.0,22.0,17.0,122.0,-5,1,1610612750,MIN,Minnesota Timberwolves,MIN @ CLE,W,47.0,86.0,0.547,18.0,42.0,0.429,15.0,19.0,0.789,8.0,23.0,31.0,30.0,12.0,6.0,13.0,31.0,127.0,5,1,Regular Season,00,Cleveland,38,18,7,14,1,3,2,22,9,35,Minnesota,50,10,19,23,0,13,5,21,18421.0,2:34,0
727,22021,1610612763,MEM,Memphis Grizzlies,0022100923,2022-02-28 00:00:00,MEM vs. SAS,W,240,48.0,89.0,0.539,11.0,26.0,0.423,11.0,19.0,0.579,13.0,42.0,55.0,24.0,5.0,6.0,18.0,18.0,118.0,13,1,1610612759,SAS,San Antonio Spurs,SAS @ MEM,L,41.0,99.0,0.414,9.0,32.0,0.281,14.0,19.0,0.737,12.0,26.0,38.0,30.0,13.0,3.0,9.0,18.0,105.0,-13,1,Regular Season,00,San Antonio,46,9,15,6,3,2,0,9,13,11,Memphis,66,13,22,15,2,18,6,18,16812.0,2:08,1
728,22021,1610612753,ORL,Orlando Magic,0022100921,2022-02-28 00:00:00,ORL vs. IND,W,240,45.0,96.0,0.469,12.0,37.0,0.324,17.0,22.0,0.773,10.0,29.0,39.0,29.0,10.0,2.0,11.0,19.0,119.0,16,1,1610612754,IND,Indiana Pacers,IND @ ORL,L,35.0,72.0,0.486,15.0,36.0,0.417,18.0,25.0,0.72,4.0,35.0,39.0,22.0,4.0,6.0,22.0,18.0,103.0,-16,1,Regular Season,00,Indiana,28,7,9,11,5,4,1,22,10,22,Orlando,54,18,9,20,1,11,12,5,13014.0,2:11,1
729,22021,1610612749,MIL,Milwaukee Bucks,0022100924,2022-02-28 00:00:00,MIL vs. CHA,W,240,40.0,91.0,0.44,18.0,45.0,0.4,32.0,37.0,0.865,17.0,45.0,62.0,25.0,4.0,5.0,13.0,28.0,130.0,24,1,1610612766,CHA,Charlotte Hornets,CHA @ MIL,L,36.0,93.0,0.387,14.0,39.0,0.359,20.0,32.0,0.625,9.0,31.0,40.0,22.0,6.0,1.0,9.0,27.0,106.0,-24,1,Regular Season,00,Milwaukee,36,21,23,35,3,4,0,13,10,12,Charlotte,36,8,13,7,1,9,13,5,17341.0,2:26,1
730,22021,1610612760,OKC,Oklahoma City Thunder,0022100925,2022-02-28 00:00:00,OKC vs. SAC,L,240,40.0,86.0,0.465,11.0,35.0,0.314,19.0,27.0,0.704,7.0,31.0,38.0,28.0,12.0,5.0,17.0,26.0,110.0,-21,1,1610612758,SAC,Sacramento Kings,SAC @ OKC,W,49.0,87.0,0.563,10.0,31.0,0.323,23.0,30.0,0.767,11.0,35.0,46.0,30.0,10.0,6.0,17.0,25.0,131.0,21,1,Regular Season,00,Oklahoma City,56,15,21,9,9,6,1,17,10,31,Sacramento,68,10,14,21,1,17,5,13,13945.0,2:11,0
731,22021,1610612748,MIA,Miami Heat,0022100922,2022-02-28 00:00:00,MIA vs. CHI,W,240,40.0,81.0,0.494,12.0,31.0,0.387,20.0,26.0,0.769,9.0,30.0,39.0,28.0,8.0,5.0,14.0,18.0,112.0,13,1,1610612741,CHI,Chicago Bulls,CHI @ MIA,L,41.0,84.0,0.488,7.0,29.0,0.241,10.0,15.0,0.667,5.0,33.0,38.0,23.0,9.0,4.0,16.0,24.0,99.0,-13,1,Regular Season,00,Chicago,52,10,5,4,1,1,2,16,13,15,Miami,40,7,14,24,0,14,5,25,19683.0,2:09,1
732,22021,1610612751,BKN,Brooklyn Nets,0022100726,2022-02-28 00:00:00,BKN vs. TOR,L,240,33.0,86.0,0.384,12.0,35.0,0.343,19.0,24.0,0.792,14.0,31.0,45.0,23.0,4.0,5.0,23.0,20.0,97.0,-36,1,1610612761,TOR,Toronto Raptors,TOR @ BKN,W,51.0,99.0,0.515,18.0,38.0,0.474,13.0,22.0,0.591,16.0,31.0,47.0,35.0,17.0,5.0,13.0,20.0,133.0,36,1,Regular Season,00,Brooklyn,32,20,9,2,4,2,1,23,12,31,Toronto,58,29,32,39,1,13,11,6,17112.0,2:08,0
733,22021,1610612738,BOS,Boston Celtics,0022100927,2022-03-01 00:00:00,BOS vs. ATL,W,240,39.0,83.0,0.47,11.0,35.0,0.314,18.0,19.0,0.947,11.0,36.0,47.0,27.0,4.0,8.0,14.0,20.0,107.0,9,1,1610612737,ATL,Atlanta Hawks,ATL @ BOS,L,36.0,83.0,0.434,7.0,31.0,0.226,19.0,24.0,0.792,5.0,32.0,37.0,15.0,8.0,4.0,10.0,20.0,98.0,-9,1,Regular Season,00,Atlanta,38,3,17,17,6,7,1,10,9,12,Boston,46,20,6,14,2,14,4,15,19156.0,2:19,1
734,22021,1610612761,TOR,Toronto Raptors,0022100928,2022-03-01 00:00:00,TOR vs. BKN,W,240,41.0,90.0,0.456,7.0,23.0,0.304,20.0,23.0,0.87,16.0,32.0,48.0,27.0,5.0,2.0,13.0,19.0,109.0,1,1,1610612751,BKN,Brooklyn Nets,BKN @ TOR,L,42.0,84.0,0.5,10.0,25.0,0.4,14.0,19.0,0.737,7.0,30.0,37.0,21.0,3.0,5.0,12.0,21.0,108.0,-1,1,Regular Season,00,Toronto,56,13,18,11,19,9,0,13,7,17,Brooklyn,50,10,16,10,0,12,7,13,18903.0,2:15,1
735,22021,1610612764,WAS,Washington Wizards,0022100926,2022-03-01 00:00:00,WAS vs. DET,W,240,41.0,82.0,0.5,13.0,26.0,0.5,21.0,26.0,0.808,12.0,30.0,42.0,29.0,6.0,8.0,15.0,22.0,116.0,3,1,1610612765,DET,Detroit Pistons,DET @ WAS,L,43.0,90.0,0.478,8.0,27.0,0.296,19.0,23.0,0.826,14.0,29.0,43.0,23.0,9.0,3.0,12.0,21.0,113.0,-3,1,Regular Season,00,Detroit,58,12,16,6,9,11,0,12,4,11,Washington,46,15,13,12,0,15,8,23,12122.0,2:19,1
736,22021,1610612747,LAL,Los Angeles Lakers,0022100931,2022-03-01 00:00:00,LAL vs. DAL,L,240,37.0,82.0,0.451,14.0,34.0,0.412,16.0,20.0,0.8,4.0,33.0,37.0,22.0,8.0,6.0,12.0,20.0,104.0,-5,1,1610612742,DAL,Dallas Mavericks,DAL @ LAL,W,41.0,82.0,0.5,10.0,35.0,0.286,17.0,27.0,0.63,10.0,35.0,45.0,24.0,8.0,7.0,14.0,19.0,109.0,5,1,Regular Season,00,Dallas,60,19,17,21,7,9,1,14,10,12,Los Angeles,42,8,17,6,0,12,8,14,17857.0,2:20,0
737,22021,1610612745,HOU,Houston Rockets,0022100929,2022-03-01 00:00:00,HOU vs. LAC,L,240,38.0,96.0,0.396,13.0,39.0,0.333,11.0,17.0,0.647,14.0,31.0,45.0,21.0,8.0,6.0,14.0,18.0,100.0,-13,1,1610612746,LAC,LA Clippers,LAC @ HOU,W,42.0,96.0,0.438,13.0,31.0,0.419,16.0,17.0,0.941,17.0,38.0,55.0,24.0,7.0,8.0,16.0,19.0,113.0,13,1,Regular Season,00,LA,52,25,19,21,4,4,1,16,7,17,Houston,44,21,15,7,1,14,12,11,12949.0,2:07,0
738,22021,1610612755,PHI,Philadelphia 76ers,0022100934,2022-03-02 00:00:00,PHI vs. NYK,W,240,39.0,75.0,0.52,17.0,36.0,0.472,28.0,33.0,0.848,5.0,38.0,43.0,24.0,2.0,8.0,14.0,25.0,123.0,15,1,1610612752,NYK,New York Knicks,NYK @ PHI,L,39.0,91.0,0.429,8.0,28.0,0.286,22.0,32.0,0.688,10.0,30.0,40.0,20.0,9.0,3.0,10.0,25.0,108.0,-15,1,Regular Season,00,Philadelphia,36,9,18,16,1,6,0,14,8,25,New York,50,9,12,16,3,10,12,18,21333.0,2:22,1
739,22021,1610612753,ORL,Orlando Magic,0022100933,2022-03-02 00:00:00,ORL vs. IND,L,265,44.0,97.0,0.454,10.0,32.0,0.313,16.0,20.0,0.8,12.0,40.0,52.0,22.0,12.0,5.0,20.0,28.0,114.0,-8,1,1610612754,IND,Indiana Pacers,IND @ ORL,W,41.0,94.0,0.436,12.0,37.0,0.324,28.0,35.0,0.8,14.0,40.0,54.0,23.0,12.0,7.0,18.0,19.0,122.0,8,1,Regular Season,00,Orlando,54,8,11,18,6,7,2,20,4,25,Indiana,46,18,11,8,0,18,7,20,11221.0,2:33,0
740,22021,1610612745,HOU,Houston Rockets,0022100935,2022-03-02 00:00:00,HOU vs. UTA,L,265,43.0,86.0,0.5,21.0,51.0,0.412,20.0,30.0,0.667,5.0,29.0,34.0,27.0,12.0,3.0,17.0,25.0,127.0,-5,1,1610612762,UTA,Utah Jazz,UTA @ HOU,W,50.0,91.0,0.549,15.0,42.0,0.357,17.0,24.0,0.708,11.0,38.0,49.0,32.0,12.0,2.0,19.0,24.0,132.0,5,1,Regular Season,00,Utah,68,15,14,18,7,7,0,19,8,23,Houston,42,9,16,5,1,17,10,19,13583.0,2:38,0
741,22021,1610612740,NOP,New Orleans Pelicans,0022100937,2022-03-02 00:00:00,NOP vs. SAC,W,240,52.0,88.0,0.591,11.0,29.0,0.379,10.0,12.0,0.833,7.0,43.0,50.0,30.0,5.0,5.0,16.0,23.0,125.0,30,1,1610612758,SAC,Sacramento Kings,SAC @ NOP,L,35.0,89.0,0.393,8.0,35.0,0.229,17.0,25.0,0.68,12.0,26.0,38.0,20.0,9.0,4.0,11.0,19.0,95.0,-30,1,Regular Season,00,New Orleans,56,10,26,30,12,5,1,16,6,12,Sacramento,48,12,10,6,0,11,6,16,15490.0,2:06,1
742,22021,1610612743,DEN,Denver Nuggets,0022100938,2022-03-02 00:00:00,DEN vs. OKC,L,240,40.0,90.0,0.444,12.0,46.0,0.261,15.0,17.0,0.882,10.0,37.0,47.0,25.0,11.0,2.0,16.0,19.0,107.0,-12,1,1610612760,OKC,Oklahoma City Thunder,OKC @ DEN,W,44.0,87.0,0.506,16.0,29.0,0.552,15.0,21.0,0.714,9.0,41.0,50.0,24.0,11.0,6.0,15.0,15.0,119.0,12,1,Regular Season,00,Oklahoma City,46,10,18,15,10,8,1,15,4,20,Denver,54,11,8,11,0,16,0,25,15167.0,2:03,0
743,22021,1610612739,CLE,Cleveland Cavaliers,0022100932,2022-03-02 00:00:00,CLE vs. CHA,L,240,37.0,79.0,0.468,10.0,31.0,0.323,14.0,21.0,0.667,4.0,33.0,37.0,21.0,6.0,1.0,14.0,18.0,98.0,-21,1,1610612766,CHA,Charlotte Hornets,CHA @ CLE,W,43.0,85.0,0.506,17.0,38.0,0.447,16.0,22.0,0.727,9.0,36.0,45.0,32.0,10.0,5.0,12.0,21.0,119.0,21,1,Regular Season,00,Charlotte,52,11,6,25,7,4,2,12,6,14,Cleveland,48,5,4,5,0,14,9,25,19019.0,2:10,0
744,22021,1610612761,TOR,Toronto Raptors,0022100942,2022-03-03 00:00:00,TOR vs. DET,L,240,36.0,83.0,0.434,7.0,26.0,0.269,27.0,36.0,0.75,14.0,27.0,41.0,12.0,5.0,4.0,10.0,22.0,106.0,-2,1,1610612765,DET,Detroit Pistons,DET @ TOR,W,38.0,84.0,0.452,11.0,37.0,0.297,21.0,28.0,0.75,11.0,31.0,42.0,25.0,4.0,5.0,10.0,29.0,108.0,2,1,Regular Season,00,Toronto,50,19,12,3,4,6,0,10,15,8,Detroit,44,17,6,18,1,10,11,15,19548.0,2:29,0
745,22021,1610612751,BKN,Brooklyn Nets,0022100941,2022-03-03 00:00:00,BKN vs. MIA,L,240,39.0,83.0,0.47,12.0,31.0,0.387,17.0,22.0,0.773,7.0,23.0,30.0,24.0,5.0,5.0,13.0,24.0,107.0,-6,1,1610612748,MIA,Miami Heat,MIA @ BKN,W,40.0,77.0,0.519,10.0,30.0,0.333,23.0,28.0,0.821,5.0,30.0,35.0,27.0,8.0,6.0,15.0,22.0,113.0,6,1,Regular Season,00,Brooklyn,40,13,10,16,1,2,0,13,13,22,Miami,54,14,6,12,2,15,13,14,17732.0,2:22,0
746,22021,1610612759,SAS,San Antonio Spurs,0022100944,2022-03-03 00:00:00,SAS vs. SAC,L,240,46.0,93.0,0.495,12.0,32.0,0.375,8.0,16.0,0.5,6.0,34.0,40.0,28.0,8.0,5.0,11.0,24.0,112.0,-3,1,1610612758,SAC,Sacramento Kings,SAC @ SAS,W,39.0,85.0,0.459,10.0,32.0,0.313,27.0,32.0,0.844,9.0,40.0,49.0,26.0,6.0,2.0,14.0,13.0,115.0,3,1,Regular Season,00,San Antonio,64,12,13,4,2,5,0,11,10,17,Sacramento,46,9,15,19,1,14,7,15,13049.0,2:18,0
747,22021,1610612738,BOS,Boston Celtics,0022100940,2022-03-03 00:00:00,BOS vs. MEM,W,240,46.0,89.0,0.517,16.0,37.0,0.432,12.0,15.0,0.8,15.0,36.0,51.0,33.0,4.0,7.0,14.0,15.0,120.0,13,1,1610612763,MEM,Memphis Grizzlies,MEM @ BOS,L,42.0,99.0,0.424,13.0,40.0,0.325,10.0,13.0,0.769,17.0,27.0,44.0,24.0,10.0,4.0,7.0,16.0,107.0,-13,1,Regular Season,00,Boston,44,24,6,17,2,2,0,14,4,18,Memphis,52,22,15,1,0,7,7,10,19156.0,2:11,1
748,22021,1610612746,LAC,LA Clippers,0022100945,2022-03-03 00:00:00,LAC vs. LAL,W,240,51.0,93.0,0.548,17.0,27.0,0.63,13.0,15.0,0.867,13.0,33.0,46.0,32.0,10.0,3.0,12.0,22.0,132.0,21,1,1610612747,LAL,Los Angeles Lakers,LAL @ LAC,L,41.0,84.0,0.488,12.0,35.0,0.343,17.0,22.0,0.773,9.0,27.0,36.0,26.0,8.0,4.0,14.0,17.0,111.0,-21,1,Regular Season,00,LA,52,19,19,30,2,3,2,12,4,15,Los Angeles,54,14,27,6,0,14,6,24,19068.0,2:15,1
749,22021,1610612741,CHI,Chicago Bulls,0022100949,2022-03-04 00:00:00,CHI vs. MIL,L,240,47.0,94.0,0.5,10.0,26.0,0.385,8.0,11.0,0.727,5.0,35.0,40.0,25.0,5.0,2.0,12.0,23.0,112.0,-6,1,1610612749,MIL,Milwaukee Bucks,MIL @ CHI,W,43.0,88.0,0.489,10.0,31.0,0.323,22.0,33.0,0.667,12.0,38.0,50.0,20.0,5.0,5.0,14.0,18.0,118.0,6,1,Regular Season,00,Milwaukee,52,18,11,14,10,9,1,14,11,15,Chicago,46,10,15,8,0,12,5,10,21259.0,2:31,0
750,22021,1610612760,OKC,Oklahoma City Thunder,0022100951,2022-03-04 00:00:00,OKC vs. MIN,L,240,37.0,86.0,0.43,9.0,35.0,0.257,18.0,21.0,0.857,8.0,31.0,39.0,19.0,12.0,4.0,23.0,16.0,101.0,-37,1,1610612750,MIN,Minnesota Timberwolves,MIN @ OKC,W,49.0,91.0,0.538,22.0,47.0,0.468,18.0,23.0,0.783,7.0,34.0,41.0,35.0,17.0,7.0,18.0,17.0,138.0,37,1,Regular Season,00,Oklahoma City,46,9,11,5,4,7,0,23,9,27,Minnesota,52,9,21,37,1,18,10,17,15180.0,2:06,0
751,22021,1610612743,DEN,Denver Nuggets,0022100952,2022-03-04 00:00:00,DEN vs. HOU,W,240,39.0,86.0,0.453,13.0,33.0,0.394,25.0,31.0,0.806,10.0,31.0,41.0,27.0,10.0,4.0,10.0,21.0,116.0,15,1,1610612745,HOU,Houston Rockets,HOU @ DEN,L,38.0,83.0,0.458,10.0,36.0,0.278,15.0,22.0,0.682,9.0,35.0,44.0,25.0,4.0,3.0,15.0,21.0,101.0,-15,1,Regular Season,00,Houston,50,19,10,1,4,2,1,15,11,20,Denver,40,14,11,20,0,10,9,12,16254.0,2:14,1
752,22021,1610612761,TOR,Toronto Raptors,0022100458,2022-03-04 00:00:00,TOR vs. ORL,L,240,37.0,93.0,0.398,12.0,37.0,0.324,11.0,17.0,0.647,12.0,42.0,54.0,22.0,2.0,8.0,12.0,18.0,97.0,-6,1,1610612753,ORL,Orlando Magic,ORL @ TOR,W,36.0,95.0,0.379,11.0,37.0,0.297,20.0,21.0,0.952,12.0,43.0,55.0,24.0,5.0,4.0,11.0,18.0,103.0,6,1,Regular Season,00,Toronto,42,14,16,4,3,2,0,12,5,14,Orlando,44,22,19,15,3,11,8,12,19081.0,2:06,0
753,22021,1610612764,WAS,Washington Wizards,0022100948,2022-03-04 00:00:00,WAS vs. ATL,L,240,46.0,85.0,0.541,14.0,29.0,0.483,8.0,9.0,0.889,7.0,34.0,41.0,37.0,2.0,7.0,14.0,29.0,114.0,-3,1,1610612737,ATL,Atlanta Hawks,ATL @ WAS,W,38.0,91.0,0.418,13.0,36.0,0.361,28.0,34.0,0.824,13.0,26.0,39.0,18.0,6.0,5.0,4.0,16.0,117.0,3,1,Regular Season,00,Washington,40,9,5,0,0,0,0,14,6,11,Atlanta,30,22,8,14,0,4,13,2,15927.0,2:18,0
754,22021,1610612740,NOP,New Orleans Pelicans,0022100950,2022-03-04 00:00:00,NOP vs. UTA,W,240,50.0,97.0,0.515,11.0,36.0,0.306,13.0,17.0,0.765,15.0,37.0,52.0,29.0,11.0,5.0,11.0,23.0,124.0,34,1,1610612762,UTA,Utah Jazz,UTA @ NOP,L,31.0,89.0,0.348,11.0,41.0,0.268,17.0,26.0,0.654,22.0,30.0,52.0,15.0,7.0,2.0,21.0,14.0,90.0,-34,1,Regular Season,00,Utah,36,18,7,1,4,0,1,21,8,36,New Orleans,58,24,20,37,1,11,6,9,16178.0,2:07,1
755,22021,1610612750,MIN,Minnesota Timberwolves,0022100958,2022-03-05 00:00:00,MIN vs. POR,W,240,48.0,85.0,0.565,15.0,37.0,0.405,24.0,29.0,0.828,9.0,33.0,42.0,36.0,10.0,7.0,11.0,21.0,135.0,14,1,1610612757,POR,Portland Trail Blazers,POR @ MIN,L,40.0,85.0,0.471,16.0,38.0,0.421,25.0,30.0,0.833,11.0,30.0,41.0,24.0,5.0,1.0,16.0,23.0,121.0,-14,1,Regular Season,00,Portland,44,17,10,7,16,14,1,16,6,20,Minnesota,60,13,26,15,0,11,3,12,17136.0,2:22,1
756,22021,1610612742,DAL,Dallas Mavericks,0022100954,2022-03-05 00:00:00,DAL vs. SAC,W,240,40.0,84.0,0.476,14.0,36.0,0.389,20.0,27.0,0.741,10.0,29.0,39.0,22.0,7.0,2.0,10.0,22.0,114.0,1,1,1610612758,SAC,Sacramento Kings,SAC @ DAL,L,46.0,94.0,0.489,9.0,25.0,0.36,12.0,18.0,0.667,10.0,35.0,45.0,24.0,5.0,1.0,16.0,28.0,113.0,-1,1,Regular Season,00,Dallas,44,17,12,3,3,1,0,10,7,12,Sacramento,66,20,7,19,2,16,14,19,20060.0,2:23,1
757,22021,1610612748,MIA,Miami Heat,0022100956,2022-03-05 00:00:00,MIA vs. PHI,W,240,35.0,72.0,0.486,13.0,28.0,0.464,16.0,19.0,0.842,6.0,32.0,38.0,20.0,6.0,3.0,14.0,19.0,99.0,17,1,1610612755,PHI,Philadelphia 76ers,PHI @ MIA,L,28.0,82.0,0.341,7.0,41.0,0.171,19.0,23.0,0.826,13.0,28.0,41.0,13.0,9.0,4.0,12.0,17.0,82.0,-17,1,Regular Season,00,Miami,38,10,11,20,1,0,1,14,11,13,Philadelphia,32,12,11,2,3,12,8,16,19704.0,2:09,1
758,22021,1610612763,MEM,Memphis Grizzlies,0022100957,2022-03-05 00:00:00,MEM vs. ORL,W,240,46.0,92.0,0.5,14.0,34.0,0.412,18.0,27.0,0.667,6.0,49.0,55.0,25.0,7.0,4.0,8.0,14.0,124.0,28,1,1610612753,ORL,Orlando Magic,ORL @ MEM,L,37.0,86.0,0.43,11.0,35.0,0.314,11.0,16.0,0.688,1.0,40.0,41.0,25.0,7.0,5.0,12.0,20.0,96.0,-28,1,Regular Season,00,Orlando,50,0,16,1,2,3,0,12,5,12,Memphis,56,16,34,32,1,8,8,7,17794.0,2:00,1
759,22021,1610612738,BOS,Boston Celtics,0022100960,2022-03-06 00:00:00,BOS vs. BKN,W,240,40.0,83.0,0.482,17.0,36.0,0.472,29.0,38.0,0.763,10.0,27.0,37.0,25.0,9.0,7.0,10.0,19.0,126.0,6,1,1610612751,BKN,Brooklyn Nets,BKN @ BOS,L,45.0,89.0,0.506,12.0,27.0,0.444,18.0,20.0,0.9,12.0,33.0,45.0,24.0,6.0,4.0,16.0,26.0,120.0,-6,1,Regular Season,00,Boston,40,13,21,8,28,19,0,10,10,13,Brooklyn,42,21,7,9,1,16,6,18,19156.0,2:23,1
760,22021,1610612739,CLE,Cleveland Cavaliers,0022100962,2022-03-06 00:00:00,CLE vs. TOR,W,240,39.0,85.0,0.459,11.0,36.0,0.306,15.0,23.0,0.652,15.0,43.0,58.0,24.0,5.0,7.0,19.0,22.0,104.0,8,1,1610612761,TOR,Toronto Raptors,TOR @ CLE,L,37.0,94.0,0.394,6.0,24.0,0.25,16.0,26.0,0.615,14.0,31.0,45.0,17.0,13.0,3.0,7.0,20.0,96.0,-8,1,Regular Season,00,Cleveland,52,26,20,18,6,6,2,19,9,20,Toronto,50,13,11,3,0,7,9,6,19432.0,2:18,1
761,22021,1610612745,HOU,Houston Rockets,0022100964,2022-03-06 00:00:00,HOU vs. MEM,W,240,43.0,82.0,0.524,13.0,34.0,0.382,24.0,36.0,0.667,8.0,37.0,45.0,23.0,4.0,5.0,17.0,22.0,123.0,11,1,1610612763,MEM,Memphis Grizzlies,MEM @ HOU,L,44.0,97.0,0.454,5.0,26.0,0.192,19.0,27.0,0.704,12.0,28.0,40.0,27.0,12.0,8.0,11.0,27.0,112.0,-11,1,Regular Season,00,Houston,56,22,10,11,3,2,0,17,15,24,Memphis,72,13,17,14,0,11,12,19,18055.0,2:22,1
762,22021,1610612749,MIL,Milwaukee Bucks,0022100961,2022-03-06 00:00:00,MIL vs. PHX,W,240,47.0,87.0,0.54,15.0,32.0,0.469,23.0,29.0,0.793,14.0,34.0,48.0,31.0,9.0,6.0,15.0,19.0,132.0,10,1,1610612756,PHX,Phoenix Suns,PHX @ MIL,L,50.0,93.0,0.538,14.0,31.0,0.452,8.0,11.0,0.727,6.0,21.0,27.0,33.0,8.0,4.0,11.0,20.0,122.0,-10,1,Regular Season,00,Phoenix,50,13,7,10,19,12,0,11,9,24,Milwaukee,46,14,16,10,1,15,8,27,17495.0,2:20,1
763,22021,1610612764,WAS,Washington Wizards,0022100963,2022-03-06 00:00:00,WAS vs. IND,W,240,45.0,86.0,0.523,17.0,42.0,0.405,26.0,32.0,0.813,5.0,31.0,36.0,33.0,6.0,4.0,6.0,16.0,133.0,10,1,1610612754,IND,Indiana Pacers,IND @ WAS,L,44.0,85.0,0.518,10.0,31.0,0.323,25.0,29.0,0.862,7.0,35.0,42.0,28.0,3.0,5.0,10.0,22.0,123.0,-10,1,Regular Season,00,Washington,46,6,10,11,6,3,1,6,8,4,Indiana,62,8,6,11,0,10,6,17,13937.0,2:14,1
764,22021,1610612760,OKC,Oklahoma City Thunder,0022100965,2022-03-06 00:00:00,OKC vs. UTA,L,240,39.0,92.0,0.424,8.0,40.0,0.2,17.0,19.0,0.895,11.0,36.0,47.0,20.0,11.0,9.0,8.0,19.0,103.0,-13,1,1610612762,UTA,Utah Jazz,UTA @ OKC,W,40.0,89.0,0.449,23.0,52.0,0.442,13.0,17.0,0.765,11.0,37.0,48.0,27.0,4.0,4.0,11.0,21.0,116.0,13,1,Regular Season,00,Oklahoma City,54,14,23,3,3,2,1,8,7,6,Utah,28,14,9,23,0,11,6,11,15079.0,2:06,0
765,22021,1610612765,DET,Detroit Pistons,0022100968,2022-03-07 00:00:00,DET vs. ATL,W,265,43.0,93.0,0.462,12.0,33.0,0.364,15.0,23.0,0.652,15.0,32.0,47.0,27.0,7.0,2.0,14.0,27.0,113.0,3,1,1610612737,ATL,Atlanta Hawks,ATL @ DET,L,42.0,93.0,0.452,11.0,38.0,0.289,15.0,22.0,0.682,13.0,35.0,48.0,28.0,3.0,6.0,14.0,25.0,110.0,-3,1,Regular Season,00,Atlanta,48,6,6,9,30,17,1,14,12,15,Detroit,50,13,11,6,2,14,9,15,14942.0,2:39,1
766,22021,1610612750,MIN,Minnesota Timberwolves,0022100971,2022-03-07 00:00:00,MIN vs. POR,W,240,38.0,92.0,0.413,13.0,43.0,0.302,35.0,44.0,0.795,19.0,48.0,67.0,21.0,10.0,9.0,22.0,25.0,124.0,43,1,1610612757,POR,Portland Trail Blazers,POR @ MIN,L,23.0,83.0,0.277,7.0,28.0,0.25,28.0,38.0,0.737,8.0,34.0,42.0,11.0,10.0,5.0,18.0,30.0,81.0,-43,1,Regular Season,00,Minnesota,48,22,29,46,4,0,2,22,13,20,Portland,28,10,8,1,1,18,11,30,16035.0,2:26,1
767,22021,1610612755,PHI,Philadelphia 76ers,0022100969,2022-03-07 00:00:00,PHI vs. CHI,W,240,41.0,84.0,0.488,12.0,30.0,0.4,27.0,34.0,0.794,8.0,30.0,38.0,29.0,5.0,5.0,10.0,19.0,121.0,15,1,1610612741,CHI,Chicago Bulls,CHI @ PHI,L,39.0,87.0,0.448,8.0,24.0,0.333,20.0,26.0,0.769,14.0,34.0,48.0,22.0,5.0,4.0,13.0,24.0,106.0,-15,1,Regular Season,00,Chicago,50,18,16,8,3,2,0,13,9,18,Philadelphia,56,21,12,17,1,10,9,6,20381.0,2:22,1
768,22021,1610612748,MIA,Miami Heat,0022100970,2022-03-07 00:00:00,MIA vs. HOU,W,240,49.0,91.0,0.538,14.0,31.0,0.452,11.0,14.0,0.786,13.0,37.0,50.0,26.0,3.0,4.0,15.0,17.0,123.0,17,1,1610612745,HOU,Houston Rockets,HOU @ MIA,L,39.0,88.0,0.443,13.0,43.0,0.302,15.0,22.0,0.682,9.0,24.0,33.0,22.0,8.0,7.0,11.0,24.0,106.0,-17,1,Regular Season,00,Houston,48,14,10,13,4,2,1,11,10,13,Miami,66,15,16,22,0,15,8,4,19600.0,2:12,1
769,22021,1610612742,DAL,Dallas Mavericks,0022100972,2022-03-07 00:00:00,DAL vs. UTA,W,240,39.0,88.0,0.443,17.0,46.0,0.37,16.0,20.0,0.8,9.0,34.0,43.0,19.0,9.0,5.0,9.0,21.0,111.0,8,1,1610612762,UTA,Utah Jazz,UTA @ DAL,L,36.0,83.0,0.434,12.0,31.0,0.387,19.0,24.0,0.792,12.0,33.0,45.0,22.0,5.0,6.0,14.0,20.0,103.0,-8,1,Regular Season,00,Utah,46,15,7,1,2,1,1,14,5,19,Dallas,32,15,11,20,0,9,12,5,20077.0,2:12,1
770,22021,1610612758,SAC,Sacramento Kings,0022100974,2022-03-07 00:00:00,SAC vs. NYK,L,240,39.0,80.0,0.488,11.0,32.0,0.344,26.0,36.0,0.722,4.0,36.0,40.0,23.0,4.0,2.0,12.0,16.0,115.0,-16,1,1610612752,NYK,New York Knicks,NYK @ SAC,W,47.0,92.0,0.511,18.0,42.0,0.429,19.0,23.0,0.826,9.0,38.0,47.0,19.0,7.0,6.0,9.0,31.0,131.0,16,1,Regular Season,00,New York,54,6,24,23,1,0,1,9,5,12,Sacramento,50,8,15,20,1,12,8,14,14720.0,2:18,0
771,22021,1610612766,CHA,Charlotte Hornets,0022100975,2022-03-08 00:00:00,CHA vs. BKN,L,240,45.0,92.0,0.489,13.0,41.0,0.317,18.0,22.0,0.818,10.0,31.0,41.0,26.0,12.0,3.0,15.0,24.0,121.0,-11,1,1610612751,BKN,Brooklyn Nets,BKN @ CHA,W,46.0,82.0,0.561,18.0,35.0,0.514,22.0,29.0,0.759,6.0,32.0,38.0,33.0,8.0,4.0,16.0,20.0,132.0,11,1,Regular Season,00,Charlotte,60,10,24,2,2,3,0,15,5,23,Brooklyn,46,10,23,34,0,16,10,24,17230.0,2:13,0
772,22021,1610612753,ORL,Orlando Magic,0022100977,2022-03-08 00:00:00,ORL vs. PHX,L,240,35.0,92.0,0.38,7.0,39.0,0.179,22.0,25.0,0.88,8.0,45.0,53.0,17.0,6.0,2.0,12.0,20.0,99.0,-3,1,1610612756,PHX,Phoenix Suns,PHX @ ORL,W,35.0,92.0,0.38,13.0,37.0,0.351,19.0,23.0,0.826,7.0,45.0,52.0,24.0,7.0,6.0,10.0,20.0,102.0,3,1,Regular Season,00,Orlando,52,9,11,3,4,6,1,12,11,9,Phoenix,38,7,8,15,0,10,5,16,14024.0,2:16,0
773,22021,1610612763,MEM,Memphis Grizzlies,0022100978,2022-03-08 00:00:00,MEM vs. NOP,W,240,48.0,101.0,0.475,16.0,44.0,0.364,20.0,24.0,0.833,15.0,37.0,52.0,30.0,8.0,6.0,12.0,20.0,132.0,21,1,1610612740,NOP,New Orleans Pelicans,NOP @ MEM,L,41.0,88.0,0.466,11.0,34.0,0.324,18.0,27.0,0.667,12.0,33.0,45.0,24.0,9.0,3.0,15.0,18.0,111.0,-21,1,Regular Season,00,New Orleans,48,12,19,0,0,0,1,15,8,19,Memphis,62,28,42,36,1,12,8,13,16433.0,2:17,1
774,22021,1610612760,OKC,Oklahoma City Thunder,0022100979,2022-03-08 00:00:00,OKC vs. MIL,L,240,42.0,84.0,0.5,16.0,39.0,0.41,15.0,21.0,0.714,6.0,30.0,36.0,26.0,6.0,5.0,16.0,20.0,115.0,-27,1,1610612749,MIL,Milwaukee Bucks,MIL @ OKC,W,53.0,100.0,0.53,20.0,40.0,0.5,16.0,20.0,0.8,16.0,37.0,53.0,35.0,10.0,4.0,13.0,18.0,142.0,27,1,Regular Season,00,Oklahoma City,40,5,11,6,1,6,1,16,6,23,Milwaukee,50,15,8,27,0,13,4,18,15743.0,2:08,0
775,22021,1610612740,NOP,New Orleans Pelicans,0022100987,2022-03-09 00:00:00,NOP vs. ORL,L,240,41.0,93.0,0.441,7.0,31.0,0.226,13.0,18.0,0.722,10.0,31.0,41.0,23.0,11.0,2.0,11.0,22.0,102.0,-6,1,1610612753,ORL,Orlando Magic,ORL @ NOP,W,36.0,76.0,0.474,14.0,37.0,0.378,22.0,26.0,0.846,7.0,38.0,45.0,25.0,4.0,1.0,19.0,20.0,108.0,6,1,Regular Season,00,Orlando,38,11,6,16,1,2,1,19,8,25,New Orleans,48,8,4,3,0,11,7,6,15633.0,2:13,0
776,22021,1610612750,MIN,Minnesota Timberwolves,0022100986,2022-03-09 00:00:00,MIN vs. OKC,W,240,45.0,86.0,0.523,22.0,52.0,0.423,20.0,26.0,0.769,6.0,42.0,48.0,34.0,10.0,5.0,14.0,18.0,132.0,30,1,1610612760,OKC,Oklahoma City Thunder,OKC @ MIN,L,36.0,87.0,0.414,14.0,43.0,0.326,16.0,24.0,0.667,9.0,33.0,42.0,26.0,8.0,0.0,16.0,18.0,102.0,-30,1,Regular Season,00,Oklahoma City,44,9,19,6,9,2,1,16,10,21,Minnesota,44,11,19,34,0,14,6,18,16191.0,2:06,1
777,22021,1610612749,MIL,Milwaukee Bucks,0022100984,2022-03-09 00:00:00,MIL vs. ATL,W,240,47.0,94.0,0.5,12.0,35.0,0.343,18.0,23.0,0.783,11.0,39.0,50.0,24.0,7.0,2.0,9.0,19.0,124.0,9,1,1610612737,ATL,Atlanta Hawks,ATL @ MIL,L,43.0,86.0,0.5,11.0,38.0,0.289,18.0,22.0,0.818,7.0,37.0,44.0,26.0,6.0,3.0,9.0,20.0,115.0,-9,1,Regular Season,00,Atlanta,46,4,4,3,1,1,0,9,3,12,Milwaukee,62,18,7,19,1,9,2,13,17341.0,2:07,1
778,22021,1610612759,SAS,San Antonio Spurs,0022100989,2022-03-09 00:00:00,SAS vs. TOR,L,240,38.0,84.0,0.452,9.0,32.0,0.281,19.0,20.0,0.95,7.0,29.0,36.0,24.0,5.0,4.0,14.0,18.0,104.0,-15,1,1610612761,TOR,Toronto Raptors,TOR @ SAS,W,41.0,85.0,0.482,11.0,30.0,0.367,26.0,28.0,0.929,13.0,34.0,47.0,12.0,7.0,1.0,10.0,23.0,119.0,15,1,Regular Season,00,San Antonio,46,8,9,7,5,7,2,14,7,23,Toronto,50,14,15,17,0,10,3,6,15121.0,2:05,0
779,22021,1610612748,MIA,Miami Heat,0022100983,2022-03-09 00:00:00,MIA vs. PHX,L,240,35.0,88.0,0.398,10.0,33.0,0.303,10.0,13.0,0.769,6.0,32.0,38.0,27.0,8.0,5.0,15.0,9.0,90.0,-21,1,1610612756,PHX,Phoenix Suns,PHX @ MIA,W,45.0,99.0,0.455,11.0,37.0,0.297,10.0,10.0,1.0,14.0,41.0,55.0,26.0,8.0,5.0,15.0,18.0,111.0,21,1,Regular Season,00,Phoenix,52,14,11,27,5,7,1,15,9,8,Miami,44,4,12,11,1,15,8,12,19600.0,2:04,0
780,22021,1610612745,HOU,Houston Rockets,0022100985,2022-03-09 00:00:00,HOU vs. LAL,W,265,52.0,102.0,0.51,17.0,40.0,0.425,18.0,19.0,0.947,10.0,40.0,50.0,25.0,7.0,4.0,20.0,21.0,139.0,9,1,1610612747,LAL,Los Angeles Lakers,LAL @ HOU,L,47.0,101.0,0.465,18.0,47.0,0.383,18.0,26.0,0.692,12.0,36.0,48.0,25.0,10.0,7.0,16.0,21.0,130.0,-9,1,Regular Season,00,Houston,62,19,14,12,13,9,4,20,5,19,Los Angeles,52,15,16,8,0,16,10,16,18055.0,2:33,1
781,22021,1610612762,UTA,Utah Jazz,0022100990,2022-03-09 00:00:00,UTA vs. POR,W,240,42.0,81.0,0.519,17.0,46.0,0.37,22.0,27.0,0.815,6.0,44.0,50.0,31.0,3.0,5.0,9.0,23.0,123.0,38,1,1610612757,POR,Portland Trail Blazers,POR @ UTA,L,29.0,89.0,0.326,9.0,36.0,0.25,18.0,22.0,0.818,9.0,27.0,36.0,19.0,4.0,2.0,10.0,23.0,85.0,-38,1,Regular Season,00,Portland,28,14,13,2,1,1,1,10,11,12,Utah,44,13,4,51,0,9,11,11,18306.0,2:13,1
782,22021,1610612758,SAC,Sacramento Kings,0022100991,2022-03-09 00:00:00,SAC vs. DEN,L,240,38.0,85.0,0.447,12.0,34.0,0.353,12.0,18.0,0.667,8.0,30.0,38.0,24.0,11.0,5.0,16.0,22.0,100.0,-6,1,1610612743,DEN,Denver Nuggets,DEN @ SAC,W,40.0,82.0,0.488,9.0,35.0,0.257,17.0,19.0,0.895,10.0,41.0,51.0,26.0,11.0,3.0,20.0,20.0,106.0,6,1,Regular Season,00,Denver,58,10,7,18,12,3,0,20,3,23,Sacramento,48,9,8,2,0,16,5,14,14697.0,2:17,0
783,22021,1610612766,CHA,Charlotte Hornets,0022100981,2022-03-09 00:00:00,CHA vs. BOS,L,240,36.0,85.0,0.424,8.0,33.0,0.242,21.0,28.0,0.75,15.0,31.0,46.0,18.0,8.0,7.0,16.0,15.0,101.0,-14,1,1610612738,BOS,Boston Celtics,BOS @ CHA,W,46.0,93.0,0.495,12.0,37.0,0.324,11.0,14.0,0.786,16.0,31.0,47.0,30.0,10.0,8.0,11.0,20.0,115.0,14,1,Regular Season,00,Boston,56,21,14,21,9,8,0,11,4,11,Charlotte,52,22,11,3,0,16,9,23,18086.0,2:08,0
784,22021,1610612765,DET,Detroit Pistons,0022100982,2022-03-09 00:00:00,DET vs. CHI,L,240,42.0,82.0,0.512,11.0,31.0,0.355,13.0,17.0,0.765,5.0,27.0,32.0,25.0,6.0,3.0,16.0,25.0,108.0,-6,1,1610612741,CHI,Chicago Bulls,CHI @ DET,W,40.0,76.0,0.526,3.0,15.0,0.2,31.0,35.0,0.886,2.0,31.0,33.0,19.0,13.0,0.0,11.0,15.0,114.0,6,1,Regular Season,00,Chicago,60,6,13,8,12,9,0,11,9,19,Detroit,56,9,4,7,0,16,10,23,18022.0,2:10,0
785,22021,1610612755,PHI,Philadelphia 76ers,0022100993,2022-03-10 00:00:00,PHI vs. BKN,L,240,30.0,93.0,0.323,14.0,36.0,0.389,26.0,30.0,0.867,17.0,33.0,50.0,19.0,5.0,5.0,20.0,19.0,100.0,-29,1,1610612751,BKN,Brooklyn Nets,BKN @ PHI,W,51.0,91.0,0.56,18.0,40.0,0.45,9.0,17.0,0.529,10.0,35.0,45.0,29.0,13.0,15.0,12.0,22.0,129.0,29,1,Regular Season,00,Brooklyn,48,8,28,36,0,1,1,12,6,12,Philadelphia,26,21,8,0,2,20,14,28,21408.0,2:17,0
786,22021,1610612738,BOS,Boston Celtics,0022100997,2022-03-11 00:00:00,BOS vs. DET,W,240,42.0,90.0,0.467,6.0,32.0,0.188,24.0,30.0,0.8,13.0,34.0,47.0,23.0,10.0,3.0,9.0,19.0,114.0,11,1,1610612765,DET,Detroit Pistons,DET @ BOS,L,35.0,83.0,0.422,10.0,34.0,0.294,23.0,24.0,0.958,11.0,31.0,42.0,21.0,4.0,4.0,14.0,22.0,103.0,-11,1,Regular Season,00,Boston,68,11,15,18,15,16,0,9,8,7,Detroit,44,10,9,7,0,14,6,22,19156.0,2:15,1
787,22021,1610612756,PHX,Phoenix Suns,0022101003,2022-03-11 00:00:00,PHX vs. TOR,L,240,44.0,88.0,0.5,11.0,36.0,0.306,13.0,17.0,0.765,5.0,35.0,40.0,27.0,7.0,8.0,16.0,23.0,112.0,-5,1,1610612761,TOR,Toronto Raptors,TOR @ PHX,W,42.0,94.0,0.447,14.0,32.0,0.438,19.0,21.0,0.905,12.0,36.0,48.0,19.0,11.0,4.0,17.0,19.0,117.0,5,1,Regular Season,00,Toronto,38,15,25,16,10,10,2,17,7,21,Phoenix,48,10,15,5,0,16,7,25,17071.0,2:15,0
788,22021,1610612745,HOU,Houston Rockets,0022100999,2022-03-11 00:00:00,HOU vs. DAL,L,240,41.0,86.0,0.477,6.0,30.0,0.2,12.0,19.0,0.632,5.0,34.0,39.0,29.0,9.0,3.0,13.0,23.0,100.0,-13,1,1610612742,DAL,Dallas Mavericks,DAL @ HOU,W,40.0,88.0,0.455,11.0,36.0,0.306,22.0,28.0,0.786,12.0,35.0,47.0,20.0,6.0,8.0,14.0,21.0,113.0,13,1,Regular Season,00,Houston,62,8,22,5,4,0,2,13,13,18,Dallas,50,16,10,29,1,14,7,13,15060.0,2:13,0
789,22021,1610612740,NOP,New Orleans Pelicans,0022101001,2022-03-11 00:00:00,NOP vs. CHA,L,240,43.0,86.0,0.5,15.0,39.0,0.385,19.0,25.0,0.76,13.0,27.0,40.0,31.0,9.0,2.0,17.0,21.0,120.0,-22,1,1610612766,CHA,Charlotte Hornets,CHA @ NOP,W,52.0,87.0,0.598,22.0,47.0,0.468,16.0,20.0,0.8,6.0,32.0,38.0,41.0,11.0,1.0,14.0,23.0,142.0,22,1,Regular Season,00,New Orleans,54,24,22,4,14,6,0,17,4,24,Charlotte,52,9,26,27,0,14,6,21,16838.0,2:09,0
790,22021,1610612748,MIA,Miami Heat,0022100998,2022-03-11 00:00:00,MIA vs. CLE,W,240,41.0,86.0,0.477,11.0,35.0,0.314,24.0,27.0,0.889,8.0,34.0,42.0,28.0,9.0,6.0,9.0,26.0,117.0,12,1,1610612739,CLE,Cleveland Cavaliers,CLE @ MIA,L,35.0,79.0,0.443,8.0,25.0,0.32,27.0,29.0,0.931,7.0,33.0,40.0,25.0,5.0,2.0,18.0,23.0,105.0,-12,1,Regular Season,00,Miami,58,8,14,17,4,1,0,9,4,10,Cleveland,46,12,8,5,1,18,8,30,19600.0,2:16,1
791,22021,1610612753,ORL,Orlando Magic,0022100995,2022-03-11 00:00:00,ORL vs. MIN,W,240,40.0,86.0,0.465,16.0,40.0,0.4,22.0,25.0,0.88,10.0,39.0,49.0,31.0,4.0,3.0,12.0,11.0,118.0,8,1,1610612750,MIN,Minnesota Timberwolves,MIN @ ORL,L,41.0,90.0,0.456,15.0,45.0,0.333,13.0,13.0,1.0,5.0,32.0,37.0,24.0,8.0,5.0,9.0,24.0,110.0,-8,1,Regular Season,00,Orlando,44,15,18,12,1,1,0,12,9,18,Minnesota,48,7,10,18,0,9,3,7,14557.0,2:07,1
792,22021,1610612759,SAS,San Antonio Spurs,0022101002,2022-03-11 00:00:00,SAS vs. UTA,W,240,34.0,85.0,0.4,6.0,29.0,0.207,30.0,43.0,0.698,14.0,40.0,54.0,15.0,8.0,6.0,13.0,20.0,104.0,2,1,1610612762,UTA,Utah Jazz,UTA @ SAS,L,37.0,92.0,0.402,13.0,40.0,0.325,15.0,23.0,0.652,16.0,41.0,57.0,20.0,10.0,8.0,17.0,26.0,102.0,-2,1,Regular Season,00,San Antonio,42,13,7,4,5,7,0,13,9,15,Utah,42,12,9,15,0,17,7,17,15753.0,2:31,1
793,22021,1610612747,LAL,Los Angeles Lakers,0022101004,2022-03-11 00:00:00,LAL vs. WAS,W,240,48.0,91.0,0.527,14.0,31.0,0.452,12.0,17.0,0.706,7.0,30.0,37.0,25.0,5.0,3.0,9.0,25.0,122.0,13,1,1610612764,WAS,Washington Wizards,WAS @ LAL,L,39.0,85.0,0.459,9.0,27.0,0.333,22.0,33.0,0.667,14.0,33.0,47.0,21.0,6.0,6.0,11.0,18.0,109.0,-13,1,Regular Season,00,Washington,52,19,18,9,9,8,1,11,11,13,Los Angeles,56,10,15,18,2,9,10,9,18997.0,2:16,1
794,22021,1610612737,ATL,Atlanta Hawks,0022100996,2022-03-11 00:00:00,ATL vs. LAC,W,240,43.0,90.0,0.478,9.0,31.0,0.29,17.0,19.0,0.895,15.0,32.0,47.0,28.0,5.0,3.0,10.0,19.0,112.0,6,1,1610612746,LAC,LA Clippers,LAC @ ATL,L,40.0,82.0,0.488,12.0,32.0,0.375,14.0,17.0,0.824,6.0,30.0,36.0,22.0,7.0,3.0,12.0,20.0,106.0,-6,1,Regular Season,00,LA,44,14,5,7,14,6,0,12,5,16,Atlanta,54,16,11,11,0,10,6,14,16862.0,2:10,1
795,22021,1610612741,CHI,Chicago Bulls,0022101006,2022-03-12 00:00:00,CHI vs. CLE,W,240,39.0,88.0,0.443,9.0,21.0,0.429,14.0,15.0,0.933,8.0,38.0,46.0,20.0,12.0,5.0,14.0,18.0,101.0,10,1,1610612739,CLE,Cleveland Cavaliers,CLE @ CHI,L,36.0,86.0,0.419,5.0,24.0,0.208,14.0,17.0,0.824,5.0,35.0,40.0,19.0,7.0,4.0,14.0,19.0,91.0,-10,1,Regular Season,00,Cleveland,50,11,9,4,3,4,0,14,10,21,Chicago,46,12,19,18,2,14,7,17,21727.0,2:08,1
796,22021,1610612762,UTA,Utah Jazz,0022101010,2022-03-12 00:00:00,UTA vs. SAC,W,240,48.0,86.0,0.558,16.0,41.0,0.39,22.0,31.0,0.71,10.0,34.0,44.0,21.0,4.0,5.0,10.0,20.0,134.0,9,1,1610612758,SAC,Sacramento Kings,SAC @ UTA,L,47.0,94.0,0.5,13.0,33.0,0.394,18.0,21.0,0.857,8.0,25.0,33.0,27.0,6.0,3.0,7.0,20.0,125.0,-9,1,Regular Season,00,Sacramento,50,12,10,8,5,0,0,7,9,11,Utah,54,15,15,16,1,10,11,14,18306.0,2:10,1
797,22021,1610612743,DEN,Denver Nuggets,0022101009,2022-03-12 00:00:00,DEN vs. TOR,L,240,43.0,78.0,0.551,11.0,27.0,0.407,18.0,24.0,0.75,9.0,30.0,39.0,32.0,4.0,5.0,19.0,23.0,115.0,-12,1,1610612761,TOR,Toronto Raptors,TOR @ DEN,W,48.0,102.0,0.471,12.0,31.0,0.387,19.0,25.0,0.76,23.0,27.0,50.0,28.0,12.0,6.0,8.0,23.0,127.0,12,1,Regular Season,00,Denver,56,11,12,8,9,5,0,19,7,31,Toronto,64,30,18,12,1,8,5,8,18659.0,2:08,0
798,22021,1610612757,POR,Portland Trail Blazers,0022101011,2022-03-12 00:00:00,POR vs. WAS,W,240,48.0,93.0,0.516,11.0,30.0,0.367,20.0,22.0,0.909,12.0,31.0,43.0,21.0,10.0,3.0,11.0,21.0,127.0,9,1,1610612764,WAS,Washington Wizards,WAS @ POR,L,39.0,83.0,0.47,14.0,34.0,0.412,26.0,27.0,0.963,9.0,26.0,35.0,26.0,7.0,8.0,15.0,16.0,118.0,-9,1,Regular Season,00,Washington,42,13,8,7,6,3,1,15,8,17,Portland,70,22,28,22,0,11,6,9,17524.0,2:08,1
799,22021,1610612748,MIA,Miami Heat,0022101005,2022-03-12 00:00:00,MIA vs. MIN,L,240,35.0,88.0,0.398,15.0,45.0,0.333,19.0,25.0,0.76,11.0,42.0,53.0,23.0,7.0,1.0,18.0,24.0,104.0,-9,1,1610612750,MIN,Minnesota Timberwolves,MIN @ MIA,W,35.0,83.0,0.422,15.0,42.0,0.357,28.0,32.0,0.875,6.0,40.0,46.0,21.0,12.0,5.0,15.0,19.0,113.0,9,1,Regular Season,00,Miami,34,9,15,17,8,6,0,18,6,25,Minnesota,38,9,19,12,1,15,6,20,19600.0,2:18,0
800,22021,1610612759,SAS,San Antonio Spurs,0022101007,2022-03-12 00:00:00,SAS vs. IND,L,240,42.0,102.0,0.412,11.0,34.0,0.324,13.0,16.0,0.813,15.0,37.0,52.0,28.0,6.0,3.0,12.0,15.0,108.0,-11,1,1610612754,IND,Indiana Pacers,IND @ SAS,W,45.0,92.0,0.489,14.0,36.0,0.389,15.0,15.0,1.0,9.0,38.0,47.0,23.0,6.0,10.0,13.0,20.0,119.0,11,1,Regular Season,00,San Antonio,52,15,14,6,1,3,2,12,6,17,Indiana,52,19,12,19,1,13,5,18,14605.0,2:13,0
801,22021,1610612751,BKN,Brooklyn Nets,0022101012,2022-03-13 00:00:00,BKN vs. NYK,W,240,44.0,89.0,0.494,6.0,29.0,0.207,16.0,22.0,0.727,12.0,27.0,39.0,30.0,11.0,3.0,14.0,19.0,110.0,3,1,1610612752,NYK,New York Knicks,NYK @ BKN,L,39.0,83.0,0.47,11.0,29.0,0.379,18.0,21.0,0.857,11.0,29.0,40.0,27.0,8.0,5.0,17.0,21.0,107.0,-3,1,Regular Season,00,New York,50,13,16,5,10,8,1,17,8,21,Brooklyn,52,18,11,12,1,14,11,20,18057.0,2:27,1
802,22021,1610612765,DET,Detroit Pistons,0022101013,2022-03-13 00:00:00,DET vs. LAC,L,240,36.0,80.0,0.45,12.0,29.0,0.414,18.0,20.0,0.9,8.0,36.0,44.0,23.0,3.0,4.0,10.0,18.0,102.0,-4,1,1610612746,LAC,LA Clippers,LAC @ DET,W,40.0,89.0,0.449,10.0,30.0,0.333,16.0,20.0,0.8,11.0,35.0,46.0,25.0,5.0,3.0,6.0,15.0,106.0,4,1,Regular Season,00,Detroit,46,6,5,18,2,2,0,10,4,14,LA,48,15,4,6,0,6,5,9,19313.0,2:11,0
803,22021,1610612737,ATL,Atlanta Hawks,0022101016,2022-03-13 00:00:00,ATL vs. IND,W,240,46.0,84.0,0.548,17.0,38.0,0.447,22.0,24.0,0.917,9.0,27.0,36.0,27.0,9.0,3.0,12.0,21.0,131.0,3,1,1610612754,IND,Indiana Pacers,IND @ ATL,L,46.0,89.0,0.517,15.0,35.0,0.429,21.0,26.0,0.808,15.0,28.0,43.0,23.0,7.0,4.0,15.0,21.0,128.0,-3,1,Regular Season,00,Indiana,50,20,4,2,1,0,0,15,6,23,Atlanta,50,10,5,19,1,12,3,12,17038.0,2:18,1
804,22021,1610612756,PHX,Phoenix Suns,0022101019,2022-03-13 00:00:00,PHX vs. LAL,W,240,58.0,102.0,0.569,12.0,33.0,0.364,12.0,14.0,0.857,14.0,37.0,51.0,36.0,12.0,5.0,11.0,24.0,140.0,29,1,1610612747,LAL,Los Angeles Lakers,LAL @ PHX,L,36.0,81.0,0.444,16.0,40.0,0.4,23.0,31.0,0.742,7.0,30.0,37.0,24.0,4.0,2.0,19.0,14.0,111.0,-29,1,Regular Season,00,Phoenix,76,19,28,35,2,2,2,11,0,15,Los Angeles,36,13,11,4,0,19,11,26,17071.0,2:14,1
805,22021,1610612740,NOP,New Orleans Pelicans,0022101017,2022-03-13 00:00:00,NOP vs. HOU,W,240,48.0,93.0,0.516,10.0,32.0,0.313,24.0,34.0,0.706,14.0,31.0,45.0,30.0,17.0,3.0,11.0,20.0,130.0,25,1,1610612745,HOU,Houston Rockets,HOU @ NOP,L,39.0,77.0,0.506,12.0,31.0,0.387,15.0,25.0,0.6,9.0,30.0,39.0,24.0,3.0,4.0,25.0,26.0,105.0,-25,1,Regular Season,00,Houston,52,10,8,6,9,6,1,25,9,30,New Orleans,64,21,17,30,1,11,10,9,15683.0,2:09,1
806,22021,1610612737,ATL,Atlanta Hawks,0022101021,2022-03-14 00:00:00,ATL vs. POR,W,240,40.0,109.0,0.367,12.0,48.0,0.25,30.0,32.0,0.938,17.0,32.0,49.0,28.0,13.0,6.0,4.0,15.0,122.0,9,1,1610612757,POR,Portland Trail Blazers,POR @ ATL,L,44.0,88.0,0.5,10.0,24.0,0.417,15.0,21.0,0.714,11.0,45.0,56.0,25.0,4.0,9.0,21.0,25.0,113.0,-9,1,Regular Season,00,Atlanta,54,16,10,11,5,5,0,4,10,7,Portland,62,15,11,15,1,21,6,29,16432.0,2:24,1
807,22021,1610612755,PHI,Philadelphia 76ers,0022101022,2022-03-14 00:00:00,PHI vs. DEN,L,240,36.0,84.0,0.429,12.0,33.0,0.364,26.0,32.0,0.813,11.0,37.0,48.0,25.0,8.0,6.0,13.0,17.0,110.0,-4,1,1610612743,DEN,Denver Nuggets,DEN @ PHI,W,44.0,82.0,0.537,13.0,33.0,0.394,13.0,20.0,0.65,6.0,36.0,42.0,29.0,8.0,3.0,14.0,24.0,114.0,4,1,Regular Season,00,Denver,48,4,29,6,9,9,0,14,2,16,Philadelphia,40,4,11,19,0,13,7,14,21444.0,2:20,0
808,22021,1610612747,LAL,Los Angeles Lakers,0022101028,2022-03-14 00:00:00,LAL vs. TOR,L,240,34.0,87.0,0.391,13.0,42.0,0.31,22.0,29.0,0.759,9.0,34.0,43.0,20.0,7.0,7.0,13.0,27.0,103.0,-11,1,1610612761,TOR,Toronto Raptors,TOR @ LAL,W,39.0,96.0,0.406,10.0,37.0,0.27,26.0,36.0,0.722,19.0,45.0,64.0,24.0,8.0,9.0,13.0,20.0,114.0,11,1,Regular Season,00,Los Angeles,36,9,19,0,0,0,0,13,9,14,Toronto,54,17,20,28,1,13,11,16,18228.0,2:15,0
809,22021,1610612760,OKC,Oklahoma City Thunder,0022101023,2022-03-14 00:00:00,OKC vs. CHA,L,240,42.0,90.0,0.467,16.0,44.0,0.364,16.0,19.0,0.842,13.0,36.0,49.0,31.0,4.0,3.0,18.0,19.0,116.0,-18,1,1610612766,CHA,Charlotte Hornets,CHA @ OKC,W,49.0,91.0,0.538,20.0,35.0,0.571,16.0,21.0,0.762,8.0,29.0,37.0,33.0,12.0,7.0,6.0,17.0,134.0,18,1,Regular Season,00,Oklahoma City,50,17,14,18,4,8,0,18,7,27,Charlotte,48,10,12,22,0,6,5,6,15810.0,2:09,0
810,22021,1610612759,SAS,San Antonio Spurs,0022101024,2022-03-14 00:00:00,SAS vs. MIN,L,240,52.0,97.0,0.536,13.0,35.0,0.371,22.0,26.0,0.846,9.0,27.0,36.0,33.0,5.0,11.0,15.0,24.0,139.0,-10,1,1610612750,MIN,Minnesota Timberwolves,MIN @ SAS,W,52.0,90.0,0.578,17.0,33.0,0.515,28.0,32.0,0.875,7.0,33.0,40.0,28.0,8.0,3.0,16.0,20.0,149.0,10,1,Regular Season,00,San Antonio,64,13,21,1,4,7,0,15,8,18,Minnesota,62,17,20,17,1,16,7,21,14143.0,2:26,0
811,22021,1610612762,UTA,Utah Jazz,0022101027,2022-03-14 00:00:00,UTA vs. MIL,L,240,37.0,93.0,0.398,17.0,48.0,0.354,20.0,24.0,0.833,13.0,32.0,45.0,21.0,7.0,4.0,14.0,23.0,111.0,-6,1,1610612749,MIL,Milwaukee Bucks,MIL @ UTA,W,40.0,86.0,0.465,12.0,31.0,0.387,25.0,29.0,0.862,6.0,36.0,42.0,21.0,10.0,3.0,14.0,19.0,117.0,6,1,Regular Season,00,Milwaukee,40,6,10,12,12,8,2,14,12,22,Utah,38,15,10,11,1,14,11,17,18306.0,2:34,0
812,22021,1610612758,SAC,Sacramento Kings,0022101026,2022-03-14 00:00:00,SAC vs. CHI,W,240,39.0,82.0,0.476,10.0,25.0,0.4,24.0,26.0,0.923,7.0,38.0,45.0,25.0,10.0,3.0,16.0,21.0,112.0,9,1,1610612741,CHI,Chicago Bulls,CHI @ SAC,L,36.0,88.0,0.409,10.0,34.0,0.294,21.0,22.0,0.955,9.0,31.0,40.0,22.0,5.0,5.0,15.0,20.0,103.0,-9,1,Regular Season,00,Sacramento,44,16,15,21,1,2,1,16,6,22,Chicago,38,12,10,3,2,15,7,15,15943.0,2:15,1
813,22021,1610612739,CLE,Cleveland Cavaliers,0022101020,2022-03-14 00:00:00,CLE vs. LAC,W,265,41.0,86.0,0.477,15.0,30.0,0.5,23.0,32.0,0.719,12.0,37.0,49.0,28.0,7.0,4.0,12.0,19.0,120.0,9,1,1610612746,LAC,LA Clippers,LAC @ CLE,L,43.0,98.0,0.439,12.0,36.0,0.333,13.0,17.0,0.765,12.0,31.0,43.0,29.0,5.0,8.0,11.0,24.0,111.0,-9,1,Regular Season,00,Cleveland,50,15,8,9,7,12,1,12,12,15,LA,54,19,0,8,1,11,9,9,18742.0,2:30,1
814,22021,1610612754,IND,Indiana Pacers,0022101029,2022-03-15 00:00:00,IND vs. MEM,L,240,41.0,98.0,0.418,6.0,30.0,0.2,14.0,19.0,0.737,16.0,33.0,49.0,23.0,4.0,3.0,19.0,21.0,102.0,-33,1,1610612763,MEM,Memphis Grizzlies,MEM @ IND,W,54.0,105.0,0.514,15.0,40.0,0.375,12.0,20.0,0.6,18.0,33.0,51.0,38.0,11.0,11.0,10.0,16.0,135.0,33,1,Regular Season,00,Indiana,54,14,9,1,4,3,0,19,15,31,Memphis,72,24,33,43,0,10,6,3,15027.0,2:11,0
815,22021,1610612748,MIA,Miami Heat,0022101031,2022-03-15 00:00:00,MIA vs. DET,W,240,29.0,72.0,0.403,12.0,33.0,0.364,35.0,39.0,0.897,7.0,37.0,44.0,20.0,1.0,1.0,13.0,21.0,105.0,7,1,1610612765,DET,Detroit Pistons,DET @ MIA,L,37.0,80.0,0.463,10.0,34.0,0.294,14.0,22.0,0.636,6.0,33.0,39.0,23.0,6.0,5.0,13.0,30.0,98.0,-7,1,Regular Season,00,Detroit,42,6,11,7,10,7,1,13,10,18,Miami,28,6,8,14,2,13,5,13,19600.0,2:16,1
816,22021,1610612753,ORL,Orlando Magic,0022101030,2022-03-15 00:00:00,ORL vs. BKN,L,240,36.0,95.0,0.379,15.0,41.0,0.366,21.0,27.0,0.778,11.0,26.0,37.0,25.0,2.0,4.0,12.0,25.0,108.0,-42,1,1610612751,BKN,Brooklyn Nets,BKN @ ORL,W,53.0,88.0,0.602,16.0,27.0,0.593,28.0,34.0,0.824,7.0,41.0,48.0,35.0,9.0,4.0,13.0,23.0,150.0,42,1,Regular Season,00,Brooklyn,54,12,12,44,0,0,1,13,9,10,Orlando,36,13,6,0,0,12,12,15,15282.0,2:16,0
817,22021,1610612740,NOP,New Orleans Pelicans,0022101032,2022-03-15 00:00:00,NOP vs. PHX,L,240,43.0,86.0,0.5,12.0,34.0,0.353,17.0,24.0,0.708,13.0,32.0,45.0,29.0,7.0,4.0,17.0,19.0,115.0,-16,1,1610612756,PHX,Phoenix Suns,PHX @ NOP,W,49.0,90.0,0.544,18.0,34.0,0.529,15.0,15.0,1.0,6.0,28.0,34.0,35.0,9.0,2.0,9.0,22.0,131.0,16,1,Regular Season,00,Phoenix,48,12,16,23,4,4,1,9,2,13,New Orleans,56,29,16,9,0,17,10,33,16789.0,2:09,0
818,22021,1610612739,CLE,Cleveland Cavaliers,0022101034,2022-03-16 00:00:00,CLE vs. PHI,L,240,39.0,80.0,0.488,9.0,28.0,0.321,27.0,32.0,0.844,8.0,31.0,39.0,25.0,9.0,4.0,9.0,17.0,114.0,-4,1,1610612755,PHI,Philadelphia 76ers,PHI @ CLE,W,41.0,79.0,0.519,12.0,32.0,0.375,24.0,28.0,0.857,7.0,32.0,39.0,24.0,6.0,2.0,11.0,25.0,118.0,4,1,Regular Season,00,Philadelphia,50,11,9,17,8,4,0,11,5,14,Cleveland,56,6,13,5,0,9,5,12,19432.0,2:19,0
819,22021,1610612750,MIN,Minnesota Timberwolves,0022101039,2022-03-16 00:00:00,MIN vs. LAL,W,240,40.0,90.0,0.444,17.0,42.0,0.405,27.0,31.0,0.871,15.0,36.0,51.0,22.0,7.0,6.0,17.0,23.0,124.0,20,1,1610612747,LAL,Los Angeles Lakers,LAL @ MIN,L,39.0,93.0,0.419,10.0,44.0,0.227,16.0,23.0,0.696,13.0,25.0,38.0,23.0,7.0,4.0,14.0,25.0,104.0,-20,1,Regular Season,00,Minnesota,42,17,16,25,0,1,1,17,12,17,Los Angeles,50,15,17,0,0,14,14,11,17136.0,2:21,1
820,22021,1610612764,WAS,Washington Wizards,0022101035,2022-03-16 00:00:00,WAS vs. DEN,L,240,41.0,87.0,0.471,5.0,23.0,0.217,22.0,31.0,0.71,13.0,35.0,48.0,26.0,7.0,8.0,11.0,18.0,109.0,-18,1,1610612743,DEN,Denver Nuggets,DEN @ WAS,W,46.0,90.0,0.511,15.0,37.0,0.405,20.0,21.0,0.952,8.0,33.0,41.0,30.0,7.0,3.0,10.0,25.0,127.0,18,1,Regular Season,00,Washington,64,14,19,1,3,2,1,11,7,14,Denver,56,5,4,28,1,10,4,9,15326.0,2:13,0
821,22021,1610612752,NYK,New York Knicks,0022101037,2022-03-16 00:00:00,NYK vs. POR,W,240,40.0,80.0,0.5,16.0,38.0,0.421,32.0,39.0,0.821,9.0,38.0,47.0,31.0,9.0,8.0,11.0,14.0,128.0,30,1,1610612757,POR,Portland Trail Blazers,POR @ NYK,L,40.0,91.0,0.44,11.0,34.0,0.324,7.0,14.0,0.5,10.0,31.0,41.0,26.0,1.0,3.0,12.0,31.0,98.0,-30,1,Regular Season,00,New York,48,9,19,33,2,1,1,11,12,18,Portland,52,14,4,2,1,12,5,20,18213.0,2:08,1
822,22021,1610612758,SAC,Sacramento Kings,0022101043,2022-03-16 00:00:00,SAC vs. MIL,L,240,46.0,94.0,0.489,16.0,43.0,0.372,18.0,21.0,0.857,7.0,32.0,39.0,27.0,8.0,5.0,15.0,21.0,126.0,-9,1,1610612749,MIL,Milwaukee Bucks,MIL @ SAC,W,47.0,89.0,0.528,18.0,35.0,0.514,23.0,32.0,0.719,8.0,39.0,47.0,21.0,12.0,3.0,13.0,19.0,135.0,9,1,Regular Season,00,Milwaukee,42,12,13,11,18,11,2,13,9,22,Sacramento,54,17,7,8,0,15,7,17,15864.0,2:21,0
823,22021,1610612745,HOU,Houston Rockets,0022101038,2022-03-16 00:00:00,HOU vs. PHX,L,240,42.0,85.0,0.494,16.0,39.0,0.41,12.0,19.0,0.632,9.0,24.0,33.0,26.0,9.0,3.0,12.0,13.0,112.0,-17,1,1610612756,PHX,Phoenix Suns,PHX @ HOU,W,53.0,95.0,0.558,13.0,33.0,0.394,10.0,13.0,0.769,13.0,36.0,49.0,32.0,5.0,4.0,11.0,18.0,129.0,17,1,Regular Season,00,Houston,40,13,10,1,2,4,1,12,5,19,Phoenix,64,20,28,18,0,11,8,23,18055.0,2:04,0
824,22021,1610612746,LAC,LA Clippers,0022101044,2022-03-16 00:00:00,LAC vs. TOR,L,240,38.0,78.0,0.487,11.0,30.0,0.367,13.0,15.0,0.867,10.0,31.0,41.0,27.0,7.0,2.0,14.0,15.0,100.0,-3,1,1610612761,TOR,Toronto Raptors,TOR @ LAC,W,38.0,83.0,0.458,11.0,32.0,0.344,16.0,21.0,0.762,13.0,30.0,43.0,14.0,5.0,1.0,11.0,12.0,103.0,3,1,Regular Season,00,LA,48,9,7,3,12,5,0,14,1,16,Toronto,40,21,12,17,0,11,7,9,19068.0,2:04,0
825,22021,1610612766,CHA,Charlotte Hornets,0022101033,2022-03-16 00:00:00,CHA vs. ATL,W,240,43.0,87.0,0.494,11.0,35.0,0.314,19.0,23.0,0.826,11.0,32.0,43.0,30.0,8.0,8.0,9.0,18.0,116.0,10,1,1610612737,ATL,Atlanta Hawks,ATL @ CHA,L,40.0,93.0,0.43,13.0,37.0,0.351,13.0,14.0,0.929,12.0,31.0,43.0,28.0,6.0,2.0,13.0,23.0,106.0,-10,1,Regular Season,00,Atlanta,48,13,17,8,15,11,1,13,11,25,Charlotte,60,14,15,12,0,9,5,4,16648.0,2:07,1
826,22021,1610612753,ORL,Orlando Magic,0022101045,2022-03-17 00:00:00,ORL vs. DET,L,240,47.0,97.0,0.485,11.0,30.0,0.367,15.0,21.0,0.714,10.0,35.0,45.0,24.0,3.0,4.0,14.0,21.0,120.0,-14,1,1610612765,DET,Detroit Pistons,DET @ ORL,W,47.0,94.0,0.5,20.0,43.0,0.465,20.0,31.0,0.645,10.0,35.0,45.0,34.0,11.0,3.0,9.0,21.0,134.0,14,1,Regular Season,00,Orlando,64,17,13,9,15,7,1,14,13,29,Detroit,48,25,9,17,2,9,11,8,14369.0,2:14,0
827,22021,1610612737,ATL,Atlanta Hawks,0022101047,2022-03-18 00:00:00,ATL vs. MEM,W,240,45.0,91.0,0.495,13.0,28.0,0.464,17.0,21.0,0.81,7.0,33.0,40.0,28.0,12.0,6.0,10.0,20.0,120.0,15,1,1610612763,MEM,Memphis Grizzlies,MEM @ ATL,L,40.0,86.0,0.465,8.0,22.0,0.364,17.0,23.0,0.739,15.0,33.0,48.0,18.0,6.0,10.0,17.0,18.0,105.0,-15,1,Regular Season,00,Atlanta,52,14,12,23,1,1,1,10,9,11,Memphis,60,17,18,2,1,17,5,24,18062.0,2:14,1
828,22021,1610612752,NYK,New York Knicks,0022101050,2022-03-18 00:00:00,NYK vs. WAS,W,240,31.0,90.0,0.344,10.0,33.0,0.303,28.0,36.0,0.778,19.0,41.0,60.0,18.0,9.0,3.0,13.0,20.0,100.0,3,1,1610612764,WAS,Washington Wizards,WAS @ NYK,L,34.0,79.0,0.43,13.0,34.0,0.382,16.0,21.0,0.762,3.0,35.0,38.0,19.0,2.0,6.0,13.0,27.0,97.0,-3,1,Regular Season,00,New York,36,20,6,15,2,3,1,13,11,13,Washington,32,4,6,9,0,13,8,18,19812.0,2:19,1
829,22021,1610612751,BKN,Brooklyn Nets,0022101048,2022-03-18 00:00:00,BKN vs. POR,W,240,45.0,77.0,0.584,10.0,25.0,0.4,28.0,33.0,0.848,13.0,32.0,45.0,24.0,7.0,4.0,21.0,22.0,128.0,5,1,1610612757,POR,Portland Trail Blazers,POR @ BKN,L,48.0,96.0,0.5,13.0,35.0,0.371,14.0,24.0,0.583,17.0,20.0,37.0,29.0,14.0,4.0,14.0,26.0,123.0,-5,1,Regular Season,00,Brooklyn,58,12,29,10,8,9,0,21,6,29,Portland,68,21,21,18,1,14,7,27,17732.0,2:26,1
830,22021,1610612755,PHI,Philadelphia 76ers,0022101046,2022-03-18 00:00:00,PHI vs. DAL,W,240,37.0,75.0,0.493,16.0,38.0,0.421,21.0,23.0,0.913,5.0,33.0,38.0,23.0,9.0,4.0,12.0,21.0,111.0,10,1,1610612742,DAL,Dallas Mavericks,DAL @ PHI,L,37.0,80.0,0.463,12.0,32.0,0.375,15.0,21.0,0.714,11.0,29.0,40.0,21.0,4.0,3.0,12.0,17.0,101.0,-10,1,Regular Season,00,Dallas,38,8,7,8,9,7,0,12,3,14,Philadelphia,36,4,12,20,1,12,8,11,21428.0,2:10,1
831,22021,1610612748,MIA,Miami Heat,0022101052,2022-03-18 00:00:00,MIA vs. OKC,W,240,46.0,95.0,0.484,18.0,51.0,0.353,10.0,12.0,0.833,11.0,35.0,46.0,25.0,5.0,0.0,6.0,19.0,120.0,12,1,1610612760,OKC,Oklahoma City Thunder,OKC @ MIA,L,40.0,84.0,0.476,10.0,34.0,0.294,18.0,23.0,0.783,11.0,36.0,47.0,19.0,4.0,5.0,12.0,10.0,108.0,-12,1,Regular Season,00,Miami,48,14,11,29,2,6,0,6,4,5,Oklahoma City,54,12,13,1,2,12,3,18,19600.0,2:01,1
832,22021,1610612759,SAS,San Antonio Spurs,0022101054,2022-03-18 00:00:00,SAS vs. NOP,L,240,32.0,89.0,0.36,11.0,44.0,0.25,16.0,20.0,0.8,8.0,32.0,40.0,22.0,5.0,4.0,16.0,12.0,91.0,-33,1,1610612740,NOP,New Orleans Pelicans,NOP @ SAS,W,48.0,96.0,0.5,14.0,34.0,0.412,14.0,18.0,0.778,13.0,45.0,58.0,24.0,13.0,4.0,10.0,21.0,124.0,33,1,Regular Season,00,New Orleans,50,26,15,40,0,0,1,10,5,15,San Antonio,32,15,8,0,0,16,10,22,18354.0,2:03,0
833,22021,1610612762,UTA,Utah Jazz,0022101055,2022-03-18 00:00:00,UTA vs. LAC,W,240,47.0,97.0,0.485,16.0,44.0,0.364,11.0,14.0,0.786,15.0,44.0,59.0,30.0,9.0,5.0,12.0,18.0,121.0,29,1,1610612746,LAC,LA Clippers,LAC @ UTA,L,31.0,86.0,0.36,11.0,35.0,0.314,19.0,21.0,0.905,8.0,35.0,43.0,23.0,10.0,8.0,12.0,13.0,92.0,-29,1,Regular Season,00,LA,32,10,8,0,0,1,0,12,4,22,Utah,56,24,14,41,0,12,4,23,18306.0,2:04,1
834,22021,1610612745,HOU,Houston Rockets,0022101053,2022-03-18 00:00:00,HOU vs. IND,L,240,39.0,79.0,0.494,12.0,27.0,0.444,28.0,32.0,0.875,5.0,37.0,42.0,24.0,9.0,8.0,16.0,19.0,118.0,-3,1,1610612754,IND,Indiana Pacers,IND @ HOU,W,47.0,101.0,0.465,14.0,43.0,0.326,13.0,19.0,0.684,16.0,30.0,46.0,29.0,7.0,4.0,13.0,26.0,121.0,3,1,Regular Season,00,Houston,52,11,23,12,13,14,1,16,8,13,Indiana,62,17,6,8,0,13,8,16,13748.0,2:15,0
835,22021,1610612758,SAC,Sacramento Kings,0022101057,2022-03-18 00:00:00,SAC vs. BOS,L,240,33.0,79.0,0.418,13.0,36.0,0.361,18.0,24.0,0.75,8.0,29.0,37.0,23.0,5.0,6.0,16.0,14.0,97.0,-29,1,1610612738,BOS,Boston Celtics,BOS @ SAC,W,46.0,82.0,0.561,22.0,40.0,0.55,12.0,17.0,0.706,6.0,37.0,43.0,33.0,11.0,1.0,13.0,23.0,126.0,29,1,Regular Season,00,Boston,48,12,20,29,0,1,0,13,6,10,Sacramento,28,12,2,0,0,16,7,24,15313.0,2:04,0
836,22021,1610612756,PHX,Phoenix Suns,0022101056,2022-03-18 00:00:00,PHX vs. CHI,W,240,47.0,84.0,0.56,11.0,25.0,0.44,24.0,26.0,0.923,10.0,39.0,49.0,23.0,5.0,4.0,13.0,20.0,129.0,27,1,1610612741,CHI,Chicago Bulls,CHI @ PHX,L,35.0,85.0,0.412,7.0,27.0,0.259,25.0,31.0,0.806,13.0,24.0,37.0,20.0,6.0,0.0,11.0,18.0,102.0,-27,1,Regular Season,00,Chicago,42,13,11,4,7,1,0,11,6,13,Phoenix,52,14,8,33,2,13,3,9,17071.0,2:08,1
837,22021,1610612739,CLE,Cleveland Cavaliers,0022101049,2022-03-18 00:00:00,CLE vs. DEN,W,265,44.0,98.0,0.449,14.0,37.0,0.378,17.0,26.0,0.654,15.0,31.0,46.0,31.0,11.0,4.0,11.0,17.0,119.0,3,1,1610612743,DEN,Denver Nuggets,DEN @ CLE,L,46.0,92.0,0.5,10.0,33.0,0.303,14.0,18.0,0.778,13.0,38.0,51.0,35.0,6.0,3.0,19.0,24.0,116.0,-3,1,Regular Season,00,Denver,66,15,14,14,7,9,1,19,6,29,Cleveland,58,19,17,8,0,11,10,18,19432.0,2:34,1
838,22021,1610612766,CHA,Charlotte Hornets,0022101059,2022-03-19 00:00:00,CHA vs. DAL,W,240,44.0,88.0,0.5,20.0,42.0,0.476,21.0,27.0,0.778,10.0,36.0,46.0,33.0,8.0,8.0,9.0,18.0,129.0,21,1,1610612742,DAL,Dallas Mavericks,DAL @ CHA,L,39.0,89.0,0.438,14.0,38.0,0.368,16.0,20.0,0.8,12.0,32.0,44.0,18.0,4.0,4.0,15.0,26.0,108.0,-21,1,Regular Season,00,Charlotte,36,20,20,32,6,1,0,9,7,17,Dallas,46,17,9,2,2,15,7,21,19279.0,2:10,1
839,22021,1610612764,WAS,Washington Wizards,0022101061,2022-03-19 00:00:00,WAS vs. LAL,W,240,44.0,85.0,0.518,13.0,31.0,0.419,26.0,31.0,0.839,7.0,29.0,36.0,30.0,10.0,1.0,8.0,13.0,127.0,8,1,1610612747,LAL,Los Angeles Lakers,LAL @ WAS,L,48.0,91.0,0.527,13.0,35.0,0.371,10.0,11.0,0.909,9.0,32.0,41.0,25.0,3.0,1.0,15.0,23.0,119.0,-8,1,Regular Season,00,Los Angeles,58,12,10,16,7,4,3,15,6,19,Washington,40,7,13,8,1,8,7,11,20476.0,2:14,1
840,22021,1610612750,MIN,Minnesota Timberwolves,0022101058,2022-03-19 00:00:00,MIN vs. MIL,W,240,47.0,92.0,0.511,22.0,47.0,0.468,22.0,26.0,0.846,8.0,36.0,44.0,30.0,12.0,2.0,11.0,19.0,138.0,19,1,1610612749,MIL,Milwaukee Bucks,MIL @ MIN,L,43.0,97.0,0.443,19.0,52.0,0.365,14.0,17.0,0.824,14.0,37.0,51.0,27.0,6.0,4.0,14.0,18.0,119.0,-19,1,Regular Season,00,Milwaukee,44,24,12,7,5,0,0,14,6,21,Minnesota,46,18,25,24,0,11,5,4,17136.0,2:16,1
841,22021,1610612739,CLE,Cleveland Cavaliers,0022101060,2022-03-19 00:00:00,CLE vs. DET,W,240,45.0,88.0,0.511,10.0,26.0,0.385,13.0,23.0,0.565,12.0,32.0,44.0,28.0,7.0,4.0,16.0,16.0,113.0,4,1,1610612765,DET,Detroit Pistons,DET @ CLE,L,41.0,85.0,0.482,13.0,30.0,0.433,14.0,19.0,0.737,10.0,28.0,38.0,23.0,10.0,6.0,16.0,22.0,109.0,-4,1,Regular Season,00,Cleveland,64,13,16,10,7,5,2,16,14,20,Detroit,54,16,22,12,1,16,6,20,19432.0,2:10,1
842,22021,1610612758,SAC,Sacramento Kings,0022101066,2022-03-20 00:00:00,SAC vs. PHX,L,265,39.0,91.0,0.429,16.0,34.0,0.471,30.0,36.0,0.833,9.0,33.0,42.0,27.0,12.0,2.0,15.0,21.0,124.0,-3,1,1610612756,PHX,Phoenix Suns,PHX @ SAC,W,46.0,92.0,0.5,12.0,28.0,0.429,23.0,27.0,0.852,10.0,40.0,50.0,25.0,12.0,5.0,18.0,30.0,127.0,3,1,Regular Season,00,Sacramento,38,13,12,14,11,7,0,15,10,15,Phoenix,52,22,15,4,1,18,6,20,17583.0,2:38,0
843,22021,1610612745,HOU,Houston Rockets,0022101063,2022-03-20 00:00:00,HOU vs. MEM,L,240,37.0,86.0,0.43,10.0,31.0,0.323,14.0,24.0,0.583,5.0,40.0,45.0,26.0,6.0,3.0,17.0,16.0,98.0,-24,1,1610612763,MEM,Memphis Grizzlies,MEM @ HOU,W,46.0,96.0,0.479,16.0,34.0,0.471,14.0,17.0,0.824,7.0,44.0,51.0,26.0,14.0,6.0,14.0,24.0,122.0,24,1,Regular Season,00,Houston,46,8,15,2,2,2,0,17,8,17,Memphis,54,9,25,28,1,14,8,12,18055.0,2:13,0
844,22021,1610612752,NYK,New York Knicks,0022101067,2022-03-20 00:00:00,NYK vs. UTA,L,240,31.0,83.0,0.373,16.0,40.0,0.4,15.0,21.0,0.714,10.0,27.0,37.0,20.0,7.0,2.0,11.0,19.0,93.0,-15,1,1610612762,UTA,Utah Jazz,UTA @ NYK,W,34.0,74.0,0.459,17.0,46.0,0.37,23.0,29.0,0.793,9.0,40.0,49.0,16.0,9.0,11.0,12.0,17.0,108.0,15,1,Regular Season,00,New York,26,18,6,9,5,3,0,11,11,14,Utah,32,15,8,17,1,12,7,12,19812.0,2:12,0
845,22021,1610612753,ORL,Orlando Magic,0022101065,2022-03-20 00:00:00,ORL vs. OKC,W,240,32.0,83.0,0.386,7.0,31.0,0.226,19.0,24.0,0.792,15.0,45.0,60.0,22.0,11.0,4.0,21.0,17.0,90.0,5,1,1610612760,OKC,Oklahoma City Thunder,OKC @ ORL,L,30.0,92.0,0.326,13.0,48.0,0.271,12.0,18.0,0.667,14.0,33.0,47.0,19.0,13.0,7.0,16.0,24.0,85.0,-5,1,Regular Season,00,Orlando,42,17,6,7,12,11,0,21,8,23,Oklahoma City,34,6,10,8,0,16,9,6,15012.0,2:09,1
846,22021,1610612755,PHI,Philadelphia 76ers,0022101069,2022-03-20 00:00:00,PHI vs. TOR,L,240,30.0,73.0,0.411,7.0,27.0,0.259,21.0,28.0,0.75,5.0,35.0,40.0,21.0,7.0,5.0,10.0,23.0,88.0,-5,1,1610612761,TOR,Toronto Raptors,TOR @ PHI,W,35.0,93.0,0.376,7.0,26.0,0.269,16.0,23.0,0.696,20.0,36.0,56.0,16.0,5.0,4.0,9.0,16.0,93.0,5,1,Regular Season,00,Philadelphia,40,12,10,16,9,6,0,10,10,8,Toronto,50,18,16,5,1,9,9,10,21180.0,2:21,0
847,22021,1610612743,DEN,Denver Nuggets,0022101068,2022-03-20 00:00:00,DEN vs. BOS,L,240,35.0,87.0,0.402,14.0,39.0,0.359,20.0,25.0,0.8,13.0,28.0,41.0,22.0,4.0,3.0,11.0,15.0,104.0,-20,1,1610612738,BOS,Boston Celtics,BOS @ DEN,W,47.0,82.0,0.573,19.0,40.0,0.475,11.0,11.0,1.0,5.0,33.0,38.0,29.0,4.0,6.0,9.0,18.0,124.0,20,1,Regular Season,00,Denver,36,13,20,3,2,4,1,11,9,14,Boston,44,7,7,28,1,9,4,16,19602.0,2:04,0
848,22021,1610612754,IND,Indiana Pacers,0022101062,2022-03-20 00:00:00,IND vs. POR,W,240,48.0,84.0,0.571,15.0,35.0,0.429,18.0,21.0,0.857,11.0,30.0,41.0,38.0,10.0,2.0,16.0,19.0,129.0,31,1,1610612757,POR,Portland Trail Blazers,POR @ IND,L,38.0,81.0,0.469,9.0,33.0,0.273,13.0,18.0,0.722,10.0,22.0,32.0,23.0,10.0,3.0,18.0,19.0,98.0,-31,1,Regular Season,00,Portland,56,13,15,0,0,1,1,18,6,24,Indiana,60,15,19,31,2,16,8,18,16067.0,2:07,1
849,22021,1610612741,CHI,Chicago Bulls,0022101076,2022-03-21 00:00:00,CHI vs. TOR,W,240,44.0,90.0,0.489,11.0,28.0,0.393,14.0,24.0,0.583,14.0,28.0,42.0,28.0,6.0,7.0,6.0,14.0,113.0,14,1,1610612761,TOR,Toronto Raptors,TOR @ CHI,L,40.0,91.0,0.44,6.0,32.0,0.188,13.0,15.0,0.867,14.0,35.0,49.0,26.0,5.0,6.0,14.0,20.0,99.0,-14,1,Regular Season,00,Chicago,48,10,16,21,19,9,1,6,6,5,Toronto,62,21,16,5,2,14,12,29,21778.0,2:04,1
850,22021,1610612739,CLE,Cleveland Cavaliers,0022101072,2022-03-21 00:00:00,CLE vs. LAL,L,240,45.0,86.0,0.523,14.0,39.0,0.359,16.0,19.0,0.842,8.0,30.0,38.0,29.0,3.0,2.0,12.0,19.0,120.0,-11,1,1610612747,LAL,Los Angeles Lakers,LAL @ CLE,W,53.0,94.0,0.564,12.0,32.0,0.375,13.0,16.0,0.813,9.0,32.0,41.0,34.0,7.0,3.0,8.0,19.0,131.0,11,1,Regular Season,00,Los Angeles,64,10,22,13,8,5,0,8,6,8,Cleveland,52,11,20,14,0,12,3,18,19432.0,2:07,0
851,22021,1610612765,DET,Detroit Pistons,0022101073,2022-03-21 00:00:00,DET vs. POR,L,240,36.0,85.0,0.424,9.0,35.0,0.257,34.0,41.0,0.829,12.0,36.0,48.0,22.0,8.0,5.0,20.0,34.0,115.0,-4,1,1610612757,POR,Portland Trail Blazers,POR @ DET,W,37.0,88.0,0.42,8.0,28.0,0.286,37.0,49.0,0.755,17.0,30.0,47.0,22.0,15.0,7.0,9.0,26.0,119.0,4,1,Regular Season,00,Detroit,52,20,8,3,5,8,2,20,14,30,Portland,54,19,17,23,0,9,10,16,14923.0,2:33,0
852,22021,1610612755,PHI,Philadelphia 76ers,0022101074,2022-03-21 00:00:00,PHI vs. MIA,W,240,43.0,86.0,0.5,15.0,37.0,0.405,12.0,16.0,0.75,11.0,34.0,45.0,26.0,6.0,4.0,12.0,20.0,113.0,7,1,1610612748,MIA,Miami Heat,MIA @ PHI,L,38.0,80.0,0.475,10.0,33.0,0.303,20.0,20.0,1.0,4.0,30.0,34.0,23.0,6.0,4.0,12.0,16.0,106.0,-7,1,Regular Season,00,Miami,42,5,26,6,18,18,0,12,4,17,Philadelphia,50,13,14,11,1,12,6,14,21386.0,2:09,1
853,22021,1610612760,OKC,Oklahoma City Thunder,0022101078,2022-03-21 00:00:00,OKC vs. BOS,L,240,48.0,93.0,0.516,17.0,37.0,0.459,10.0,14.0,0.714,10.0,32.0,42.0,23.0,5.0,4.0,11.0,26.0,123.0,-9,1,1610612738,BOS,Boston Celtics,BOS @ OKC,W,44.0,86.0,0.512,15.0,40.0,0.375,29.0,34.0,0.853,6.0,36.0,42.0,22.0,8.0,7.0,9.0,18.0,132.0,9,1,Regular Season,00,Oklahoma City,60,4,18,0,0,0,0,11,2,19,Boston,56,14,6,26,1,9,10,19,15345.0,2:12,0
854,22021,1610612751,BKN,Brooklyn Nets,0022101075,2022-03-21 00:00:00,BKN vs. UTA,W,240,45.0,83.0,0.542,11.0,30.0,0.367,13.0,15.0,0.867,7.0,34.0,41.0,31.0,5.0,4.0,14.0,19.0,114.0,8,1,1610612762,UTA,Utah Jazz,UTA @ BKN,L,37.0,83.0,0.446,14.0,39.0,0.359,18.0,22.0,0.818,11.0,26.0,37.0,18.0,8.0,7.0,14.0,16.0,106.0,-8,1,Regular Season,00,Utah,40,13,11,7,4,4,1,14,5,15,Brooklyn,54,16,8,21,0,14,7,17,17887.0,2:07,1
855,22021,1610612745,HOU,Houston Rockets,0022101077,2022-03-21 00:00:00,HOU vs. WAS,W,240,42.0,85.0,0.494,20.0,39.0,0.513,11.0,13.0,0.846,6.0,38.0,44.0,30.0,5.0,8.0,13.0,22.0,115.0,18,1,1610612764,WAS,Washington Wizards,WAS @ HOU,L,35.0,85.0,0.412,6.0,29.0,0.207,21.0,24.0,0.875,10.0,37.0,47.0,24.0,7.0,6.0,11.0,15.0,97.0,-18,1,Regular Season,00,Houston,36,7,12,20,1,1,1,13,0,15,Washington,46,16,12,23,0,11,7,17,13936.0,2:14,1
856,22021,1610612766,CHA,Charlotte Hornets,0022101071,2022-03-21 00:00:00,CHA vs. NOP,W,240,40.0,79.0,0.506,13.0,37.0,0.351,13.0,15.0,0.867,5.0,30.0,35.0,34.0,5.0,10.0,17.0,19.0,106.0,3,1,1610612740,NOP,New Orleans Pelicans,NOP @ CHA,L,40.0,90.0,0.444,9.0,24.0,0.375,14.0,16.0,0.875,15.0,32.0,47.0,23.0,9.0,4.0,15.0,16.0,103.0,-3,1,Regular Season,00,New Orleans,54,23,14,9,7,5,0,15,5,12,Charlotte,46,3,17,3,0,17,6,14,13351.0,2:10,1
857,22021,1610612742,DAL,Dallas Mavericks,0022101079,2022-03-21 00:00:00,DAL vs. MIN,W,240,40.0,83.0,0.482,14.0,46.0,0.304,16.0,21.0,0.762,7.0,40.0,47.0,27.0,5.0,3.0,12.0,21.0,110.0,2,1,1610612750,MIN,Minnesota Timberwolves,MIN @ DAL,L,36.0,91.0,0.396,13.0,36.0,0.361,23.0,29.0,0.793,15.0,35.0,50.0,21.0,9.0,3.0,9.0,18.0,108.0,-2,1,Regular Season,00,Minnesota,38,13,26,6,11,4,0,9,6,8,Dallas,48,16,13,16,1,12,6,14,20077.0,2:20,1
858,22021,1610612749,MIL,Milwaukee Bucks,0022101082,2022-03-22 00:00:00,MIL vs. CHI,W,240,50.0,82.0,0.61,12.0,28.0,0.429,14.0,20.0,0.7,5.0,48.0,53.0,26.0,4.0,6.0,15.0,12.0,126.0,28,1,1610612741,CHI,Chicago Bulls,CHI @ MIL,L,39.0,92.0,0.424,13.0,33.0,0.394,7.0,13.0,0.538,5.0,28.0,33.0,21.0,9.0,4.0,7.0,12.0,98.0,-28,1,Regular Season,00,Chicago,34,5,4,3,9,3,0,7,5,11,Milwaukee,58,9,8,35,1,15,6,14,17983.0,2:01,1
859,22021,1610612752,NYK,New York Knicks,0022101081,2022-03-22 00:00:00,NYK vs. ATL,L,240,42.0,86.0,0.488,13.0,34.0,0.382,14.0,26.0,0.538,14.0,27.0,41.0,20.0,12.0,4.0,14.0,23.0,111.0,-6,1,1610612737,ATL,Atlanta Hawks,ATL @ NYK,W,40.0,81.0,0.494,15.0,36.0,0.417,22.0,27.0,0.815,10.0,33.0,43.0,26.0,7.0,5.0,14.0,18.0,117.0,6,1,Regular Season,00,New York,48,14,11,12,8,6,1,14,13,22,Atlanta,40,9,3,11,0,14,5,25,19812.0,2:20,0
860,22021,1610612743,DEN,Denver Nuggets,0022101083,2022-03-22 00:00:00,DEN vs. LAC,W,240,45.0,83.0,0.542,16.0,32.0,0.5,21.0,23.0,0.913,6.0,34.0,40.0,31.0,4.0,5.0,11.0,19.0,127.0,12,1,1610612746,LAC,LA Clippers,LAC @ DEN,L,42.0,86.0,0.488,10.0,32.0,0.313,21.0,26.0,0.808,6.0,29.0,35.0,27.0,3.0,7.0,6.0,19.0,115.0,-12,1,Regular Season,00,Denver,42,13,11,14,3,4,2,11,9,14,LA,48,4,14,3,0,6,5,6,16089.0,2:18,1
861,22021,1610612750,MIN,Minnesota Timberwolves,0022101090,2022-03-23 00:00:00,MIN vs. PHX,L,240,42.0,95.0,0.442,13.0,43.0,0.302,19.0,22.0,0.864,15.0,30.0,45.0,27.0,5.0,5.0,12.0,21.0,116.0,-9,1,1610612756,PHX,Phoenix Suns,PHX @ MIN,W,45.0,86.0,0.523,12.0,33.0,0.364,23.0,29.0,0.793,11.0,32.0,43.0,30.0,6.0,9.0,13.0,20.0,125.0,9,1,Regular Season,00,Minnesota,46,21,11,15,1,5,0,12,7,16,Phoenix,54,16,7,14,1,13,8,14,17136.0,2:21,0
862,22021,1610612760,OKC,Oklahoma City Thunder,0022101091,2022-03-23 00:00:00,OKC vs. ORL,W,240,38.0,79.0,0.481,17.0,41.0,0.415,25.0,30.0,0.833,5.0,39.0,44.0,21.0,6.0,6.0,12.0,16.0,118.0,16,1,1610612753,ORL,Orlando Magic,ORL @ OKC,L,36.0,93.0,0.387,17.0,51.0,0.333,13.0,16.0,0.813,9.0,36.0,45.0,24.0,3.0,3.0,11.0,22.0,102.0,-16,1,Regular Season,00,Oklahoma City,42,4,11,19,1,2,1,12,9,10,Orlando,36,9,4,13,1,11,8,14,14393.0,2:13,1
863,22021,1610612763,MEM,Memphis Grizzlies,0022101089,2022-03-23 00:00:00,MEM vs. BKN,W,240,47.0,101.0,0.465,19.0,38.0,0.5,19.0,22.0,0.864,16.0,30.0,46.0,28.0,8.0,7.0,13.0,22.0,132.0,12,1,1610612751,BKN,Brooklyn Nets,BKN @ MEM,L,43.0,87.0,0.494,9.0,25.0,0.36,25.0,27.0,0.926,10.0,29.0,39.0,18.0,6.0,10.0,14.0,20.0,120.0,-12,1,Regular Season,00,Memphis,48,33,27,18,12,6,1,13,9,7,Brooklyn,52,18,14,3,0,14,9,27,17794.0,2:16,1
864,22021,1610612738,BOS,Boston Celtics,0022101087,2022-03-23 00:00:00,BOS vs. UTA,W,240,50.0,84.0,0.595,19.0,36.0,0.528,6.0,7.0,0.857,8.0,31.0,39.0,37.0,8.0,10.0,13.0,20.0,125.0,28,1,1610612762,UTA,Utah Jazz,UTA @ BOS,L,35.0,88.0,0.398,8.0,36.0,0.222,19.0,21.0,0.905,16.0,24.0,40.0,13.0,8.0,1.0,14.0,14.0,97.0,-28,1,Regular Season,00,Boston,56,14,13,32,3,0,1,13,6,10,Utah,48,17,6,2,0,14,5,24,19156.0,2:02,1
865,22021,1610612757,POR,Portland Trail Blazers,0022101094,2022-03-23 00:00:00,POR vs. SAS,L,240,36.0,94.0,0.383,7.0,26.0,0.269,17.0,18.0,0.944,12.0,31.0,43.0,18.0,5.0,5.0,18.0,21.0,96.0,-37,1,1610612759,SAS,San Antonio Spurs,SAS @ POR,W,46.0,94.0,0.489,19.0,44.0,0.432,22.0,24.0,0.917,14.0,39.0,53.0,34.0,8.0,11.0,14.0,13.0,133.0,37,1,Regular Season,00,San Antonio,48,18,25,43,1,2,1,14,5,14,Portland,48,10,14,7,2,18,8,26,16610.0,2:06,0
866,22021,1610612765,DET,Detroit Pistons,0022101085,2022-03-23 00:00:00,DET vs. ATL,W,240,44.0,88.0,0.5,12.0,33.0,0.364,22.0,25.0,0.88,9.0,45.0,54.0,30.0,10.0,4.0,16.0,19.0,122.0,21,1,1610612737,ATL,Atlanta Hawks,ATL @ DET,L,37.0,92.0,0.402,14.0,44.0,0.318,13.0,15.0,0.867,9.0,31.0,40.0,21.0,8.0,3.0,14.0,17.0,101.0,-21,1,Regular Season,00,Detroit,54,9,17,29,8,7,1,16,7,26,Atlanta,40,9,3,5,0,14,3,21,16212.0,2:02,1
867,22021,1610612766,CHA,Charlotte Hornets,0022101084,2022-03-23 00:00:00,CHA vs. NYK,L,240,42.0,89.0,0.472,13.0,46.0,0.283,9.0,17.0,0.529,14.0,31.0,45.0,26.0,5.0,4.0,11.0,18.0,106.0,-15,1,1610612752,NYK,New York Knicks,NYK @ CHA,W,43.0,83.0,0.518,20.0,45.0,0.444,15.0,17.0,0.882,6.0,34.0,40.0,30.0,5.0,3.0,9.0,17.0,121.0,15,1,Regular Season,00,Charlotte,54,20,12,0,0,1,2,11,6,13,New York,42,9,10,20,2,9,6,8,16290.0,2:04,0
868,22021,1610612747,LAL,Los Angeles Lakers,0022101093,2022-03-23 00:00:00,LAL vs. PHI,L,240,50.0,97.0,0.515,11.0,30.0,0.367,10.0,16.0,0.625,11.0,34.0,45.0,25.0,6.0,3.0,12.0,19.0,121.0,-5,1,1610612755,PHI,Philadelphia 76ers,PHI @ LAL,W,47.0,91.0,0.516,10.0,27.0,0.37,22.0,28.0,0.786,8.0,35.0,43.0,26.0,7.0,5.0,7.0,13.0,126.0,5,1,Regular Season,00,Los Angeles,66,22,11,7,4,6,0,12,8,15,Philadelphia,60,7,13,14,0,7,7,14,18997.0,2:20,0
869,22021,1610612749,MIL,Milwaukee Bucks,0022101097,2022-03-24 00:00:00,MIL vs. WAS,W,240,42.0,81.0,0.519,16.0,35.0,0.457,14.0,16.0,0.875,4.0,37.0,41.0,23.0,5.0,2.0,16.0,17.0,114.0,12,1,1610612764,WAS,Washington Wizards,WAS @ MIL,L,43.0,92.0,0.467,11.0,38.0,0.289,5.0,9.0,0.556,12.0,29.0,41.0,25.0,9.0,1.0,11.0,17.0,102.0,-12,1,Regular Season,00,Milwaukee,38,9,8,28,0,0,1,16,8,23,Washington,44,13,11,0,0,11,4,15,18018.0,2:06,1
870,22021,1610612740,NOP,New Orleans Pelicans,0022101098,2022-03-24 00:00:00,NOP vs. CHI,W,240,41.0,83.0,0.494,12.0,29.0,0.414,32.0,34.0,0.941,10.0,33.0,43.0,23.0,10.0,2.0,11.0,17.0,126.0,17,1,1610612741,CHI,Chicago Bulls,CHI @ NOP,L,40.0,78.0,0.513,14.0,34.0,0.412,15.0,19.0,0.789,4.0,29.0,33.0,25.0,5.0,4.0,15.0,24.0,109.0,-17,1,Regular Season,00,New Orleans,48,12,16,17,17,12,1,11,4,15,Chicago,42,5,12,9,0,15,6,20,13973.0,2:17,1
871,22021,1610612743,DEN,Denver Nuggets,0022101099,2022-03-24 00:00:00,DEN vs. PHX,L,240,48.0,81.0,0.593,15.0,32.0,0.469,19.0,27.0,0.704,10.0,27.0,37.0,27.0,5.0,2.0,17.0,22.0,130.0,-10,1,1610612756,PHX,Phoenix Suns,PHX @ DEN,W,52.0,86.0,0.605,13.0,27.0,0.481,23.0,29.0,0.793,5.0,24.0,29.0,32.0,7.0,3.0,9.0,23.0,140.0,10,1,Regular Season,00,Phoenix,58,8,6,10,15,13,1,9,9,9,Denver,58,21,17,9,1,17,6,30,19520.0,2:18,0
872,22021,1610612763,MEM,Memphis Grizzlies,0022101096,2022-03-24 00:00:00,MEM vs. IND,W,240,50.0,93.0,0.538,21.0,42.0,0.5,12.0,17.0,0.706,16.0,39.0,55.0,34.0,8.0,9.0,17.0,22.0,133.0,30,1,1610612754,IND,Indiana Pacers,IND @ MEM,L,39.0,92.0,0.424,9.0,33.0,0.273,16.0,23.0,0.696,9.0,22.0,31.0,20.0,7.0,8.0,11.0,19.0,103.0,-30,1,Regular Season,00,Indiana,54,16,12,0,0,0,0,11,13,15,Memphis,54,22,20,38,3,17,9,15,16205.0,2:02,1
873,22021,1610612761,TOR,Toronto Raptors,0022101095,2022-03-24 00:00:00,TOR vs. CLE,W,240,42.0,89.0,0.472,16.0,37.0,0.432,17.0,19.0,0.895,13.0,27.0,40.0,26.0,9.0,5.0,9.0,22.0,117.0,13,1,1610612739,CLE,Cleveland Cavaliers,CLE @ TOR,L,37.0,79.0,0.468,12.0,30.0,0.4,18.0,22.0,0.818,9.0,27.0,36.0,24.0,4.0,3.0,13.0,14.0,104.0,-13,1,Regular Season,00,Cleveland,46,14,4,5,1,2,0,13,10,19,Toronto,44,21,18,17,1,9,9,10,19800.0,2:07,1
874,22021,1610612757,POR,Portland Trail Blazers,0022101105,2022-03-25 00:00:00,POR vs. HOU,L,240,43.0,85.0,0.506,3.0,20.0,0.15,17.0,23.0,0.739,13.0,25.0,38.0,28.0,6.0,3.0,17.0,21.0,106.0,-19,1,1610612745,HOU,Houston Rockets,HOU @ POR,W,43.0,83.0,0.518,19.0,45.0,0.422,20.0,23.0,0.87,9.0,28.0,37.0,27.0,12.0,3.0,16.0,22.0,125.0,19,1,Regular Season,00,Houston,44,16,20,24,0,0,2,16,7,15,Portland,74,18,22,0,0,17,9,24,16947.0,2:11,0
875,22021,1610612748,MIA,Miami Heat,0022101103,2022-03-25 00:00:00,MIA vs. NYK,L,240,35.0,70.0,0.5,12.0,33.0,0.364,21.0,25.0,0.84,8.0,27.0,35.0,18.0,6.0,3.0,15.0,25.0,103.0,-8,1,1610612752,NYK,New York Knicks,NYK @ MIA,W,36.0,82.0,0.439,17.0,50.0,0.34,22.0,28.0,0.786,17.0,25.0,42.0,23.0,8.0,2.0,11.0,24.0,111.0,8,1,Regular Season,00,Miami,36,14,2,17,7,4,0,15,7,19,New York,34,28,13,8,0,11,7,13,19600.0,2:20,0
876,22021,1610612750,MIN,Minnesota Timberwolves,0022101104,2022-03-25 00:00:00,MIN vs. DAL,W,240,43.0,84.0,0.512,11.0,32.0,0.344,19.0,24.0,0.792,6.0,39.0,45.0,26.0,4.0,2.0,9.0,21.0,116.0,21,1,1610612742,DAL,Dallas Mavericks,DAL @ MIN,L,35.0,90.0,0.389,10.0,43.0,0.233,15.0,19.0,0.789,10.0,35.0,45.0,21.0,4.0,5.0,11.0,19.0,95.0,-21,1,Regular Season,00,Minnesota,48,7,11,25,8,2,0,9,7,9,Dallas,44,8,2,3,1,11,8,8,17136.0,2:12,1
877,22021,1610612766,CHA,Charlotte Hornets,0022101100,2022-03-25 00:00:00,CHA vs. UTA,W,240,41.0,88.0,0.466,13.0,34.0,0.382,12.0,17.0,0.706,16.0,29.0,45.0,26.0,7.0,3.0,10.0,17.0,107.0,6,1,1610612762,UTA,Utah Jazz,UTA @ CHA,L,38.0,84.0,0.452,17.0,47.0,0.362,8.0,11.0,0.727,9.0,29.0,38.0,25.0,7.0,2.0,12.0,16.0,101.0,-6,1,Regular Season,00,Utah,40,7,10,8,17,7,1,12,6,7,Charlotte,52,18,17,9,1,10,12,17,19162.0,2:12,1
878,22021,1610612746,LAC,LA Clippers,0022101106,2022-03-25 00:00:00,LAC vs. PHI,L,240,34.0,85.0,0.4,8.0,25.0,0.32,21.0,25.0,0.84,9.0,30.0,39.0,19.0,7.0,7.0,16.0,18.0,97.0,-25,1,1610612755,PHI,Philadelphia 76ers,PHI @ LAC,W,43.0,92.0,0.467,15.0,35.0,0.429,21.0,24.0,0.875,12.0,40.0,52.0,23.0,12.0,8.0,13.0,18.0,122.0,25,1,Regular Season,00,LA,40,17,17,5,1,1,0,16,8,23,Philadelphia,48,17,13,28,2,13,8,13,19068.0,2:14,0
879,22021,1610612763,MEM,Memphis Grizzlies,0022101112,2022-03-26 00:00:00,MEM vs. MIL,W,240,49.0,102.0,0.48,13.0,37.0,0.351,16.0,23.0,0.696,16.0,38.0,54.0,30.0,10.0,9.0,8.0,19.0,127.0,25,1,1610612749,MIL,Milwaukee Bucks,MIL @ MEM,L,37.0,93.0,0.398,7.0,32.0,0.219,21.0,26.0,0.808,14.0,32.0,46.0,19.0,4.0,7.0,14.0,21.0,102.0,-25,1,Regular Season,00,Milwaukee,50,7,17,5,8,4,1,14,11,17,Memphis,66,22,18,25,0,8,10,13,17794.0,2:19,1
880,22021,1610612748,MIA,Miami Heat,0022101111,2022-03-26 00:00:00,MIA vs. BKN,L,240,33.0,75.0,0.44,10.0,34.0,0.294,19.0,26.0,0.731,6.0,33.0,39.0,20.0,7.0,5.0,24.0,23.0,95.0,-15,1,1610612751,BKN,Brooklyn Nets,BKN @ MIA,W,39.0,83.0,0.47,11.0,33.0,0.333,21.0,26.0,0.808,11.0,29.0,40.0,26.0,15.0,5.0,17.0,22.0,110.0,15,1,Regular Season,00,Miami,34,3,5,8,4,1,3,24,10,40,Brooklyn,46,14,24,37,4,17,9,18,19600.0,2:16,0
881,22021,1610612761,TOR,Toronto Raptors,0022101109,2022-03-26 00:00:00,TOR vs. IND,W,240,51.0,84.0,0.607,15.0,32.0,0.469,14.0,19.0,0.737,9.0,33.0,42.0,34.0,9.0,3.0,6.0,16.0,131.0,40,1,1610612754,IND,Indiana Pacers,IND @ TOR,L,33.0,79.0,0.418,11.0,36.0,0.306,14.0,20.0,0.7,9.0,26.0,35.0,23.0,5.0,3.0,14.0,14.0,91.0,-40,1,Regular Season,00,Toronto,62,14,15,42,2,3,0,6,4,9,Indiana,32,10,15,1,1,14,9,22,19800.0,2:56,1
882,22021,1610612740,NOP,New Orleans Pelicans,0022101107,2022-03-26 00:00:00,NOP vs. SAS,L,240,40.0,90.0,0.444,10.0,32.0,0.313,13.0,19.0,0.684,12.0,30.0,42.0,23.0,4.0,11.0,8.0,19.0,103.0,-4,1,1610612759,SAS,San Antonio Spurs,SAS @ NOP,W,39.0,92.0,0.424,7.0,26.0,0.269,22.0,25.0,0.88,16.0,33.0,49.0,22.0,4.0,6.0,10.0,17.0,107.0,4,1,Regular Season,00,New Orleans,52,27,11,12,24,14,0,8,11,13,San Antonio,54,22,2,10,0,10,10,7,13097.0,2:12,0
883,22021,1610612739,CLE,Cleveland Cavaliers,0022101110,2022-03-26 00:00:00,CLE vs. CHI,L,240,34.0,82.0,0.415,7.0,31.0,0.226,19.0,27.0,0.704,15.0,31.0,46.0,17.0,7.0,3.0,13.0,23.0,94.0,-4,1,1610612741,CHI,Chicago Bulls,CHI @ CLE,W,36.0,75.0,0.48,5.0,21.0,0.238,21.0,25.0,0.84,6.0,31.0,37.0,23.0,6.0,1.0,15.0,21.0,98.0,4,1,Regular Season,00,Cleveland,44,12,5,1,3,1,0,13,8,19,Chicago,48,11,6,19,2,15,8,17,19432.0,2:34,0
884,22021,1610612743,DEN,Denver Nuggets,0022101113,2022-03-26 00:00:00,DEN vs. OKC,W,240,41.0,85.0,0.482,8.0,31.0,0.258,23.0,24.0,0.958,10.0,37.0,47.0,33.0,11.0,5.0,15.0,19.0,113.0,6,1,1610612760,OKC,Oklahoma City Thunder,OKC @ DEN,L,39.0,84.0,0.464,14.0,36.0,0.389,15.0,16.0,0.938,5.0,31.0,36.0,29.0,8.0,5.0,17.0,19.0,107.0,-6,1,Regular Season,00,Oklahoma City,46,8,20,2,4,7,1,17,6,19,Denver,64,11,23,16,0,15,2,22,19520.0,2:08,1
885,22021,1610612757,POR,Portland Trail Blazers,0022101114,2022-03-26 00:00:00,POR vs. HOU,L,240,37.0,93.0,0.398,12.0,40.0,0.3,12.0,17.0,0.706,21.0,30.0,51.0,21.0,14.0,4.0,23.0,19.0,98.0,-17,1,1610612745,HOU,Houston Rockets,HOU @ POR,W,44.0,84.0,0.524,15.0,35.0,0.429,12.0,18.0,0.667,8.0,30.0,38.0,34.0,12.0,8.0,21.0,14.0,115.0,17,1,Regular Season,00,Portland,48,23,18,7,17,7,2,23,9,31,Houston,56,9,10,19,1,21,9,26,17821.0,2:10,0
886,22021,1610612740,NOP,New Orleans Pelicans,0022101119,2022-03-27 00:00:00,NOP vs. LAL,W,240,44.0,91.0,0.484,9.0,27.0,0.333,19.0,24.0,0.792,12.0,29.0,41.0,25.0,10.0,1.0,7.0,13.0,116.0,8,1,1610612747,LAL,Los Angeles Lakers,LAL @ NOP,L,42.0,80.0,0.525,14.0,35.0,0.4,10.0,16.0,0.625,7.0,32.0,39.0,26.0,5.0,2.0,15.0,20.0,108.0,-8,1,Regular Season,00,Los Angeles,52,12,13,23,3,3,0,15,6,21,New Orleans,52,14,13,8,0,7,10,11,18516.0,2:11,1
887,22021,1610612765,DET,Detroit Pistons,0022101115,2022-03-27 00:00:00,DET vs. NYK,L,240,39.0,85.0,0.459,8.0,29.0,0.276,16.0,18.0,0.889,9.0,28.0,37.0,23.0,8.0,5.0,10.0,21.0,102.0,-2,1,1610612752,NYK,New York Knicks,NYK @ DET,W,34.0,85.0,0.4,13.0,41.0,0.317,23.0,29.0,0.793,13.0,38.0,51.0,19.0,8.0,8.0,14.0,16.0,104.0,2,1,Regular Season,00,Detroit,54,12,8,1,2,7,0,10,5,15,New York,40,14,6,21,2,14,12,12,19304.0,2:12,0
888,22021,1610612751,BKN,Brooklyn Nets,0022101120,2022-03-27 00:00:00,BKN vs. CHA,L,240,43.0,97.0,0.443,7.0,34.0,0.206,17.0,26.0,0.654,14.0,36.0,50.0,30.0,9.0,11.0,11.0,20.0,110.0,-9,1,1610612766,CHA,Charlotte Hornets,CHA @ BKN,W,42.0,98.0,0.429,17.0,32.0,0.531,18.0,23.0,0.783,17.0,36.0,53.0,26.0,6.0,2.0,12.0,22.0,119.0,9,1,Regular Season,00,Brooklyn,60,13,37,14,8,6,2,11,11,18,Charlotte,44,16,15,11,1,12,10,24,18166.0,2:15,0
889,22021,1610612756,PHX,Phoenix Suns,0022101118,2022-03-27 00:00:00,PHX vs. PHI,W,240,45.0,87.0,0.517,13.0,27.0,0.481,11.0,17.0,0.647,5.0,35.0,40.0,24.0,5.0,5.0,13.0,21.0,114.0,10,1,1610612755,PHI,Philadelphia 76ers,PHI @ PHX,L,37.0,89.0,0.416,10.0,36.0,0.278,20.0,26.0,0.769,12.0,33.0,45.0,22.0,6.0,4.0,12.0,19.0,104.0,-10,1,Regular Season,00,Philadelphia,46,14,10,15,23,6,2,12,11,24,Phoenix,50,15,17,12,1,13,10,19,17071.0,2:15,1
890,22021,1610612742,DAL,Dallas Mavericks,0022101121,2022-03-27 00:00:00,DAL vs. UTA,W,240,40.0,77.0,0.519,17.0,34.0,0.5,17.0,24.0,0.708,10.0,35.0,45.0,21.0,3.0,2.0,10.0,13.0,114.0,14,1,1610612762,UTA,Utah Jazz,UTA @ DAL,L,41.0,89.0,0.461,12.0,34.0,0.353,6.0,10.0,0.6,7.0,29.0,36.0,23.0,5.0,1.0,6.0,20.0,100.0,-14,1,Regular Season,00,Dallas,38,17,13,19,6,1,2,10,7,19,Utah,56,13,11,11,0,6,8,8,20177.0,2:05,1
891,22021,1610612745,HOU,Houston Rockets,0022101128,2022-03-28 00:00:00,HOU vs. SAS,L,240,38.0,92.0,0.413,20.0,49.0,0.408,24.0,28.0,0.857,10.0,34.0,44.0,26.0,5.0,9.0,12.0,24.0,120.0,-3,1,1610612759,SAS,San Antonio Spurs,SAS @ HOU,W,47.0,100.0,0.47,7.0,29.0,0.241,22.0,28.0,0.786,17.0,39.0,56.0,28.0,11.0,5.0,13.0,20.0,123.0,3,1,Regular Season,00,Houston,30,13,14,3,1,1,0,12,9,21,San Antonio,72,28,20,16,1,13,8,12,18055.0,2:14,0
892,22021,1610612761,TOR,Toronto Raptors,0022101127,2022-03-28 00:00:00,TOR vs. BOS,W,265,46.0,106.0,0.434,10.0,39.0,0.256,13.0,18.0,0.722,16.0,36.0,52.0,16.0,10.0,11.0,10.0,28.0,115.0,3,1,1610612738,BOS,Boston Celtics,BOS @ TOR,L,39.0,95.0,0.411,12.0,40.0,0.3,22.0,28.0,0.786,16.0,41.0,57.0,23.0,5.0,7.0,17.0,15.0,112.0,-3,1,Regular Season,00,Toronto,66,13,24,3,15,9,0,10,9,10,Boston,52,24,11,11,1,17,9,26,19800.0,2:27,1
893,22021,1610612766,CHA,Charlotte Hornets,0022101122,2022-03-28 00:00:00,CHA vs. DEN,L,240,44.0,93.0,0.473,13.0,42.0,0.31,8.0,12.0,0.667,8.0,32.0,40.0,33.0,11.0,3.0,15.0,21.0,109.0,-4,1,1610612743,DEN,Denver Nuggets,DEN @ CHA,W,40.0,86.0,0.465,12.0,33.0,0.364,21.0,28.0,0.75,17.0,34.0,51.0,29.0,7.0,3.0,16.0,17.0,113.0,4,1,Regular Season,00,Denver,54,32,16,13,10,6,0,16,6,17,Charlotte,58,13,17,6,1,15,9,19,17614.0,2:23,0
894,22021,1610612748,MIA,Miami Heat,0022101125,2022-03-28 00:00:00,MIA vs. SAC,W,240,49.0,90.0,0.544,19.0,40.0,0.475,6.0,6.0,1.0,10.0,38.0,48.0,30.0,7.0,1.0,16.0,20.0,123.0,23,1,1610612758,SAC,Sacramento Kings,SAC @ MIA,L,37.0,81.0,0.457,12.0,35.0,0.343,14.0,18.0,0.778,5.0,27.0,32.0,21.0,6.0,2.0,14.0,12.0,100.0,-23,1,Regular Season,00,Sacramento,44,11,11,6,1,2,0,14,4,19,Miami,54,16,6,26,1,16,5,24,19600.0,1:56,1
895,22021,1610612752,NYK,New York Knicks,0022101126,2022-03-28 00:00:00,NYK vs. CHI,W,240,38.0,89.0,0.427,12.0,35.0,0.343,21.0,35.0,0.6,13.0,33.0,46.0,19.0,4.0,4.0,6.0,22.0,109.0,5,1,1610612741,CHI,Chicago Bulls,CHI @ NYK,L,34.0,79.0,0.43,6.0,23.0,0.261,30.0,33.0,0.909,6.0,41.0,47.0,16.0,6.0,3.0,14.0,24.0,104.0,-5,1,Regular Season,00,New York,44,20,7,13,3,1,0,6,12,7,Chicago,44,17,4,12,2,14,8,16,19812.0,2:22,1
896,22021,1610612754,IND,Indiana Pacers,0022101124,2022-03-28 00:00:00,IND vs. ATL,L,240,45.0,87.0,0.517,17.0,36.0,0.472,16.0,18.0,0.889,8.0,20.0,28.0,32.0,7.0,6.0,14.0,22.0,123.0,-9,1,1610612737,ATL,Atlanta Hawks,ATL @ IND,W,47.0,86.0,0.547,17.0,35.0,0.486,21.0,26.0,0.808,13.0,27.0,40.0,32.0,11.0,4.0,15.0,19.0,132.0,9,1,Regular Season,00,Atlanta,50,16,15,18,3,2,2,15,11,18,Indiana,36,14,15,2,0,14,9,18,14212.0,2:17,0
897,22021,1610612757,POR,Portland Trail Blazers,0022101130,2022-03-28 00:00:00,POR vs. OKC,L,265,51.0,112.0,0.455,20.0,50.0,0.4,9.0,13.0,0.692,19.0,28.0,47.0,28.0,17.0,5.0,11.0,23.0,131.0,-3,1,1610612760,OKC,Oklahoma City Thunder,OKC @ POR,W,48.0,90.0,0.533,20.0,45.0,0.444,18.0,25.0,0.72,11.0,38.0,49.0,32.0,7.0,3.0,21.0,15.0,134.0,3,1,Regular Season,00,Oklahoma City,52,23,10,7,17,6,1,21,8,16,Portland,56,28,10,10,0,11,10,13,18188.0,2:28,0
898,22021,1610612751,BKN,Brooklyn Nets,0022101133,2022-03-29 00:00:00,BKN vs. DET,W,240,42.0,76.0,0.553,15.0,28.0,0.536,31.0,34.0,0.912,8.0,33.0,41.0,24.0,9.0,6.0,19.0,19.0,130.0,7,1,1610612765,DET,Detroit Pistons,DET @ BKN,L,48.0,99.0,0.485,16.0,38.0,0.421,11.0,13.0,0.846,16.0,23.0,39.0,28.0,11.0,4.0,14.0,25.0,123.0,-7,1,Regular Season,00,Detroit,56,7,17,12,11,5,2,14,3,11,Brooklyn,36,10,10,10,0,19,7,22,17559.0,2:13,1
899,22021,1610612755,PHI,Philadelphia 76ers,0022101131,2022-03-29 00:00:00,PHI vs. MIL,L,240,43.0,89.0,0.483,16.0,41.0,0.39,14.0,18.0,0.778,5.0,35.0,40.0,28.0,7.0,3.0,9.0,19.0,116.0,-2,1,1610612749,MIL,Milwaukee Bucks,MIL @ PHI,W,44.0,88.0,0.5,14.0,38.0,0.368,16.0,23.0,0.696,9.0,39.0,48.0,26.0,5.0,4.0,11.0,17.0,118.0,2,1,Regular Season,00,Milwaukee,48,12,20,11,13,2,1,11,5,11,Philadelphia,46,9,11,14,1,9,8,5,21467.0,2:16,0
900,22021,1610612764,WAS,Washington Wizards,0022101132,2022-03-29 00:00:00,WAS vs. CHI,L,240,38.0,79.0,0.481,6.0,26.0,0.231,12.0,17.0,0.706,7.0,30.0,37.0,25.0,6.0,7.0,14.0,17.0,94.0,-13,1,1610612741,CHI,Chicago Bulls,CHI @ WAS,W,43.0,85.0,0.506,6.0,18.0,0.333,15.0,18.0,0.833,6.0,30.0,36.0,26.0,9.0,1.0,9.0,14.0,107.0,13,1,Regular Season,00,Chicago,60,8,8,15,10,7,1,9,9,17,Washington,50,10,10,3,0,14,9,21,15922.0,2:06,0
901,22021,1610612742,DAL,Dallas Mavericks,0022101134,2022-03-29 00:00:00,DAL vs. LAL,W,240,45.0,87.0,0.517,20.0,46.0,0.435,18.0,23.0,0.783,11.0,35.0,46.0,27.0,5.0,1.0,8.0,14.0,128.0,18,1,1610612747,LAL,Los Angeles Lakers,LAL @ DAL,L,40.0,89.0,0.449,12.0,44.0,0.273,18.0,22.0,0.818,14.0,34.0,48.0,20.0,7.0,2.0,9.0,22.0,110.0,-18,1,Regular Season,00,Los Angeles,46,20,2,0,0,0,0,9,2,11,Dallas,46,14,12,37,1,8,4,9,20382.0,2:06,1
902,22021,1610612739,CLE,Cleveland Cavaliers,0022101136,2022-03-30 00:00:00,CLE vs. DAL,L,240,42.0,83.0,0.506,11.0,25.0,0.44,17.0,22.0,0.773,9.0,30.0,39.0,24.0,7.0,3.0,15.0,15.0,112.0,-8,1,1610612742,DAL,Dallas Mavericks,DAL @ CLE,W,46.0,88.0,0.523,16.0,42.0,0.381,12.0,15.0,0.8,9.0,29.0,38.0,28.0,6.0,6.0,12.0,17.0,120.0,8,1,Regular Season,00,Cleveland,50,14,12,8,10,7,2,15,9,13,Dallas,52,13,4,15,1,12,5,9,19432.0,2:07,0
903,22021,1610612745,HOU,Houston Rockets,0022101142,2022-03-30 00:00:00,HOU vs. SAC,L,240,43.0,94.0,0.457,13.0,42.0,0.31,19.0,25.0,0.76,12.0,39.0,51.0,23.0,7.0,4.0,18.0,34.0,118.0,-3,1,1610612758,SAC,Sacramento Kings,SAC @ HOU,W,44.0,95.0,0.463,7.0,26.0,0.269,26.0,36.0,0.722,13.0,31.0,44.0,21.0,7.0,10.0,9.0,21.0,121.0,3,1,Regular Season,00,Houston,56,20,20,14,9,5,1,18,10,16,Sacramento,62,17,12,14,0,9,13,12,13365.0,2:28,0
904,22021,1610612759,SAS,San Antonio Spurs,0022101144,2022-03-30 00:00:00,SAS vs. MEM,L,240,42.0,83.0,0.506,14.0,35.0,0.4,13.0,16.0,0.813,7.0,30.0,37.0,26.0,8.0,1.0,15.0,13.0,111.0,-1,1,1610612763,MEM,Memphis Grizzlies,MEM @ SAS,W,44.0,91.0,0.484,16.0,39.0,0.41,8.0,11.0,0.727,12.0,28.0,40.0,26.0,8.0,5.0,14.0,15.0,112.0,1,1,Regular Season,00,Memphis,44,15,11,18,0,1,2,14,9,19,San Antonio,48,14,13,0,1,15,8,18,15821.0,2:05,0
905,22021,1610612757,POR,Portland Trail Blazers,0022101146,2022-03-30 00:00:00,POR vs. NOP,L,240,39.0,85.0,0.459,14.0,42.0,0.333,15.0,18.0,0.833,13.0,28.0,41.0,30.0,7.0,4.0,22.0,27.0,107.0,-10,1,1610612740,NOP,New Orleans Pelicans,NOP @ POR,W,40.0,78.0,0.513,6.0,24.0,0.25,31.0,39.0,0.795,12.0,28.0,40.0,26.0,16.0,6.0,14.0,16.0,117.0,10,1,Regular Season,00,Portland,44,15,10,8,12,12,2,22,8,26,New Orleans,54,13,31,13,0,14,6,21,18551.0,2:13,0
906,22021,1610612760,OKC,Oklahoma City Thunder,0022101143,2022-03-30 00:00:00,OKC vs. ATL,L,240,41.0,87.0,0.471,17.0,41.0,0.415,19.0,27.0,0.704,10.0,32.0,42.0,31.0,5.0,2.0,18.0,17.0,118.0,-18,1,1610612737,ATL,Atlanta Hawks,ATL @ OKC,W,49.0,91.0,0.538,18.0,39.0,0.462,20.0,22.0,0.909,6.0,37.0,43.0,28.0,10.0,4.0,13.0,19.0,136.0,18,1,Regular Season,00,Oklahoma City,44,9,7,0,0,0,0,18,8,16,Atlanta,50,5,18,34,1,13,5,22,15595.0,2:03,0
907,22021,1610612752,NYK,New York Knicks,0022101140,2022-03-30 00:00:00,NYK vs. CHA,L,240,40.0,85.0,0.471,16.0,44.0,0.364,18.0,26.0,0.692,11.0,32.0,43.0,23.0,5.0,5.0,14.0,19.0,114.0,-11,1,1610612766,CHA,Charlotte Hornets,CHA @ NYK,W,49.0,90.0,0.544,12.0,35.0,0.343,15.0,17.0,0.882,8.0,32.0,40.0,39.0,7.0,3.0,12.0,21.0,125.0,11,1,Regular Season,00,Charlotte,68,11,14,12,4,9,1,12,5,10,New York,40,16,12,6,2,14,8,19,19812.0,2:16,0
908,22021,1610612738,BOS,Boston Celtics,0022101139,2022-03-30 00:00:00,BOS vs. MIA,L,240,35.0,85.0,0.412,11.0,37.0,0.297,17.0,23.0,0.739,8.0,36.0,44.0,27.0,9.0,1.0,18.0,22.0,98.0,-8,1,1610612748,MIA,Miami Heat,MIA @ BOS,W,38.0,79.0,0.481,13.0,34.0,0.382,17.0,25.0,0.68,4.0,38.0,42.0,27.0,9.0,6.0,18.0,23.0,106.0,8,1,Regular Season,00,Miami,34,3,9,11,16,9,3,18,10,24,Boston,48,8,16,7,1,18,9,18,19156.0,2:23,0
909,22021,1610612764,WAS,Washington Wizards,0022101138,2022-03-30 00:00:00,WAS vs. ORL,W,240,47.0,92.0,0.511,13.0,36.0,0.361,20.0,26.0,0.769,12.0,39.0,51.0,35.0,5.0,8.0,12.0,15.0,127.0,17,1,1610612753,ORL,Orlando Magic,ORL @ WAS,L,40.0,96.0,0.417,11.0,34.0,0.324,19.0,22.0,0.864,11.0,31.0,42.0,21.0,8.0,5.0,12.0,23.0,110.0,-17,1,Regular Season,00,Washington,48,21,15,19,10,7,1,12,10,14,Orlando,52,13,10,12,1,12,7,18,16455.0,2:07,1
910,22021,1610612765,DET,Detroit Pistons,0022101147,2022-03-31 00:00:00,DET vs. PHI,W,240,41.0,82.0,0.5,10.0,35.0,0.286,10.0,15.0,0.667,5.0,33.0,38.0,26.0,11.0,4.0,10.0,21.0,102.0,8,1,1610612755,PHI,Philadelphia 76ers,PHI @ DET,L,31.0,69.0,0.449,7.0,26.0,0.269,25.0,28.0,0.893,4.0,35.0,39.0,22.0,8.0,9.0,15.0,17.0,94.0,-8,1,Regular Season,00,Philadelphia,44,5,4,8,3,5,0,15,3,16,Detroit,54,2,17,13,1,10,7,14,20023.0,2:15,1
911,22021,1610612762,UTA,Utah Jazz,0022101150,2022-03-31 00:00:00,UTA vs. LAL,W,240,46.0,90.0,0.511,15.0,44.0,0.341,15.0,24.0,0.625,9.0,32.0,41.0,25.0,7.0,2.0,8.0,20.0,122.0,13,1,1610612747,LAL,Los Angeles Lakers,LAL @ UTA,L,41.0,83.0,0.494,7.0,25.0,0.28,20.0,28.0,0.714,9.0,31.0,40.0,18.0,5.0,3.0,11.0,21.0,109.0,-13,1,Regular Season,00,Utah,56,20,14,18,0,1,0,8,12,16,Los Angeles,54,19,2,0,0,11,10,14,18306.0,2:17,1
912,22021,1610612737,ATL,Atlanta Hawks,0022100452,2022-03-31 00:00:00,ATL vs. CLE,W,240,45.0,91.0,0.495,17.0,39.0,0.436,24.0,28.0,0.857,12.0,36.0,48.0,27.0,7.0,4.0,9.0,22.0,131.0,24,1,1610612739,CLE,Cleveland Cavaliers,CLE @ ATL,L,39.0,90.0,0.433,7.0,30.0,0.233,22.0,28.0,0.786,15.0,32.0,47.0,19.0,6.0,5.0,14.0,20.0,107.0,-24,1,Regular Season,00,Atlanta,44,15,17,33,0,0,1,9,6,10,Cleveland,56,18,6,0,0,14,6,24,17491.0,2:09,1
913,22021,1610612747,LAL,Los Angeles Lakers,0022101160,2022-04-01 00:00:00,LAL vs. NOP,L,240,39.0,82.0,0.476,11.0,27.0,0.407,22.0,31.0,0.71,7.0,33.0,40.0,24.0,10.0,1.0,17.0,24.0,111.0,-3,1,1610612740,NOP,New Orleans Pelicans,NOP @ LAL,W,41.0,79.0,0.519,7.0,26.0,0.269,25.0,29.0,0.862,4.0,33.0,37.0,23.0,8.0,4.0,15.0,21.0,114.0,3,1,Regular Season,00,New Orleans,44,6,16,5,13,15,2,15,6,17,Los Angeles,46,6,17,6,2,17,11,18,18997.0,2:25,0
914,22021,1610612753,ORL,Orlando Magic,0022101151,2022-04-01 00:00:00,ORL vs. TOR,L,240,34.0,79.0,0.43,11.0,35.0,0.314,10.0,11.0,0.909,9.0,36.0,45.0,24.0,6.0,4.0,22.0,14.0,89.0,-13,1,1610612761,TOR,Toronto Raptors,TOR @ ORL,W,36.0,86.0,0.419,13.0,42.0,0.31,17.0,20.0,0.85,10.0,31.0,41.0,21.0,13.0,3.0,10.0,14.0,102.0,13,1,Regular Season,00,Toronto,36,10,15,22,2,4,0,10,6,12,Orlando,42,8,11,3,2,22,7,32,17566.0,2:05,0
915,22021,1610612759,SAS,San Antonio Spurs,0022101158,2022-04-01 00:00:00,SAS vs. POR,W,240,46.0,81.0,0.568,16.0,37.0,0.432,22.0,28.0,0.786,8.0,36.0,44.0,34.0,9.0,6.0,15.0,16.0,130.0,19,1,1610612757,POR,Portland Trail Blazers,POR @ SAS,L,41.0,92.0,0.446,15.0,35.0,0.429,14.0,20.0,0.7,12.0,30.0,42.0,27.0,12.0,2.0,12.0,20.0,111.0,-19,1,Regular Season,00,San Antonio,52,9,15,31,3,0,1,15,2,24,Portland,44,21,17,8,2,12,10,15,17512.0,2:02,1
916,22021,1610612763,MEM,Memphis Grizzlies,0022101155,2022-04-01 00:00:00,MEM vs. PHX,W,240,46.0,102.0,0.451,7.0,24.0,0.292,23.0,28.0,0.821,16.0,32.0,48.0,30.0,7.0,2.0,11.0,18.0,122.0,8,1,1610612756,PHX,Phoenix Suns,PHX @ MEM,L,47.0,86.0,0.547,10.0,27.0,0.37,10.0,17.0,0.588,2.0,37.0,39.0,27.0,8.0,4.0,20.0,25.0,114.0,-8,1,Regular Season,00,Phoenix,56,2,15,3,6,7,3,20,13,24,Memphis,68,30,9,16,0,11,7,7,17794.0,2:16,1
917,22021,1610612749,MIL,Milwaukee Bucks,0022101156,2022-04-01 00:00:00,MIL vs. LAC,L,240,50.0,94.0,0.532,8.0,25.0,0.32,11.0,18.0,0.611,13.0,25.0,38.0,30.0,6.0,5.0,15.0,19.0,119.0,-34,1,1610612746,LAC,LA Clippers,LAC @ MIL,W,56.0,92.0,0.609,23.0,43.0,0.535,18.0,24.0,0.75,8.0,28.0,36.0,34.0,9.0,7.0,10.0,17.0,153.0,34,1,Regular Season,00,LA,58,13,23,43,7,2,1,10,11,12,Milwaukee,68,19,12,5,0,15,8,23,18023.0,2:07,0
918,22021,1610612738,BOS,Boston Celtics,0022101153,2022-04-01 00:00:00,BOS vs. IND,W,240,45.0,83.0,0.542,12.0,33.0,0.364,26.0,28.0,0.929,11.0,29.0,40.0,29.0,7.0,4.0,16.0,19.0,128.0,5,1,1610612754,IND,Indiana Pacers,IND @ BOS,L,42.0,81.0,0.519,17.0,36.0,0.472,22.0,23.0,0.957,8.0,22.0,30.0,25.0,9.0,3.0,16.0,30.0,123.0,-5,1,Regular Season,00,Indiana,46,14,9,0,0,2,0,16,5,21,Boston,62,16,11,10,1,16,5,24,19156.0,2:21,1
919,22021,1610612764,WAS,Washington Wizards,0022101152,2022-04-01 00:00:00,WAS vs. DAL,W,240,49.0,90.0,0.544,17.0,33.0,0.515,20.0,22.0,0.909,8.0,37.0,45.0,33.0,7.0,4.0,9.0,19.0,135.0,32,1,1610612742,DAL,Dallas Mavericks,DAL @ WAS,L,34.0,78.0,0.436,11.0,38.0,0.289,24.0,26.0,0.923,5.0,31.0,36.0,14.0,3.0,3.0,13.0,16.0,103.0,-32,1,Regular Season,00,Washington,30,14,20,34,0,0,0,9,4,5,Dallas,30,4,8,0,0,13,4,22,17745.0,2:10,1
920,22021,1610612737,ATL,Atlanta Hawks,0022101163,2022-04-02 00:00:00,ATL vs. BKN,W,240,36.0,86.0,0.419,13.0,41.0,0.317,37.0,49.0,0.755,10.0,44.0,54.0,18.0,10.0,4.0,7.0,18.0,122.0,7,1,1610612751,BKN,Brooklyn Nets,BKN @ ATL,L,42.0,99.0,0.424,17.0,37.0,0.459,14.0,19.0,0.737,10.0,42.0,52.0,17.0,5.0,3.0,13.0,29.0,115.0,-7,1,Regular Season,00,Brooklyn,36,8,15,10,1,0,0,13,10,15,Atlanta,36,14,12,15,1,7,8,12,18126.0,2:27,1
921,22021,1610612752,NYK,New York Knicks,0022101162,2022-04-02 00:00:00,NYK vs. CLE,L,240,31.0,77.0,0.403,13.0,30.0,0.433,26.0,34.0,0.765,6.0,29.0,35.0,19.0,6.0,4.0,11.0,19.0,101.0,-18,1,1610612739,CLE,Cleveland Cavaliers,CLE @ NYK,W,44.0,81.0,0.543,15.0,34.0,0.441,16.0,21.0,0.762,7.0,36.0,43.0,26.0,6.0,3.0,12.0,24.0,119.0,18,1,Regular Season,00,Cleveland,44,10,9,23,0,7,3,12,7,12,New York,36,4,5,0,1,11,11,13,19812.0,2:12,0
922,22021,1610612741,CHI,Chicago Bulls,0022101164,2022-04-02 00:00:00,CHI vs. MIA,L,240,37.0,86.0,0.43,9.0,34.0,0.265,26.0,29.0,0.897,11.0,28.0,39.0,21.0,5.0,4.0,6.0,19.0,109.0,-18,1,1610612748,MIA,Miami Heat,MIA @ CHI,W,44.0,82.0,0.537,17.0,34.0,0.5,22.0,27.0,0.815,5.0,36.0,41.0,28.0,4.0,1.0,9.0,21.0,127.0,18,1,Regular Season,00,Chicago,38,17,10,6,4,1,1,6,6,10,Miami,36,15,10,21,0,9,9,13,21697.0,2:11,0
923,22021,1610612755,PHI,Philadelphia 76ers,0022101161,2022-04-02 00:00:00,PHI vs. CHA,W,240,53.0,87.0,0.609,21.0,43.0,0.488,17.0,21.0,0.81,10.0,37.0,47.0,38.0,10.0,5.0,19.0,18.0,144.0,30,1,1610612766,CHA,Charlotte Hornets,CHA @ PHI,L,42.0,87.0,0.483,11.0,30.0,0.367,19.0,24.0,0.792,7.0,25.0,32.0,34.0,14.0,1.0,17.0,18.0,114.0,-30,1,Regular Season,00,Charlotte,62,17,25,6,7,4,0,17,6,26,Philadelphia,64,16,11,35,0,19,3,22,21509.0,2:06,1
924,22021,1610612739,CLE,Cleveland Cavaliers,0022101170,2022-04-03 00:00:00,CLE vs. PHI,L,240,35.0,78.0,0.449,15.0,33.0,0.455,23.0,31.0,0.742,7.0,34.0,41.0,24.0,10.0,3.0,12.0,28.0,108.0,-4,1,1610612755,PHI,Philadelphia 76ers,PHI @ CLE,W,33.0,80.0,0.413,11.0,31.0,0.355,35.0,42.0,0.833,12.0,38.0,50.0,23.0,7.0,8.0,14.0,19.0,112.0,4,1,Regular Season,00,Philadelphia,40,16,8,6,14,11,0,14,7,14,Cleveland,34,4,18,12,3,12,7,15,19432.0,2:22,0
925,22021,1610612738,BOS,Boston Celtics,0022101166,2022-04-03 00:00:00,BOS vs. WAS,W,240,56.0,91.0,0.615,23.0,44.0,0.523,9.0,13.0,0.692,7.0,32.0,39.0,39.0,6.0,5.0,8.0,20.0,144.0,42,1,1610612764,WAS,Washington Wizards,WAS @ BOS,L,38.0,82.0,0.463,8.0,21.0,0.381,18.0,20.0,0.9,7.0,25.0,32.0,21.0,4.0,2.0,12.0,14.0,102.0,-42,1,Regular Season,00,Boston,60,10,32,43,1,1,1,8,8,9,Washington,42,7,4,4,0,12,6,23,19156.0,2:01,1
926,22021,1610612749,MIL,Milwaukee Bucks,0022101167,2022-04-03 00:00:00,MIL vs. DAL,L,240,42.0,95.0,0.442,15.0,40.0,0.375,13.0,18.0,0.722,10.0,26.0,36.0,25.0,9.0,1.0,9.0,22.0,112.0,-6,1,1610612742,DAL,Dallas Mavericks,DAL @ MIL,W,39.0,76.0,0.513,16.0,38.0,0.421,24.0,27.0,0.889,2.0,36.0,38.0,28.0,7.0,3.0,14.0,20.0,118.0,6,1,Regular Season,00,Milwaukee,44,12,0,10,7,3,0,9,15,9,Dallas,40,6,10,10,2,14,9,16,17902.0,2:27,0
927,22021,1610612760,OKC,Oklahoma City Thunder,0022101174,2022-04-03 00:00:00,OKC vs. PHX,W,240,43.0,87.0,0.494,17.0,41.0,0.415,14.0,18.0,0.778,12.0,42.0,54.0,33.0,7.0,4.0,18.0,18.0,117.0,21,1,1610612756,PHX,Phoenix Suns,PHX @ OKC,L,37.0,89.0,0.416,7.0,38.0,0.184,15.0,17.0,0.882,6.0,27.0,33.0,22.0,14.0,4.0,11.0,17.0,96.0,-21,1,Regular Season,00,Oklahoma City,50,11,9,22,3,2,2,18,7,26,Phoenix,52,10,5,12,0,11,8,12,17078.0,2:02,1
928,22021,1610612745,HOU,Houston Rockets,0022101173,2022-04-03 00:00:00,HOU vs. MIN,L,240,48.0,85.0,0.565,16.0,40.0,0.4,20.0,29.0,0.69,11.0,25.0,36.0,28.0,8.0,4.0,24.0,24.0,132.0,-7,1,1610612750,MIN,Minnesota Timberwolves,MIN @ HOU,W,51.0,86.0,0.593,17.0,41.0,0.415,20.0,25.0,0.8,7.0,25.0,32.0,32.0,13.0,6.0,19.0,27.0,139.0,7,1,Regular Season,00,Houston,56,19,9,3,3,7,1,24,11,39,Minnesota,66,7,17,27,0,19,7,24,16539.0,2:20,0
929,22021,1610612747,LAL,Los Angeles Lakers,0022101168,2022-04-03 00:00:00,LAL vs. DEN,L,240,49.0,92.0,0.533,6.0,20.0,0.3,14.0,21.0,0.667,6.0,34.0,40.0,31.0,4.0,5.0,13.0,25.0,118.0,-11,1,1610612743,DEN,Denver Nuggets,DEN @ LAL,W,47.0,82.0,0.573,12.0,31.0,0.387,23.0,29.0,0.793,6.0,32.0,38.0,33.0,10.0,5.0,12.0,18.0,129.0,11,1,Regular Season,00,Denver,60,8,13,11,19,6,0,12,2,15,Los Angeles,68,8,18,9,1,13,11,18,18997.0,2:23,0
930,22021,1610612759,SAS,San Antonio Spurs,0022101175,2022-04-03 00:00:00,SAS vs. POR,W,240,38.0,84.0,0.452,14.0,42.0,0.333,23.0,30.0,0.767,10.0,41.0,51.0,25.0,9.0,1.0,13.0,18.0,113.0,21,1,1610612757,POR,Portland Trail Blazers,POR @ SAS,L,33.0,84.0,0.393,16.0,45.0,0.356,10.0,15.0,0.667,7.0,32.0,39.0,22.0,7.0,4.0,14.0,22.0,92.0,-21,1,Regular Season,00,Portland,30,8,5,13,4,4,0,14,8,15,San Antonio,42,25,13,21,1,13,11,16,15816.0,2:13,1
931,22021,1610612754,IND,Indiana Pacers,0022101169,2022-04-03 00:00:00,IND vs. DET,L,240,45.0,94.0,0.479,12.0,38.0,0.316,15.0,19.0,0.789,17.0,41.0,58.0,33.0,6.0,11.0,19.0,21.0,117.0,-4,1,1610612765,DET,Detroit Pistons,DET @ IND,W,43.0,99.0,0.434,21.0,41.0,0.512,14.0,18.0,0.778,10.0,28.0,38.0,31.0,11.0,4.0,12.0,19.0,121.0,4,1,Regular Season,00,Detroit,38,17,17,12,6,7,1,12,12,10,Indiana,62,13,25,6,0,19,5,23,17407.0,2:09,0
932,22021,1610612761,TOR,Toronto Raptors,0022101172,2022-04-03 00:00:00,TOR vs. MIA,L,240,35.0,83.0,0.422,12.0,39.0,0.308,27.0,34.0,0.794,10.0,28.0,38.0,19.0,12.0,1.0,17.0,20.0,109.0,-5,1,1610612748,MIA,Miami Heat,MIA @ TOR,W,41.0,79.0,0.519,18.0,38.0,0.474,14.0,22.0,0.636,8.0,30.0,38.0,30.0,9.0,4.0,17.0,21.0,114.0,5,1,Regular Season,00,Toronto,40,11,14,13,7,10,3,17,15,20,Miami,38,15,15,10,0,17,10,23,19800.0,2:18,0
933,22021,1610612746,LAC,LA Clippers,0022101177,2022-04-03 00:00:00,LAC vs. NOP,W,240,45.0,95.0,0.474,21.0,44.0,0.477,8.0,10.0,0.8,12.0,29.0,41.0,33.0,10.0,5.0,10.0,21.0,119.0,19,1,1610612740,NOP,New Orleans Pelicans,NOP @ LAC,L,35.0,87.0,0.402,9.0,24.0,0.375,21.0,27.0,0.778,19.0,35.0,54.0,22.0,4.0,5.0,16.0,13.0,100.0,-19,1,Regular Season,00,LA,40,19,6,26,5,5,0,10,8,11,New Orleans,46,25,8,4,1,16,7,17,16840.0,2:07,1
934,22021,1610612753,ORL,Orlando Magic,0022101171,2022-04-03 00:00:00,ORL vs. NYK,L,240,30.0,85.0,0.353,12.0,44.0,0.273,16.0,27.0,0.593,8.0,32.0,40.0,18.0,5.0,2.0,11.0,12.0,88.0,-30,1,1610612752,NYK,New York Knicks,NYK @ ORL,W,45.0,93.0,0.484,15.0,44.0,0.341,13.0,16.0,0.813,13.0,43.0,56.0,29.0,9.0,7.0,10.0,22.0,118.0,30,1,Regular Season,00,New York,50,20,16,35,4,0,1,10,7,6,Orlando,28,11,6,1,0,11,14,17,15747.0,0:00,0
935,22021,1610612761,TOR,Toronto Raptors,0022101182,2022-04-05 00:00:00,TOR vs. ATL,W,240,44.0,101.0,0.436,9.0,35.0,0.257,21.0,31.0,0.677,20.0,40.0,60.0,20.0,6.0,5.0,8.0,14.0,118.0,10,1,1610612737,ATL,Atlanta Hawks,ATL @ TOR,L,43.0,94.0,0.457,14.0,37.0,0.378,8.0,12.0,0.667,10.0,33.0,43.0,31.0,5.0,4.0,7.0,22.0,108.0,-10,1,Regular Season,00,Toronto,62,24,11,12,8,9,1,8,14,9,Atlanta,42,16,11,6,0,7,5,11,19800.0,2:06,1
936,22021,1610612756,PHX,Phoenix Suns,0022101189,2022-04-05 00:00:00,PHX vs. LAL,W,240,50.0,102.0,0.49,14.0,39.0,0.359,7.0,9.0,0.778,11.0,42.0,53.0,38.0,10.0,4.0,14.0,22.0,121.0,11,1,1610612747,LAL,Los Angeles Lakers,LAL @ PHX,L,39.0,86.0,0.453,9.0,29.0,0.31,23.0,30.0,0.767,7.0,39.0,46.0,22.0,7.0,3.0,16.0,14.0,110.0,-11,1,Regular Season,00,Phoenix,56,14,21,26,6,5,0,14,1,20,Los Angeles,46,9,14,8,0,16,8,24,17071.0,2:08,1
937,22021,1610612753,ORL,Orlando Magic,0022101179,2022-04-05 00:00:00,ORL vs. CLE,W,240,47.0,93.0,0.505,16.0,35.0,0.457,10.0,15.0,0.667,8.0,35.0,43.0,31.0,9.0,8.0,7.0,19.0,120.0,5,1,1610612739,CLE,Cleveland Cavaliers,CLE @ ORL,L,42.0,86.0,0.488,16.0,36.0,0.444,15.0,22.0,0.682,9.0,38.0,47.0,25.0,6.0,4.0,12.0,11.0,115.0,-5,1,Regular Season,00,Cleveland,40,9,12,11,13,6,1,12,5,18,Orlando,48,20,14,10,0,7,7,9,16897.0,2:06,1
938,22021,1610612751,BKN,Brooklyn Nets,0022101180,2022-04-05 00:00:00,BKN vs. HOU,W,240,39.0,86.0,0.453,15.0,37.0,0.405,25.0,27.0,0.926,12.0,40.0,52.0,22.0,6.0,9.0,17.0,23.0,118.0,13,1,1610612745,HOU,Houston Rockets,HOU @ BKN,L,40.0,99.0,0.404,11.0,43.0,0.256,14.0,25.0,0.56,18.0,30.0,48.0,18.0,8.0,6.0,11.0,20.0,105.0,-13,1,Regular Season,00,Brooklyn,40,10,22,21,2,2,1,17,8,25,Houston,52,23,15,1,0,11,11,9,17768.0,2:08,1
939,22021,1610612748,MIA,Miami Heat,0022101181,2022-04-05 00:00:00,MIA vs. CHA,W,240,48.0,84.0,0.571,23.0,42.0,0.548,25.0,29.0,0.862,8.0,33.0,41.0,29.0,10.0,1.0,15.0,19.0,144.0,29,1,1610612766,CHA,Charlotte Hornets,CHA @ MIA,L,45.0,85.0,0.529,12.0,38.0,0.316,13.0,18.0,0.722,7.0,24.0,31.0,34.0,8.0,3.0,15.0,18.0,115.0,-29,1,Regular Season,00,Miami,42,14,3,30,13,7,1,15,7,6,Charlotte,66,9,17,10,2,15,6,22,19600.0,2:09,1
940,22021,1610612760,OKC,Oklahoma City Thunder,0022101185,2022-04-05 00:00:00,OKC vs. POR,W,240,39.0,81.0,0.481,9.0,29.0,0.31,11.0,22.0,0.5,13.0,34.0,47.0,15.0,12.0,12.0,17.0,10.0,98.0,4,1,1610612757,POR,Portland Trail Blazers,POR @ OKC,L,35.0,83.0,0.422,11.0,32.0,0.344,13.0,16.0,0.813,10.0,30.0,40.0,24.0,10.0,6.0,17.0,19.0,94.0,-4,1,Regular Season,00,Oklahoma City,56,14,9,6,5,5,1,17,9,17,Portland,40,11,10,19,0,17,8,24,14674.0,2:01,1
941,22021,1610612750,MIN,Minnesota Timberwolves,0022101184,2022-04-05 00:00:00,MIN vs. WAS,L,240,41.0,91.0,0.451,14.0,41.0,0.341,18.0,25.0,0.72,6.0,32.0,38.0,27.0,6.0,3.0,10.0,16.0,114.0,-18,1,1610612764,WAS,Washington Wizards,WAS @ MIN,W,56.0,101.0,0.554,13.0,30.0,0.433,7.0,14.0,0.5,9.0,43.0,52.0,38.0,4.0,4.0,10.0,25.0,132.0,18,1,Regular Season,00,Minnesota,42,15,13,5,18,10,1,10,10,9,Washington,72,16,18,23,0,10,9,11,17136.0,2:10,0
942,22021,1610612741,CHI,Chicago Bulls,0022101183,2022-04-05 00:00:00,CHI vs. MIL,L,240,42.0,98.0,0.429,9.0,33.0,0.273,13.0,13.0,1.0,13.0,29.0,42.0,22.0,8.0,2.0,15.0,21.0,106.0,-21,1,1610612749,MIL,Milwaukee Bucks,MIL @ CHI,W,46.0,87.0,0.529,12.0,35.0,0.343,23.0,25.0,0.92,8.0,39.0,47.0,32.0,8.0,8.0,14.0,19.0,127.0,21,1,Regular Season,00,Milwaukee,54,12,17,24,2,3,0,14,6,21,Chicago,42,12,15,2,1,15,4,16,20799.0,2:19,0
943,22021,1610612743,DEN,Denver Nuggets,0022101186,2022-04-05 00:00:00,DEN vs. SAS,L,240,41.0,98.0,0.418,7.0,33.0,0.212,8.0,12.0,0.667,10.0,41.0,51.0,22.0,4.0,2.0,11.0,19.0,97.0,-19,1,1610612759,SAS,San Antonio Spurs,SAS @ DEN,W,44.0,89.0,0.494,12.0,26.0,0.462,16.0,24.0,0.667,5.0,43.0,48.0,31.0,6.0,3.0,11.0,14.0,116.0,19,1,Regular Season,00,Denver,56,12,17,3,3,2,0,11,6,17,San Antonio,54,9,13,21,1,11,9,12,17037.0,2:09,0
944,22021,1610612762,UTA,Utah Jazz,0022101187,2022-04-05 00:00:00,UTA vs. MEM,W,265,40.0,96.0,0.417,12.0,38.0,0.316,29.0,43.0,0.674,13.0,48.0,61.0,23.0,8.0,8.0,17.0,21.0,121.0,6,1,1610612763,MEM,Memphis Grizzlies,MEM @ UTA,L,39.0,101.0,0.386,13.0,31.0,0.419,24.0,29.0,0.828,10.0,41.0,51.0,26.0,13.0,7.0,13.0,29.0,115.0,-6,1,Regular Season,00,Memphis,40,12,15,11,7,6,1,13,9,14,Utah,56,16,20,11,1,17,16,14,18306.0,2:35,1
945,22021,1610612758,SAC,Sacramento Kings,0022101188,2022-04-05 00:00:00,SAC vs. NOP,L,240,39.0,76.0,0.513,11.0,30.0,0.367,20.0,22.0,0.909,3.0,31.0,34.0,28.0,4.0,3.0,15.0,20.0,109.0,-14,1,1610612740,NOP,New Orleans Pelicans,NOP @ SAC,W,45.0,88.0,0.511,12.0,25.0,0.48,21.0,26.0,0.808,14.0,30.0,44.0,26.0,13.0,2.0,13.0,20.0,123.0,14,1,Regular Season,00,Sacramento,44,7,8,0,0,3,0,15,2,24,New Orleans,58,20,14,14,0,13,7,12,16047.0,2:10,0
946,22021,1610612754,IND,Indiana Pacers,0022101178,2022-04-05 00:00:00,IND vs. PHI,L,240,45.0,95.0,0.474,12.0,40.0,0.3,20.0,21.0,0.952,16.0,32.0,48.0,29.0,8.0,10.0,16.0,18.0,122.0,-9,1,1610612755,PHI,Philadelphia 76ers,PHI @ IND,W,47.0,87.0,0.54,23.0,40.0,0.575,14.0,18.0,0.778,5.0,31.0,36.0,34.0,8.0,3.0,16.0,14.0,131.0,9,1,Regular Season,00,Philadelphia,40,13,17,27,7,7,2,16,6,27,Indiana,58,29,26,6,1,16,5,27,15583.0,2:12,0
947,22021,1610612746,LAC,LA Clippers,0022101195,2022-04-06 00:00:00,LAC vs. PHX,W,240,33.0,75.0,0.44,12.0,34.0,0.353,35.0,44.0,0.795,9.0,46.0,55.0,20.0,7.0,9.0,17.0,17.0,113.0,4,1,1610612756,PHX,Phoenix Suns,PHX @ LAC,L,42.0,108.0,0.389,17.0,48.0,0.354,8.0,12.0,0.667,18.0,36.0,54.0,29.0,11.0,2.0,12.0,26.0,109.0,-4,1,Regular Season,00,Phoenix,46,28,11,3,4,2,0,12,5,25,LA,40,10,11,39,1,17,7,26,19068.0,2:30,1
948,22021,1610612765,DET,Detroit Pistons,0022101190,2022-04-06 00:00:00,DET vs. DAL,L,240,35.0,82.0,0.427,11.0,30.0,0.367,32.0,35.0,0.914,11.0,31.0,42.0,26.0,7.0,5.0,11.0,21.0,113.0,-18,1,1610612742,DAL,Dallas Mavericks,DAL @ DET,W,45.0,80.0,0.563,15.0,33.0,0.455,26.0,34.0,0.765,8.0,33.0,41.0,28.0,8.0,1.0,10.0,24.0,131.0,18,1,Regular Season,00,Dallas,54,12,12,23,8,8,0,10,7,14,Detroit,46,10,13,2,1,11,3,14,18422.0,2:13,0
949,22021,1610612737,ATL,Atlanta Hawks,0022101192,2022-04-06 00:00:00,ATL vs. WAS,W,240,43.0,92.0,0.467,16.0,39.0,0.41,16.0,19.0,0.842,7.0,32.0,39.0,26.0,11.0,1.0,6.0,13.0,118.0,15,1,1610612764,WAS,Washington Wizards,WAS @ ATL,L,42.0,86.0,0.488,10.0,35.0,0.286,9.0,11.0,0.818,6.0,38.0,44.0,26.0,4.0,4.0,14.0,17.0,103.0,-15,1,Regular Season,00,Atlanta,40,10,11,19,9,7,0,6,7,8,Washington,44,11,13,8,0,14,8,16,17381.0,2:00,1
950,22021,1610612762,UTA,Utah Jazz,0022101194,2022-04-06 00:00:00,UTA vs. OKC,W,240,49.0,84.0,0.583,15.0,36.0,0.417,24.0,32.0,0.75,16.0,39.0,55.0,29.0,7.0,10.0,13.0,13.0,137.0,36,1,1610612760,OKC,Oklahoma City Thunder,OKC @ UTA,L,37.0,90.0,0.411,16.0,37.0,0.432,11.0,17.0,0.647,11.0,21.0,32.0,27.0,9.0,1.0,10.0,22.0,101.0,-36,1,Regular Season,00,Utah,60,28,12,41,6,4,2,13,9,16,Oklahoma City,36,11,5,4,0,10,6,13,18306.0,2:07,1
951,22021,1610612752,NYK,New York Knicks,0022101191,2022-04-06 00:00:00,NYK vs. BKN,L,240,32.0,83.0,0.386,13.0,38.0,0.342,21.0,36.0,0.583,10.0,32.0,42.0,22.0,4.0,7.0,11.0,19.0,98.0,-12,1,1610612751,BKN,Brooklyn Nets,BKN @ NYK,W,41.0,93.0,0.441,14.0,41.0,0.341,14.0,18.0,0.778,13.0,36.0,49.0,28.0,7.0,6.0,14.0,26.0,110.0,12,1,Regular Season,00,New York,36,12,6,21,12,3,0,11,17,12,Brooklyn,32,15,12,12,1,14,14,13,19812.0,2:21,0
952,22021,1610612741,CHI,Chicago Bulls,0022101193,2022-04-06 00:00:00,CHI vs. BOS,L,240,35.0,80.0,0.438,7.0,23.0,0.304,17.0,23.0,0.739,7.0,33.0,40.0,19.0,7.0,4.0,17.0,22.0,94.0,-23,1,1610612738,BOS,Boston Celtics,BOS @ CHI,W,43.0,88.0,0.489,17.0,37.0,0.459,14.0,22.0,0.636,8.0,34.0,42.0,29.0,11.0,6.0,13.0,18.0,117.0,23,1,Regular Season,00,Boston,48,11,16,27,0,0,2,13,14,7,Chicago,40,13,6,0,0,17,8,18,21095.0,2:13,0
953,22021,1610612761,TOR,Toronto Raptors,0022101197,2022-04-07 00:00:00,TOR vs. PHI,W,240,45.0,91.0,0.495,15.0,33.0,0.455,14.0,18.0,0.778,12.0,29.0,41.0,22.0,7.0,4.0,11.0,17.0,119.0,5,1,1610612755,PHI,Philadelphia 76ers,PHI @ TOR,L,37.0,75.0,0.493,19.0,36.0,0.528,21.0,25.0,0.84,6.0,31.0,37.0,26.0,7.0,3.0,17.0,18.0,114.0,-5,1,Regular Season,00,Philadelphia,32,8,3,15,10,8,1,17,6,25,Toronto,46,16,15,10,1,11,8,15,19800.0,2:08,1
954,22021,1610612750,MIN,Minnesota Timberwolves,0022101199,2022-04-07 00:00:00,MIN vs. SAS,W,240,41.0,96.0,0.427,20.0,53.0,0.377,25.0,31.0,0.806,13.0,34.0,47.0,25.0,8.0,2.0,11.0,29.0,127.0,6,1,1610612759,SAS,San Antonio Spurs,SAS @ MIN,L,43.0,89.0,0.483,10.0,28.0,0.357,25.0,34.0,0.735,8.0,37.0,45.0,31.0,5.0,5.0,12.0,22.0,121.0,-6,1,Regular Season,00,San Antonio,58,13,18,5,8,3,0,12,14,18,Minnesota,42,14,14,18,1,11,10,12,17136.0,2:24,1
955,22021,1610612740,NOP,New Orleans Pelicans,0022101200,2022-04-07 00:00:00,NOP vs. POR,W,240,44.0,93.0,0.473,13.0,37.0,0.351,26.0,31.0,0.839,23.0,26.0,49.0,31.0,15.0,1.0,12.0,14.0,127.0,33,1,1610612757,POR,Portland Trail Blazers,POR @ NOP,L,36.0,69.0,0.522,11.0,31.0,0.355,11.0,13.0,0.846,3.0,24.0,27.0,28.0,10.0,4.0,22.0,27.0,94.0,-33,1,Regular Season,00,Portland,46,7,9,5,9,4,0,22,4,36,New Orleans,56,33,25,37,1,12,9,11,12432.0,2:08,1
956,22021,1610612761,TOR,Toronto Raptors,0022101206,2022-04-08 00:00:00,TOR vs. HOU,W,240,44.0,96.0,0.458,7.0,29.0,0.241,22.0,23.0,0.957,13.0,28.0,41.0,20.0,13.0,4.0,10.0,18.0,117.0,2,1,1610612745,HOU,Houston Rockets,HOU @ TOR,L,43.0,81.0,0.531,10.0,29.0,0.345,19.0,24.0,0.792,7.0,34.0,41.0,24.0,6.0,3.0,19.0,19.0,115.0,-2,1,Regular Season,00,Houston,64,8,21,24,2,4,1,19,9,23,Toronto,66,17,22,4,1,10,5,13,19800.0,2:05,1
957,22021,1610612751,BKN,Brooklyn Nets,0022101205,2022-04-08 00:00:00,BKN vs. CLE,W,240,43.0,92.0,0.467,12.0,32.0,0.375,20.0,21.0,0.952,13.0,32.0,45.0,30.0,5.0,8.0,11.0,20.0,118.0,11,1,1610612739,CLE,Cleveland Cavaliers,CLE @ BKN,L,40.0,82.0,0.488,8.0,27.0,0.296,19.0,24.0,0.792,10.0,21.0,31.0,19.0,4.0,4.0,9.0,20.0,107.0,-11,1,Regular Season,00,Cleveland,60,6,8,7,2,0,1,9,10,15,Brooklyn,44,25,10,17,1,11,11,9,18169.0,2:14,1
958,22021,1610612747,LAL,Los Angeles Lakers,0022101211,2022-04-08 00:00:00,LAL vs. OKC,W,240,41.0,82.0,0.5,9.0,31.0,0.29,29.0,39.0,0.744,7.0,38.0,45.0,23.0,8.0,4.0,10.0,17.0,120.0,19,1,1610612760,OKC,Oklahoma City Thunder,OKC @ LAL,L,40.0,88.0,0.455,6.0,29.0,0.207,15.0,19.0,0.789,9.0,35.0,44.0,21.0,5.0,3.0,14.0,26.0,101.0,-19,1,Regular Season,00,Oklahoma City,64,13,5,7,16,9,0,14,4,17,Los Angeles,58,12,21,21,1,10,10,11,18997.0,2:08,1
959,22021,1610612762,UTA,Utah Jazz,0022101210,2022-04-08 00:00:00,UTA vs. PHX,L,240,35.0,88.0,0.398,11.0,38.0,0.289,24.0,33.0,0.727,15.0,29.0,44.0,20.0,8.0,4.0,11.0,18.0,105.0,-6,1,1610612756,PHX,Phoenix Suns,PHX @ UTA,W,46.0,92.0,0.5,6.0,19.0,0.316,13.0,15.0,0.867,11.0,35.0,46.0,27.0,7.0,3.0,13.0,25.0,111.0,6,1,Regular Season,00,Utah,42,18,14,17,6,5,0,11,11,9,Phoenix,56,9,13,13,0,13,9,15,18306.0,2:19,0
960,22021,1610612742,DAL,Dallas Mavericks,0022101209,2022-04-08 00:00:00,DAL vs. POR,W,240,42.0,79.0,0.532,20.0,45.0,0.444,24.0,31.0,0.774,9.0,42.0,51.0,25.0,9.0,5.0,15.0,19.0,128.0,50,1,1610612757,POR,Portland Trail Blazers,POR @ DAL,L,31.0,83.0,0.373,7.0,32.0,0.219,9.0,12.0,0.75,5.0,24.0,29.0,20.0,9.0,2.0,17.0,23.0,78.0,-50,1,Regular Season,00,Dallas,42,20,14,54,0,0,1,15,11,14,Portland,44,5,7,0,1,17,8,24,20174.0,2:07,1
961,22021,1610612765,DET,Detroit Pistons,0022101203,2022-04-08 00:00:00,DET vs. MIL,L,240,35.0,90.0,0.389,10.0,48.0,0.208,21.0,23.0,0.913,9.0,34.0,43.0,27.0,6.0,5.0,14.0,22.0,101.0,-30,1,1610612749,MIL,Milwaukee Bucks,MIL @ DET,W,50.0,101.0,0.495,11.0,37.0,0.297,20.0,23.0,0.87,10.0,41.0,51.0,29.0,7.0,1.0,8.0,20.0,131.0,30,1,Regular Season,00,Milwaukee,72,17,2,32,0,1,1,8,8,11,Detroit,38,7,18,0,3,14,9,14,22088.0,2:06,0
962,22021,1610612741,CHI,Chicago Bulls,0022101208,2022-04-08 00:00:00,CHI vs. CHA,L,240,44.0,82.0,0.537,13.0,24.0,0.542,16.0,20.0,0.8,6.0,25.0,31.0,25.0,7.0,1.0,12.0,12.0,117.0,-16,1,1610612766,CHA,Charlotte Hornets,CHA @ CHI,W,52.0,86.0,0.605,19.0,40.0,0.475,10.0,10.0,1.0,8.0,30.0,38.0,34.0,7.0,4.0,11.0,21.0,133.0,16,1,Regular Season,00,Charlotte,62,14,23,37,1,1,0,11,1,17,Chicago,48,5,17,2,0,12,6,18,21461.0,2:01,0
963,22021,1610612748,MIA,Miami Heat,0022101207,2022-04-08 00:00:00,MIA vs. ATL,W,240,40.0,72.0,0.556,11.0,26.0,0.423,22.0,28.0,0.786,4.0,29.0,33.0,20.0,9.0,1.0,17.0,17.0,113.0,4,1,1610612737,ATL,Atlanta Hawks,ATL @ MIA,L,42.0,88.0,0.477,8.0,34.0,0.235,17.0,19.0,0.895,13.0,30.0,43.0,17.0,9.0,0.0,15.0,23.0,109.0,-4,1,Regular Season,00,Atlanta,42,20,12,7,17,9,1,15,4,16,Miami,48,9,15,5,0,17,6,22,19993.0,2:10,1
964,22021,1610612763,MEM,Memphis Grizzlies,0022101213,2022-04-09 00:00:00,MEM vs. NOP,W,240,53.0,90.0,0.589,18.0,35.0,0.514,17.0,23.0,0.739,13.0,35.0,48.0,41.0,6.0,9.0,19.0,24.0,141.0,27,1,1610612740,NOP,New Orleans Pelicans,NOP @ MEM,L,41.0,91.0,0.451,6.0,30.0,0.2,26.0,35.0,0.743,9.0,20.0,29.0,23.0,10.0,3.0,16.0,22.0,114.0,-27,1,Regular Season,00,New Orleans,56,17,12,1,6,2,0,16,18,25,Memphis,68,18,24,43,1,19,7,21,17207.0,2:11,1
965,22021,1610612755,PHI,Philadelphia 76ers,0022101214,2022-04-09 00:00:00,PHI vs. IND,W,240,50.0,90.0,0.556,12.0,34.0,0.353,21.0,27.0,0.778,14.0,28.0,42.0,37.0,14.0,3.0,15.0,24.0,133.0,13,1,1610612754,IND,Indiana Pacers,IND @ PHI,L,41.0,78.0,0.526,10.0,23.0,0.435,28.0,36.0,0.778,7.0,24.0,31.0,28.0,8.0,6.0,17.0,22.0,120.0,-13,1,Regular Season,00,Indiana,50,14,20,2,2,1,0,17,9,18,Philadelphia,64,23,11,21,1,15,9,19,21171.0,2:19,1
966,22021,1610612746,LAC,LA Clippers,0022101212,2022-04-09 00:00:00,LAC vs. SAC,W,240,42.0,86.0,0.488,21.0,43.0,0.488,12.0,15.0,0.8,10.0,38.0,48.0,29.0,7.0,3.0,17.0,22.0,117.0,19,1,1610612758,SAC,Sacramento Kings,SAC @ LAC,L,38.0,86.0,0.442,7.0,28.0,0.25,15.0,24.0,0.625,7.0,35.0,42.0,24.0,12.0,2.0,13.0,16.0,98.0,-19,1,Regular Season,00,LA,34,10,12,23,0,0,1,17,4,18,Sacramento,46,8,9,0,0,13,10,11,17568.0,2:09,1
967,22021,1610612757,POR,Portland Trail Blazers,0022101230,2022-04-10 00:00:00,POR vs. UTA,L,240,31.0,83.0,0.373,9.0,34.0,0.265,9.0,12.0,0.75,5.0,27.0,32.0,21.0,11.0,8.0,16.0,27.0,80.0,-31,1,1610612762,UTA,Utah Jazz,UTA @ POR,W,37.0,82.0,0.451,9.0,36.0,0.25,28.0,38.0,0.737,15.0,45.0,60.0,23.0,8.0,6.0,17.0,16.0,111.0,31,1,Regular Season,00,Portland,36,4,14,5,4,1,2,16,6,17,Utah,52,26,18,34,0,17,12,15,18123.0,2:19,0
968,22021,1610612746,LAC,LA Clippers,0022101222,2022-04-10 00:00:00,LAC vs. OKC,W,240,54.0,97.0,0.557,18.0,35.0,0.514,12.0,14.0,0.857,12.0,45.0,57.0,34.0,4.0,8.0,9.0,11.0,138.0,50,1,1610612760,OKC,Oklahoma City Thunder,OKC @ LAC,L,37.0,98.0,0.378,9.0,34.0,0.265,5.0,9.0,0.556,12.0,28.0,40.0,17.0,6.0,2.0,10.0,16.0,88.0,-50,1,Regular Season,00,Oklahoma City,50,14,9,0,0,1,2,10,6,15,LA,50,16,23,50,0,9,7,8,18210.0,1:53,1
969,22021,1610612742,DAL,Dallas Mavericks,0022101219,2022-04-10 00:00:00,DAL vs. SAS,W,240,46.0,85.0,0.541,20.0,36.0,0.556,18.0,23.0,0.783,10.0,33.0,43.0,34.0,5.0,3.0,16.0,16.0,130.0,10,1,1610612759,SAS,San Antonio Spurs,SAS @ DAL,L,43.0,89.0,0.483,11.0,31.0,0.355,23.0,23.0,1.0,7.0,28.0,35.0,26.0,15.0,3.0,8.0,17.0,120.0,-10,1,Regular Season,00,San Antonio,52,10,19,4,22,11,0,8,4,18,Dallas,48,11,14,21,0,16,8,21,20270.0,2:03,1
970,22021,1610612763,MEM,Memphis Grizzlies,0022101223,2022-04-10 00:00:00,MEM vs. BOS,L,240,39.0,102.0,0.382,15.0,47.0,0.319,17.0,27.0,0.63,19.0,26.0,45.0,27.0,11.0,6.0,10.0,16.0,110.0,-29,1,1610612738,BOS,Boston Celtics,BOS @ MEM,W,54.0,99.0,0.545,18.0,48.0,0.375,13.0,13.0,1.0,14.0,42.0,56.0,34.0,5.0,2.0,15.0,20.0,139.0,29,1,Regular Season,00,Memphis,42,26,22,0,0,0,0,10,8,12,Boston,68,24,15,33,0,15,9,14,17441.0,2:09,0
971,22021,1610612756,PHX,Phoenix Suns,0022101229,2022-04-10 00:00:00,PHX vs. SAC,L,240,42.0,103.0,0.408,14.0,47.0,0.298,11.0,15.0,0.733,18.0,32.0,50.0,27.0,9.0,7.0,11.0,25.0,109.0,-7,1,1610612758,SAC,Sacramento Kings,SAC @ PHX,W,40.0,76.0,0.526,14.0,26.0,0.538,22.0,30.0,0.733,2.0,38.0,40.0,26.0,9.0,7.0,15.0,18.0,116.0,7,1,Regular Season,00,Sacramento,44,6,4,19,0,0,1,15,12,15,Phoenix,48,24,9,0,1,11,7,19,17071.0,2:17,0
972,22021,1610612750,MIN,Minnesota Timberwolves,0022101224,2022-04-10 00:00:00,MIN vs. CHI,L,240,46.0,91.0,0.505,11.0,31.0,0.355,17.0,22.0,0.773,9.0,23.0,32.0,30.0,7.0,9.0,13.0,23.0,120.0,-4,1,1610612741,CHI,Chicago Bulls,CHI @ MIN,W,44.0,83.0,0.53,10.0,21.0,0.476,26.0,33.0,0.788,16.0,32.0,48.0,22.0,9.0,3.0,23.0,22.0,124.0,4,1,Regular Season,00,Chicago,56,20,15,28,2,0,2,23,9,28,Minnesota,64,16,16,1,0,13,7,14,17136.0,2:23,0
973,22021,1610612755,PHI,Philadelphia 76ers,0022101228,2022-04-10 00:00:00,PHI vs. DET,W,240,46.0,88.0,0.523,5.0,25.0,0.2,21.0,23.0,0.913,10.0,32.0,42.0,25.0,13.0,6.0,11.0,23.0,118.0,12,1,1610612765,DET,Detroit Pistons,DET @ PHI,L,38.0,83.0,0.458,11.0,34.0,0.324,19.0,29.0,0.655,15.0,27.0,42.0,26.0,4.0,4.0,20.0,16.0,106.0,-12,1,Regular Season,00,Detroit,46,19,12,7,15,8,1,20,11,27,Philadelphia,82,8,19,17,1,11,4,16,21459.0,2:09,1
974,22021,1610612753,ORL,Orlando Magic,0022101227,2022-04-10 00:00:00,ORL vs. MIA,W,240,45.0,91.0,0.495,23.0,58.0,0.397,12.0,14.0,0.857,6.0,42.0,48.0,33.0,4.0,3.0,10.0,16.0,125.0,14,1,1610612748,MIA,Miami Heat,MIA @ ORL,L,40.0,94.0,0.426,19.0,50.0,0.38,12.0,16.0,0.75,10.0,37.0,47.0,20.0,5.0,4.0,10.0,13.0,111.0,-14,1,Regular Season,00,Orlando,36,13,11,24,9,4,2,10,6,15,Miami,34,13,19,5,0,10,5,12,19253.0,1:56,1
975,22021,1610612752,NYK,New York Knicks,0022101226,2022-04-10 00:00:00,NYK vs. TOR,W,240,40.0,87.0,0.46,15.0,43.0,0.349,10.0,12.0,0.833,10.0,38.0,48.0,32.0,6.0,5.0,17.0,17.0,105.0,11,1,1610612761,TOR,Toronto Raptors,TOR @ NYK,L,36.0,92.0,0.391,12.0,42.0,0.286,10.0,11.0,0.909,9.0,34.0,43.0,27.0,10.0,2.0,14.0,17.0,94.0,-11,1,Regular Season,00,New York,48,12,17,14,6,5,2,17,6,18,Toronto,42,15,14,4,1,14,9,12,19812.0,2:00,1
976,22021,1610612751,BKN,Brooklyn Nets,0022101216,2022-04-10 00:00:00,BKN vs. IND,W,240,52.0,81.0,0.642,8.0,22.0,0.364,22.0,25.0,0.88,8.0,42.0,50.0,30.0,5.0,6.0,21.0,16.0,134.0,8,1,1610612754,IND,Indiana Pacers,IND @ BKN,L,47.0,104.0,0.452,19.0,46.0,0.413,13.0,19.0,0.684,11.0,19.0,30.0,32.0,16.0,1.0,7.0,23.0,126.0,-8,1,Regular Season,00,Brooklyn,74,19,18,18,0,2,1,21,5,27,Indiana,48,20,26,0,0,7,10,10,17967.0,2:16,1
977,22021,1610612745,HOU,Houston Rockets,0022101221,2022-04-10 00:00:00,HOU vs. ATL,L,240,41.0,89.0,0.461,17.0,46.0,0.37,15.0,20.0,0.75,6.0,28.0,34.0,24.0,4.0,4.0,8.0,19.0,114.0,-16,1,1610612737,ATL,Atlanta Hawks,ATL @ HOU,W,45.0,87.0,0.517,21.0,38.0,0.553,19.0,24.0,0.792,13.0,37.0,50.0,29.0,4.0,4.0,13.0,19.0,130.0,16,1,Regular Season,00,Atlanta,40,17,14,23,3,2,1,13,6,15,Houston,46,8,13,3,3,8,10,16,18055.0,2:11,0
978,22021,1610612739,CLE,Cleveland Cavaliers,0022101218,2022-04-10 00:00:00,CLE vs. MIL,W,240,51.0,94.0,0.543,19.0,38.0,0.5,12.0,17.0,0.706,10.0,38.0,48.0,39.0,5.0,5.0,12.0,26.0,133.0,18,1,1610612749,MIL,Milwaukee Bucks,MIL @ CLE,L,39.0,88.0,0.443,12.0,30.0,0.4,25.0,32.0,0.781,8.0,33.0,41.0,27.0,7.0,2.0,12.0,14.0,115.0,-18,1,Regular Season,00,Cleveland,64,15,27,40,0,0,2,12,5,13,Milwaukee,48,10,11,0,0,12,10,17,19432.0,2:06,1
979,22021,1610612743,DEN,Denver Nuggets,0022101220,2022-04-10 00:00:00,DEN vs. LAL,L,265,49.0,100.0,0.49,15.0,47.0,0.319,28.0,36.0,0.778,11.0,34.0,45.0,33.0,10.0,7.0,14.0,34.0,141.0,-5,1,1610612747,LAL,Los Angeles Lakers,LAL @ DEN,W,44.0,94.0,0.468,16.0,43.0,0.372,42.0,47.0,0.894,13.0,37.0,50.0,26.0,4.0,6.0,13.0,24.0,146.0,5,1,Regular Season,00,Denver,54,8,21,17,17,10,0,14,11,16,Los Angeles,52,16,21,8,0,13,8,21,19520.0,2:49,0
